asset_id,date,predicted_RUL_min,predicted_RUL_mean,predicted_RUL_max,failure_prob_max,failure_prob_mean,failure_flags,risk_score_max,risk_score_mean,actual_RUL_min,actual_failure_count,is_during_failure_count,readings_count,wind_speed_mean,power_mean,temp_spread_mean,health_status,maintenance_urgency,nearest_failure_type
0,2022-01-01,170.73976,178.07668,180.0,0.00063655875,0.00020689644,0,5.1,1.0652777,180.0,0,0,144,4.969444444444445,0.1373861788617886,1115.8902777777778,Healthy,No Action,Healthy
0,2022-01-02,164.03522,172.77084,180.0,0.00044153922,0.00018810126,0,8.9,4.017361,180.0,0,0,144,3.9124999999999996,0.11440650406504067,612.4312500000001,Healthy,No Action,Healthy
0,2022-01-03,172.97462,177.5177,180.0,0.00039800414,9.015229e-05,0,3.9,1.3791667,180.0,0,0,144,5.493055555555555,0.28255318428184284,854.0027777777777,Healthy,No Action,Healthy
0,2022-01-04,173.57155,176.85806,180.0,0.00022681727,9.324563e-05,0,3.6,1.7430556,180.0,0,0,144,9.082638888888889,0.6291852981029811,1586.5756944444445,Healthy,No Action,Healthy
0,2022-01-05,172.79562,178.63033,180.0,0.000118135846,3.9931765e-05,0,4.0,0.76180553,180.0,0,0,144,9.253472222222221,0.6066869918699187,1579.5423611111112,Healthy,No Action,Healthy
0,2022-01-06,176.85231,179.48764,180.0,4.799446e-05,1.3240288e-05,0,1.7,0.28333333,180.0,0,0,144,2.798611111111111,0.018159891598916,528.1263888888889,Healthy,No Action,Healthy
0,2022-01-07,173.98808,177.76338,180.0,0.0001168713,7.763005e-05,0,3.3,1.2423611,180.0,0,0,144,3.413888888888889,0.023290989159891588,762.8951388888888,Healthy,No Action,Healthy
0,2022-01-08,176.3362,179.36252,180.0,0.0001148234,4.2660362e-05,0,2.0,0.3548611,180.0,0,0,144,4.695138888888889,0.13993766937669375,906.5493055555556,Healthy,No Action,Healthy
0,2022-01-09,176.20763,179.0813,180.0,7.903178e-05,4.2108724e-05,0,2.1,0.5083333,180.0,0,0,144,6.512499999999999,0.2977110433604336,1357.820138888889,Healthy,No Action,Healthy
0,2022-01-10,175.67204,178.65933,180.0,5.661135e-05,2.5534948e-05,0,2.4,0.7423611,180.0,0,0,144,7.991666666666666,0.4879193766937669,1491.173611111111,Healthy,No Action,Healthy
0,2022-01-11,174.30948,177.92438,180.0,3.7734884e-05,1.5414676e-05,0,3.2,1.1527778,180.0,0,0,144,8.746527777777779,0.5924989837398374,1299.611111111111,Healthy,No Action,Healthy
0,2022-01-12,173.80144,179.19952,180.0,3.029143e-05,8.62987e-06,0,3.4,0.44305554,180.0,0,0,144,3.8055555555555554,0.05902134146341463,726.5284722222223,Healthy,No Action,Healthy
0,2022-01-13,177.44461,179.57326,180.0,2.4484147e-05,9.2791715e-06,0,1.4,0.2361111,180.0,0,0,144,7.472222222222222,0.44734620596205965,1403.1840277777778,Healthy,No Action,Healthy
0,2022-01-14,177.97043,179.76768,180.0,1.0926008e-05,4.4545554e-06,0,1.1,0.12916666,180.0,0,0,144,4.084722222222222,0.0654952574525745,915.7381944444444,Healthy,No Action,Healthy
0,2022-01-15,175.50862,179.08429,180.0,4.4443183e-05,1.5463573e-05,0,2.5,0.5076389,180.0,0,0,144,5.179166666666666,0.15718292682926827,1079.677777777778,Healthy,No Action,Healthy
0,2022-01-16,175.63538,177.60431,180.0,5.1804098e-05,1.9413423e-05,0,2.4,1.3319445,180.0,0,0,144,5.301388888888889,0.19839058265582654,1063.9812499999998,Healthy,No Action,Healthy
0,2022-01-17,175.56993,178.01112,180.0,3.8621307e-05,2.0122116e-05,0,2.5,1.1069444,180.0,0,0,144,8.015277777777778,0.5248512872628726,1458.038888888889,Healthy,No Action,Healthy
0,2022-01-18,178.07358,179.86113,180.0,8.263506e-06,3.529527e-06,0,1.1,0.07569444,180.0,0,0,144,3.372916666666667,0.020133130081300823,606.7916666666666,Healthy,No Action,Healthy
0,2022-01-19,176.73506,179.07309,180.0,1.7732647e-05,6.9218795e-06,0,1.8,0.51666665,180.0,0,0,144,2.4361111111111113,0.0015528455284553057,363.43819444444443,Healthy,No Action,Healthy
0,2022-01-20,173.60828,176.98085,179.86922,1.673653e-05,5.8240394e-06,0,3.6,1.6770834,180.0,0,0,144,3.808333333333333,0.06856571815718158,694.98125,Healthy,No Action,Healthy
0,2022-01-21,174.88374,177.13036,179.26373,3.0337862e-06,1.953351e-06,0,2.8,1.5881944,180.0,0,0,144,2.158333333333333,3.5907859078626406e-05,190.425,Healthy,No Action,Healthy
0,2022-01-22,174.18353,178.06958,180.0,2.9276175e-06,1.2548231e-06,0,3.2,1.0708333,180.0,0,0,144,3.5284722222222222,0.05584722222222224,549.0013888888889,Healthy,No Action,Healthy
0,2022-01-23,174.57047,178.26512,180.0,1.4348735e-06,8.409843e-07,0,3.0,0.9597222,180.0,0,0,144,7.902083333333334,0.4737926829268293,1516.6819444444445,Healthy,No Action,Healthy
0,2022-01-24,179.57536,179.98392,180.0,1.4605862e-06,7.5744094e-07,0,0.2,0.007638889,180.0,0,0,144,6.3069444444444445,0.2514014227642276,1380.0048611111113,Healthy,No Action,Healthy
0,2022-01-25,175.29828,178.82074,180.0,1.8635816e-06,1.0590296e-06,0,2.6,0.6590278,180.0,0,0,144,5.228472222222222,0.15549796747967476,1129.9604166666666,Healthy,No Action,Healthy
0,2022-01-26,178.07251,179.98662,180.0,1.0826184e-06,5.148401e-07,0,1.1,0.007638889,180.0,0,0,144,2.579861111111111,0.013258807588075898,427.6590277777778,Healthy,No Action,Healthy
0,2022-01-27,179.9381,179.99957,180.0,6.812388e-07,3.1393637e-07,0,0.0,0.0,180.0,0,0,144,2.177777777777778,-0.0018665311653116117,134.2263888888889,Healthy,No Action,Healthy
0,2022-01-28,177.6349,179.77802,180.0,8.4909044e-07,4.4999604e-07,0,1.3,0.124305554,180.0,0,0,144,2.720833333333333,0.002620596205962093,360.9604166666667,Healthy,No Action,Healthy
0,2022-01-29,177.9733,179.71243,180.0,6.4753243e-07,3.32376e-07,0,1.1,0.1625,180.0,0,0,144,2.704861111111111,0.006365853658536603,438.18541666666664,Healthy,No Action,Healthy
0,2022-01-30,178.01648,179.83044,180.0,6.296105e-07,2.2282438e-07,0,1.1,0.09375,180.0,0,0,144,2.5909722222222222,0.005428523035230389,253.60625000000002,Healthy,No Action,Healthy
0,2022-01-31,178.21744,179.73938,180.0,9.5685e-07,5.2293655e-07,0,1.0,0.14513889,180.0,0,0,144,3.4583333333333335,0.03357384823848239,699.254861111111,Healthy,No Action,Healthy
0,2022-02-01,175.99638,178.98813,180.0,1.2319998e-06,5.190879e-07,0,2.2,0.56388885,180.0,0,0,144,2.6875,0.008623306233062355,402.5451388888889,Healthy,No Action,Healthy
0,2022-02-02,175.84799,179.03052,180.0,8.538196e-07,4.7191392e-07,0,2.3,0.53680557,180.0,0,0,144,3.5687499999999996,0.031491869918699185,762.59375,Healthy,No Action,Healthy
0,2022-02-03,180.0,180.0,180.0,5.8738e-07,2.6259357e-07,0,0.0,0.0,180.0,0,0,144,2.70625,0.03275575880758811,349.89652777777775,Healthy,No Action,Healthy
0,2022-02-04,176.62085,179.68466,180.0,1.6657857e-06,8.4146876e-07,0,1.9,0.17708333,180.0,0,0,144,12.277777777777779,0.8666585365853658,1645.78125,Healthy,No Action,Healthy
0,2022-02-05,177.23692,179.26247,180.0,3.7739565e-06,1.2814029e-06,0,1.5,0.40555558,180.0,0,0,144,10.172916666666667,0.7100918021680216,1568.9958333333334,Healthy,No Action,Healthy
0,2022-02-06,177.26683,178.97412,180.0,1.515933e-06,4.4167825e-07,0,1.5,0.56875,180.0,0,0,144,5.915972222222222,0.22895291327913275,1221.0638888888889,Healthy,No Action,Healthy
0,2022-02-07,176.24257,179.02087,180.0,4.101101e-06,1.7085729e-06,0,2.1,0.54444444,180.0,0,0,144,7.393055555555555,0.4136161924119241,1455.9347222222223,Healthy,No Action,Healthy
0,2022-02-08,178.46997,179.83508,180.0,9.341802e-07,2.9241042e-07,0,0.9,0.094444446,180.0,0,0,144,3.964583333333333,0.04348069105691056,872.8354166666667,Healthy,No Action,Healthy
0,2022-02-09,178.6855,179.936,180.0,1.2597828e-06,6.455795e-07,0,0.7,0.035416666,180.0,0,0,144,5.977777777777778,0.25851659891598916,1225.023611111111,Healthy,No Action,Healthy
0,2022-02-10,180.0,180.0,180.0,1.135098e-06,6.0736465e-07,0,0.0,0.0,180.0,0,0,144,6.626388888888889,0.28846172086720867,1413.9402777777777,Healthy,No Action,Healthy
0,2022-02-11,180.0,180.0,180.0,2.2044694e-06,9.637112e-07,0,0.0,0.0,180.0,0,0,144,7.544444444444445,0.4180707994579945,1494.677777777778,Healthy,No Action,Healthy
0,2022-02-12,180.0,180.0,180.0,4.901112e-07,1.9646092e-07,0,0.0,0.0,180.0,0,0,144,6.980555555555556,0.3929044715447154,1374.0083333333334,Healthy,No Action,Healthy
0,2022-02-13,180.0,180.0,180.0,7.6251405e-07,4.0281168e-07,0,0.0,0.0,180.0,0,0,144,8.443055555555555,0.5485829945799457,1546.4715277777777,Healthy,No Action,Healthy
0,2022-02-14,180.0,180.0,180.0,1.8603889e-06,9.2013346e-07,0,0.0,0.0,180.0,0,0,144,12.974305555555555,0.8818976964769648,1642.5069444444443,Healthy,No Action,Healthy
0,2022-02-15,180.0,180.0,180.0,2.2772854e-06,6.381593e-07,0,0.0,0.0,180.0,0,0,144,7.939583333333333,0.5015972222222222,1501.4631944444445,Healthy,No Action,Healthy
0,2022-02-16,180.0,180.0,180.0,1.8218448e-06,6.957782e-07,0,0.0,0.0,180.0,0,0,144,7.190972222222222,0.395465108401084,1404.3625000000002,Healthy,No Action,Healthy
0,2022-02-17,175.92912,179.13313,180.0,9.920748e-07,3.7095356e-07,0,2.3,0.48333332,180.0,0,0,144,3.591666666666667,0.055413617886178865,636.9645833333333,Healthy,No Action,Healthy
0,2022-02-18,178.22421,179.73903,180.0,1.3048012e-06,6.395898e-07,0,1.0,0.14305556,180.0,0,0,144,4.827083333333333,0.10989058265582652,1209.6861111111111,Healthy,No Action,Healthy
0,2022-02-19,177.749,179.75781,180.0,1.418948e-06,7.945547e-07,0,1.3,0.13402778,180.0,0,0,144,6.972222222222222,0.38714397018970187,1296.236111111111,Healthy,No Action,Healthy
0,2022-02-20,177.67484,179.72308,180.0,2.704884e-06,1.2512322e-06,0,1.3,0.15277778,180.0,0,0,144,11.176388888888889,0.8396253387533875,1641.0708333333334,Healthy,No Action,Healthy
0,2022-02-21,175.64563,179.39041,180.0,1.4337859e-06,8.640202e-07,0,2.4,0.34097224,180.0,0,0,144,10.804861111111112,0.7740176151761519,1635.2930555555556,Healthy,No Action,Healthy
0,2022-02-22,175.48181,179.02988,180.0,7.815119e-07,2.5761236e-07,0,2.5,0.54097223,180.0,0,0,144,4.199305555555556,0.1043560298102981,853.6479166666667,Healthy,No Action,Healthy
0,2022-02-23,179.1515,179.94765,180.0,1.4306527e-06,5.6511425e-07,0,0.5,0.030555556,180.0,0,0,144,3.6902777777777778,0.03467310298102981,777.9486111111112,Healthy,No Action,Healthy
0,2022-02-24,176.97786,179.36168,180.0,9.701763e-07,3.966753e-07,0,1.7,0.35416666,180.0,0,0,144,5.230555555555556,0.16788685636856368,1141.9166666666667,Healthy,No Action,Healthy
0,2022-02-25,177.52164,179.22116,180.0,1.8268502e-06,1.0891716e-06,0,1.4,0.43472221,180.0,0,0,144,5.698611111111111,0.1906290650406504,1278.0034722222222,Healthy,No Action,Healthy
0,2022-02-26,179.74503,179.99767,180.0,1.2969494e-06,5.467914e-07,0,0.1,0.00069444446,180.0,0,0,144,7.102777777777778,0.4348407859078591,1160.0541666666666,Healthy,No Action,Healthy
0,2022-02-27,179.48022,179.98973,180.0,2.339999e-06,9.554911e-07,0,0.3,0.004861111,180.0,0,0,144,11.086805555555555,0.8504793360433605,1641.6722222222222,Healthy,No Action,Healthy
0,2022-02-28,180.0,180.0,180.0,1.2775181e-06,7.851336e-07,0,0.0,0.0,180.0,0,0,144,8.792361111111111,0.602775406504065,1561.2611111111112,Healthy,No Action,Healthy
0,2022-03-01,177.40532,179.16307,180.0,1.0892578e-06,4.225663e-07,0,1.4,0.46249998,180.0,0,0,144,4.372916666666667,0.07465853658536584,978.4868055555556,Healthy,No Action,Healthy
0,2022-03-02,179.08752,179.88367,180.0,1.9504182e-06,6.5569833e-07,0,0.5,0.065714285,180.0,0,0,140,3.6314285714285712,0.045168989547038345,513.1614285714286,Healthy,No Action,Healthy
0,2022-03-03,178.85248,179.8857,180.0,6.810699e-07,2.9423705e-07,0,0.6,0.0625,180.0,0,0,144,2.772222222222222,0.031389227642276446,436.9215277777778,Healthy,No Action,Healthy
0,2022-03-04,177.21805,179.22691,180.0,7.206646e-07,3.7941928e-07,0,1.5,0.42777777,180.0,0,0,144,3.591666666666667,0.039815379403794024,843.6229166666667,Healthy,No Action,Healthy
0,2022-03-05,172.78448,176.95479,179.86661,6.447097e-07,2.7182426e-07,0,4.0,1.6902777,180.0,0,0,144,3.863888888888889,0.08306334688346885,701.5347222222222,Healthy,No Action,Healthy
0,2022-03-06,173.53015,176.71759,180.0,9.411095e-07,3.6146108e-07,0,3.6,1.8194444,180.0,0,0,144,7.991666666666666,0.47692852303523037,1531.3111111111111,Healthy,No Action,Healthy
0,2022-03-07,177.18195,179.59946,180.0,4.269916e-07,2.1935436e-07,0,1.6,0.22222222,180.0,0,0,144,5.579861111111111,0.16129302168021675,1313.7270833333334,Healthy,No Action,Healthy
0,2022-03-08,177.75179,179.82741,180.0,4.0843224e-07,1.8904102e-07,0,1.2,0.09583333,180.0,0,0,144,7.54236111111111,0.4010067750677507,1390.7083333333333,Healthy,No Action,Healthy
0,2022-03-09,179.12288,179.97278,180.0,1.1844502e-06,4.0762293e-07,0,0.5,0.015972221,180.0,0,0,144,4.108333333333333,0.06662499999999999,917.5250000000001,Healthy,No Action,Healthy
0,2022-03-10,180.0,180.0,180.0,9.20759e-07,4.4578303e-07,0,0.0,0.0,180.0,0,0,144,4.954166666666667,0.21616395663956642,830.7625,Healthy,No Action,Healthy
0,2022-03-11,178.8153,179.9798,180.0,1.49454e-06,6.372054e-07,0,0.7,0.01111111,180.0,0,0,144,5.898611111111111,0.22773441734417343,1237.834027777778,Healthy,No Action,Healthy
0,2022-03-12,178.51028,179.7812,180.0,1.3840613e-06,5.9227455e-07,0,0.8,0.11944445,180.0,0,0,144,2.9965277777777777,0.014505420054200552,522.0770833333333,Healthy,No Action,Healthy
0,2022-03-13,177.91606,179.66425,180.0,1.5189257e-06,4.8594643e-07,0,1.2,0.18472223,180.0,0,0,144,3.401388888888889,0.032506775067750696,553.4263888888888,Healthy,No Action,Healthy
0,2022-03-14,179.76567,179.99837,180.0,6.8932553e-07,3.180866e-07,0,0.1,0.00069444446,180.0,0,0,144,3.3055555555555554,0.01904878048780488,652.3743055555556,Healthy,No Action,Healthy
0,2022-03-15,177.81932,179.62102,180.0,4.6030138e-07,2.3311071e-07,0,1.2,0.20902778,180.0,0,0,144,3.3243055555555556,0.023300813008130083,688.4194444444444,Healthy,No Action,Healthy
0,2022-03-16,178.69897,179.93077,180.0,5.8249276e-07,2.458483e-07,0,0.7,0.038194444,180.0,0,0,144,3.6277777777777778,0.09211111111111113,603.6583333333333,Healthy,No Action,Healthy
0,2022-03-17,178.23392,179.88213,180.0,1.0282668e-06,5.2695196e-07,0,1.0,0.06527778,180.0,0,0,144,4.814583333333333,0.10630724932249319,1120.8256944444445,Healthy,No Action,Healthy
0,2022-03-18,179.41132,179.98822,180.0,5.4818456e-06,1.6792812e-06,0,0.3,0.0055555557,180.0,0,0,144,2.7805555555555554,0.013528794037940396,490.5368055555556,Healthy,No Action,Healthy
0,2022-03-19,179.10164,179.99222,180.0,4.000029e-06,2.2941958e-06,0,0.5,0.004166667,180.0,0,0,144,2.697222222222222,0.020146002710027127,427.93125,Healthy,No Action,Healthy
0,2022-03-20,176.1261,179.56259,180.0,1.5194736e-05,6.68315e-06,0,2.2,0.24374999,180.0,0,0,144,4.171527777777778,0.0810460704607046,864.004861111111,Healthy,No Action,Healthy
0,2022-03-21,178.42848,179.81033,180.0,7.4342224e-06,4.7475123e-06,0,0.9,0.10486111,180.0,0,0,144,3.9916666666666663,0.06515243902439025,732.8201388888889,Healthy,No Action,Healthy
0,2022-03-22,178.06569,179.11589,180.0,9.167434e-06,6.19769e-06,0,1.1,0.49166667,180.0,0,0,144,3.7902777777777774,0.05664092140921409,752.9902777777778,Healthy,No Action,Healthy
0,2022-03-23,175.33206,179.1964,180.0,1.0163908e-05,4.811015e-06,0,2.6,0.44930553,180.0,0,0,144,5.034027777777777,0.1918160569105691,915.5374999999999,Healthy,No Action,Healthy
0,2022-03-24,177.12193,178.87137,180.0,1.2214438e-05,6.3304656e-06,0,1.6,0.62708336,180.0,0,0,144,4.762499999999999,0.09656605691056908,1158.079861111111,Healthy,No Action,Healthy
0,2022-03-25,179.23299,179.95554,180.0,4.0057057e-06,2.2336399e-06,0,0.4,0.025,180.0,0,0,144,3.384027777777778,0.08723543360433605,588.4027777777778,Healthy,No Action,Healthy
0,2022-03-26,178.77322,179.81894,180.0,5.8223955e-06,3.449279e-06,0,0.7,0.101388894,180.0,0,0,144,4.786111111111111,0.10111246612466122,1111.929861111111,Healthy,No Action,Healthy
0,2022-03-27,178.59132,179.84656,180.0,7.228595e-06,3.4439133e-06,0,0.8,0.083333336,180.0,0,0,144,3.938888888888889,0.06845392953929538,816.4993055555556,Healthy,No Action,Healthy
0,2022-03-28,177.44997,179.65259,180.0,8.72367e-06,5.914407e-06,0,1.4,0.19275363,180.0,0,0,138,4.4021739130434785,0.06031919406150582,920.3123188405798,Healthy,No Action,Healthy
0,2022-03-29,180.0,180.0,180.0,5.809943e-06,2.64228e-06,0,0.0,0.0,180.0,0,0,144,3.724305555555555,0.06012093495934959,808.8569444444444,Healthy,No Action,Healthy
0,2022-03-30,177.33185,179.85526,180.0,2.7880965e-06,1.6220453e-06,0,1.5,0.08125,180.0,0,0,144,2.154166666666667,0.0018712737127371598,251.13888888888889,Healthy,No Action,Healthy
0,2022-03-31,176.98756,179.64238,180.0,4.321536e-06,2.460201e-06,0,1.7,0.19999999,180.0,0,0,144,3.574305555555556,0.04737872628726289,598.8534722222222,Healthy,No Action,Healthy
0,2022-04-01,178.21074,179.75636,180.0,8.979608e-06,2.710776e-06,0,1.0,0.13541667,180.0,0,0,144,7.463888888888889,0.4132120596205962,1439.665972222222,Healthy,No Action,Healthy
0,2022-04-02,179.90031,179.99931,180.0,2.2602983e-06,1.395117e-06,0,0.1,0.00069444446,180.0,0,0,144,4.526388888888889,0.08989058265582654,1048.2222222222222,Healthy,No Action,Healthy
0,2022-04-03,178.28397,179.88654,180.0,2.7394526e-06,1.5387409e-06,0,1.0,0.0625,180.0,0,0,144,3.2826388888888887,0.022264227642276438,611.9458333333333,Healthy,No Action,Healthy
0,2022-04-04,179.7151,179.99348,180.0,1.9998402e-06,1.0012886e-06,0,0.2,0.004166667,180.0,0,0,144,3.5847222222222226,0.05824220867208672,685.2652777777778,Healthy,No Action,Healthy
0,2022-04-05,178.69394,179.98816,180.0,1.5958512e-06,1.076964e-06,0,0.7,0.0069444445,180.0,0,0,144,9.115972222222222,0.6102977642276423,1460.7659722222222,Healthy,No Action,Healthy
0,2022-04-06,180.0,180.0,180.0,1.5796692e-06,4.077089e-07,0,0.0,0.0,180.0,0,0,144,7.308333333333334,0.4038268970189702,1459.665972222222,Healthy,No Action,Healthy
0,2022-04-07,178.40138,179.9672,180.0,1.3914753e-06,5.749609e-07,0,0.9,0.017361112,180.0,0,0,144,3.334027777777778,0.04050203252032521,628.5534722222222,Healthy,No Action,Healthy
0,2022-04-08,178.94638,179.95746,180.0,2.9995426e-06,1.0674553e-06,0,0.6,0.023611112,180.0,0,0,144,2.9659722222222222,0.032856029810298115,524.6541666666667,Healthy,No Action,Healthy
0,2022-04-09,178.84492,179.91008,180.0,2.8458207e-06,9.539209e-07,0,0.6,0.04930556,180.0,0,0,144,4.291666666666667,0.11461111111111112,824.5423611111112,Healthy,No Action,Healthy
0,2022-04-10,177.23894,179.92448,180.0,2.7380734e-06,1.1145546e-06,0,1.5,0.041666668,180.0,0,0,144,3.640277777777778,0.05117615176151763,636.8923611111111,Healthy,No Action,Healthy
0,2022-04-11,178.93596,179.93706,180.0,2.882119e-06,1.6211312e-06,0,0.6,0.036111113,180.0,0,0,144,4.385416666666667,0.09181334688346882,994.251388888889,Healthy,No Action,Healthy
0,2022-04-12,177.66856,179.74174,180.0,6.2787312e-06,2.518874e-06,0,1.3,0.14375001,180.0,0,0,144,5.868055555555555,0.20537262872628725,1306.2833333333333,Healthy,No Action,Healthy
0,2022-04-13,180.0,180.0,180.0,8.27524e-06,4.022847e-06,0,0.0,0.0,180.0,0,0,144,6.728472222222222,0.3187340785907859,1415.2465277777778,Healthy,No Action,Healthy
0,2022-04-14,180.0,180.0,180.0,3.769011e-06,1.7654451e-06,0,0.0,0.0,180.0,0,0,144,4.36875,0.09018055555555554,946.7729166666666,Healthy,No Action,Healthy
0,2022-04-15,178.28612,179.93001,180.0,2.6178984e-06,1.5464643e-06,0,1.0,0.039583333,180.0,0,0,144,2.6444444444444444,0.01786856368563687,445.5222222222222,Healthy,No Action,Healthy
0,2022-04-16,179.46826,179.99536,180.0,4.9090822e-06,1.4497704e-06,0,0.3,0.0027777778,180.0,0,0,144,4.53125,0.15902472899728998,811.4527777777778,Healthy,No Action,Healthy
0,2022-04-17,175.19348,179.4399,180.0,0.0003031479,4.3393742e-05,0,2.7,0.31180558,180.0,0,0,144,7.147916666666666,0.35321443089430893,1457.7701388888888,Healthy,No Action,Healthy
0,2022-04-18,175.28268,179.06516,180.0,3.60569e-05,1.6691949e-05,0,2.6,0.5201389,180.0,0,0,144,4.415972222222222,0.06790752032520322,1076.2354166666667,Healthy,No Action,Healthy
0,2022-04-19,173.79486,178.50995,180.0,9.891465e-05,3.8187893e-05,0,3.4,0.82708335,180.0,0,0,144,7.798611111111111,0.4755904471544716,1155.2777777777778,Healthy,No Action,Healthy
0,2022-04-20,172.20345,177.75787,180.0,4.4345135e-05,1.41122355e-05,0,4.3,1.2409722,180.0,0,0,144,7.878472222222222,0.47921375338753386,1350.0090277777776,Healthy,No Action,Healthy
0,2022-04-21,176.29486,179.24661,180.0,2.8465309e-05,6.3105267e-06,0,2.1,0.42083332,180.0,0,0,144,5.229166666666667,0.18029065040650405,1079.107638888889,Healthy,No Action,Healthy
0,2022-04-22,172.99736,178.34334,180.0,3.1032203e-05,1.0626597e-05,0,3.9,0.91805553,180.0,0,0,144,2.9715277777777778,0.017611788617886207,426.7576388888889,Healthy,No Action,Healthy
0,2022-04-23,166.15405,175.28932,180.0,4.26493e-05,1.86967e-05,0,7.7,2.6145833,180.0,0,0,144,2.808333333333333,0.010875338753387555,465.51666666666665,Healthy,No Action,Healthy
0,2022-04-24,166.52182,176.3744,180.0,8.566115e-05,2.486444e-05,0,7.5,2.0121212,180.0,0,0,198,4.161111111111111,0.10954890367085489,788.7287878787878,Healthy,No Action,Healthy
0,2022-04-25,167.0463,176.7684,180.0,0.0001980346,5.071831e-05,0,7.2,1.7958333,180.0,0,0,288,4.8493055555555555,0.150067581300813,983.514236111111,Healthy,No Action,Healthy
0,2022-04-26,166.10751,177.15013,180.0,0.0002478737,5.47118e-05,0,7.7,1.5822917,180.0,0,0,288,5.064236111111111,0.13820985772357722,1094.5600694444445,Healthy,No Action,Healthy
0,2022-04-27,163.91425,175.5975,180.0,0.0051477854,0.0009105852,0,8.9,2.4472222,180.0,0,0,288,3.969097222222222,0.06325101626016259,848.0767361111111,Healthy,No Action,Healthy
0,2022-04-28,157.88765,171.45346,180.0,0.008210214,0.0027837376,0,12.3,4.748958,180.0,0,0,288,3.525347222222222,0.04083418021680217,700.7326388888889,Healthy,No Action,Healthy
0,2022-04-29,160.8454,172.38254,179.9181,0.018436378,0.0011158582,0,10.6,4.233333,180.0,0,0,288,5.737152777777777,0.19980775745257454,826.8510416666667,Healthy,No Action,Healthy
0,2022-04-30,168.57022,178.22772,180.0,0.00033989636,6.7918925e-05,0,6.3,0.98402774,180.0,0,0,288,6.272222222222222,0.18682198509485098,660.8916666666667,Healthy,No Action,Healthy
0,2022-05-01,172.51465,178.3138,180.0,0.00064595207,5.368532e-05,0,4.2,0.9375,180.0,0,0,288,6.2125,0.23183011517615176,929.4451388888889,Healthy,No Action,Healthy
0,2022-05-02,173.80157,179.13768,180.0,0.0010012172,7.180038e-05,0,3.4,0.47708333,180.0,0,0,288,10.074652777777779,0.6813687330623306,1529.037152777778,Healthy,No Action,Healthy
0,2022-05-03,156.92203,176.3909,180.0,0.017672429,0.002076519,0,12.8,2.0041666,180.0,0,0,288,13.169791666666667,0.9346310975609755,1653.1604166666666,Healthy,No Action,Healthy
0,2022-05-04,171.7529,178.44536,180.0,0.003125636,0.00037704693,0,4.6,0.8642361,180.0,0,0,288,12.656944444444443,0.8943865176151762,1643.650347222222,Healthy,No Action,Healthy
0,2022-05-05,169.14153,178.70311,180.0,5.8957153e-06,1.9914676e-06,0,6.0,0.7222222,180.0,0,0,288,10.054513888888888,0.6941273712737127,1577.0364583333333,Healthy,No Action,Healthy
0,2022-05-06,174.75282,179.44559,180.0,1.946455e-05,3.4670172e-06,0,2.9,0.30868056,180.0,0,0,288,7.206597222222222,0.37298577235772357,1405.4965277777778,Healthy,No Action,Healthy
0,2022-05-07,167.39569,178.10713,180.0,3.337148e-05,1.049508e-05,0,7.0,1.0520834,180.0,0,0,288,5.263194444444444,0.14799085365853656,1178.9618055555557,Healthy,No Action,Healthy
0,2022-05-08,173.99124,179.74876,180.0,1.48956615e-05,2.192498e-06,0,3.3,0.1388889,180.0,0,0,288,7.094444444444445,0.3822288279132791,1331.2697916666666,Healthy,No Action,Healthy
0,2022-05-09,172.13371,177.821,180.0,1.7398183e-05,4.4136405e-06,0,4.4,1.2125001,180.0,0,0,288,8.794444444444444,0.5749888211382114,1536.0458333333333,Healthy,No Action,Healthy
0,2022-05-10,172.12648,179.12755,180.0,5.8927417e-06,1.909221e-06,0,4.4,0.48402774,180.0,0,0,288,7.624652777777778,0.42037161246612464,1460.6413194444444,Healthy,No Action,Healthy
0,2022-05-11,174.30281,178.6075,180.0,6.3500656e-06,2.1811127e-06,0,3.2,0.7722222,180.0,0,0,288,7.163194444444445,0.36086890243902436,1434.3006944444444,Healthy,No Action,Healthy
0,2022-05-12,172.04475,179.25462,180.0,2.8212924e-06,7.594352e-07,0,4.4,0.41354167,180.0,0,0,288,7.391319444444444,0.39306334688346883,1449.6697916666667,Healthy,No Action,Healthy
0,2022-05-13,170.69838,177.36995,180.0,2.3355265e-06,8.44735e-07,0,5.2,1.4607639,180.0,0,0,288,7.244791666666667,0.3688272357723577,1422.5239583333334,Healthy,No Action,Healthy
0,2022-05-14,170.95647,175.95767,180.0,1.4824612e-06,5.9139313e-07,0,5.0,2.2427084,180.0,0,0,288,5.790277777777778,0.20468411246612464,1244.4333333333334,Healthy,No Action,Healthy
0,2022-05-15,170.44505,176.7425,180.0,6.9326137e-07,2.0261506e-07,0,5.3,1.8093749,180.0,0,0,288,3.995833333333333,0.07929014227642275,862.7385416666667,Healthy,No Action,Healthy
0,2022-05-16,171.7959,178.78264,180.0,7.249163e-07,2.1187736e-07,0,4.6,0.67604166,180.0,0,0,288,3.134027777777778,0.037709857723577246,520.5729166666666,Healthy,No Action,Healthy
0,2022-05-17,174.97325,179.45883,180.0,2.3670552e-07,1.2490173e-07,0,2.8,0.30069444,180.0,0,0,288,5.879513888888889,0.28791107723577236,990.2583333333334,Healthy,No Action,Healthy
0,2022-05-18,166.1998,177.8545,180.0,3.984347e-06,8.0866016e-07,0,7.7,1.1934028,180.0,0,0,288,7.3604166666666675,0.40992428861788616,1354.2614583333334,Healthy,No Action,Healthy
0,2022-05-19,159.76363,176.12926,180.0,1.8012774e-06,5.208007e-07,0,11.2,2.1524305,180.0,0,0,288,4.580555555555556,0.14024000677506776,867.7583333333333,Healthy,No Action,Healthy
0,2022-05-20,156.37135,175.07816,180.0,2.272194e-06,9.4109026e-07,0,13.1,2.731559,180.0,0,0,263,4.977186311787072,0.20473745710841137,865.6897338403041,Healthy,No Action,Healthy
0,2022-05-21,157.25111,176.05591,180.0,3.2797786e-06,1.0708377e-06,0,12.6,2.1923954,180.0,0,0,263,7.456653992395437,0.4232623574144487,1334.4019011406845,Healthy,No Action,Healthy
0,2022-05-22,166.52896,177.48451,180.0,3.9928636e-06,1.3536455e-06,0,7.5,1.3972222,180.0,0,0,288,6.220138888888889,0.26695409891598915,1222.1215277777778,Healthy,No Action,Healthy
0,2022-05-23,159.0053,177.0955,180.0,3.9334577e-06,1.0115486e-06,0,11.7,1.6138889,180.0,0,0,288,5.0256944444444445,0.179619918699187,949.4104166666667,Healthy,No Action,Healthy
0,2022-05-24,161.6816,175.99759,180.0,7.0926976e-06,1.2403464e-06,0,10.2,2.2218752,180.0,0,0,288,5.370138888888889,0.20479369918699186,1035.0038194444444,Healthy,No Action,Healthy
0,2022-05-25,163.94273,174.4461,180.0,3.0668934e-06,1.2750303e-06,0,8.9,3.0875,180.0,0,0,288,5.049652777777777,0.1206842818428184,1145.148611111111,Healthy,No Action,Healthy
0,2022-05-26,168.66399,176.28108,180.0,5.678367e-06,1.7533699e-06,0,6.3,2.0645833,180.0,0,0,288,4.486458333333333,0.07918597560975608,985.5708333333334,Healthy,No Action,Healthy
0,2022-05-27,167.2794,174.44742,180.0,2.755831e-05,6.09797e-06,0,7.1,3.0840278,180.0,0,0,288,3.985763888888889,0.0635020325203252,811.7892361111111,Healthy,No Action,Healthy
0,2022-05-28,168.21478,175.44156,180.0,1.9072831e-05,7.2864586e-06,0,6.5,2.5322917,180.0,0,0,288,5.063194444444445,0.19359298780487805,965.0916666666667,Healthy,No Action,Healthy
0,2022-05-29,171.74294,179.29381,180.0,5.0137064e-06,1.7115539e-06,0,4.6,0.39270833,180.0,0,0,288,5.538541666666666,0.2212371273712737,1079.3229166666667,Healthy,No Action,Healthy
0,2022-05-30,171.32626,178.64832,180.0,1.6446007e-05,4.533957e-06,0,4.8,0.75034726,180.0,0,0,288,4.761111111111111,0.13257503387533875,966.0197916666667,Healthy,No Action,Healthy
0,2022-05-31,172.76651,178.95287,180.0,1.6833807e-05,5.9048575e-06,0,4.0,0.58194447,180.0,0,0,288,3.982986111111111,0.0883739837398374,753.8451388888889,Healthy,No Action,Healthy
0,2022-06-01,168.09084,178.18896,180.0,8.918978e-06,2.6160103e-06,0,6.6,1.0059028,180.0,0,0,288,5.532638888888889,0.2402593157181572,1029.8131944444444,Healthy,No Action,Healthy
0,2022-06-02,147.00122,169.68164,180.0,1.5060095e-05,4.650779e-06,0,18.3,5.7319446,180.0,0,0,288,7.058333333333334,0.3430696138211382,1386.5993055555555,Healthy,No Action,Healthy
0,2022-06-03,156.24553,170.71106,180.0,8.930077e-06,2.4955416e-06,0,13.2,5.1586804,180.0,0,0,288,6.015972222222222,0.20777930216802165,1294.6732638888889,Healthy,No Action,Healthy
0,2022-06-04,154.37477,170.2426,180.0,9.924629e-06,2.0084588e-06,0,14.2,5.420833,180.0,0,0,288,5.6305555555555555,0.16780115176151758,1259.6597222222222,Healthy,No Action,Healthy
0,2022-06-05,159.06932,175.67294,180.0,1.4437351e-06,2.7877067e-07,0,11.6,2.4052083,180.0,0,0,288,4.38125,0.10246273712737126,900.9222222222222,Healthy,No Action,Healthy
0,2022-06-06,158.39482,175.7197,180.0,2.8570641e-05,6.352276e-06,0,12.0,2.3774307,180.0,0,0,288,3.426041666666667,0.04323102981029811,644.8576388888889,Healthy,No Action,Healthy
0,2022-06-07,149.05084,173.1754,180.0,3.965012e-05,7.782073e-06,0,17.2,3.7903314,180.0,0,0,362,8.11353591160221,0.45147500336881824,1210.860497237569,Healthy,No Action,Healthy
0,2022-06-08,158.15002,175.8836,180.0,0.0015772262,0.00015001188,0,12.1,2.285648,180.0,0,0,432,10.228240740740741,0.6725280036133695,1573.5939814814815,Healthy,No Action,Healthy
0,2022-06-09,152.8853,176.01144,180.0,0.0014170868,9.7061034e-05,0,15.1,2.2162037,180.0,0,0,432,6.0219907407407405,0.2619595754290876,1123.1178240740742,Healthy,No Action,Healthy
0,2022-06-10,146.38971,173.31964,180.0,0.0038672653,0.0004417882,0,18.7,3.7101853,180.0,0,0,432,4.880092592592592,0.11788685636856366,1136.2476851851852,Healthy,No Action,Healthy
0,2022-06-11,160.8041,177.09505,180.0,0.00065599853,0.00012993233,0,10.7,1.6152778,180.0,0,0,432,4.490277777777778,0.09552393857271904,1007.58125,Healthy,No Action,Healthy
0,2022-06-12,150.27954,173.92215,180.0,0.0006625806,0.00026796162,0,16.5,3.376852,180.0,0,0,432,3.6356481481481477,0.05602156729900633,676.2523148148148,Healthy,No Action,Healthy
0,2022-06-13,162.46382,175.96536,180.0,0.001243008,0.0001712948,0,9.7,2.2412038,180.0,0,0,432,3.792361111111111,0.09266102077687445,657.4715277777779,Healthy,No Action,Healthy
0,2022-06-14,163.54259,175.49475,180.0,0.00019473366,4.3721586e-05,0,9.1,2.5020833,180.0,0,0,432,5.217592592592593,0.1586895889792231,1092.200462962963,Healthy,No Action,Healthy
0,2022-06-15,163.5674,177.32753,180.0,0.00014890109,3.0572697e-05,0,9.1,1.4828703,180.0,0,0,432,7.481944444444444,0.39751535682023487,1431.4217592592593,Healthy,No Action,Healthy
0,2022-06-16,167.77216,178.59694,180.0,1.4292754e-05,1.941387e-06,0,6.8,0.7789352,180.0,0,0,432,7.3388888888888895,0.37575971093044264,1419.5085648148147,Healthy,No Action,Healthy
0,2022-06-17,170.11203,179.11198,180.0,1.4728548e-06,3.3319722e-07,0,5.5,0.49328706,180.0,0,0,432,4.876388888888889,0.15109349593495935,958.4701388888889,Healthy,No Action,Healthy
0,2022-06-18,175.54071,179.89168,180.0,4.4928756e-06,1.50741e-06,0,2.5,0.059345793,180.0,0,0,428,4.044392523364486,0.09691885115112835,692.1705607476636,Healthy,No Action,Healthy
0,2022-06-19,167.58951,178.9399,180.0,1.6498474e-05,3.842832e-06,0,6.9,0.58813953,180.0,0,0,430,5.9690697674418605,0.28138003403289846,1054.346046511628,Healthy,No Action,Healthy
0,2022-06-20,147.71982,174.20128,180.0,0.00013607604,3.926299e-05,0,17.9,3.2215276,180.0,0,0,432,7.266435185185185,0.3930758807588076,1298.9851851851852,Healthy,No Action,Healthy
0,2022-06-21,156.67798,175.37276,180.0,0.0001118611,3.3056458e-05,0,13.0,2.569676,180.0,0,0,432,10.86875,0.6860224706413731,1532.8141203703703,Healthy,No Action,Healthy
0,2022-06-22,157.74141,173.90465,180.0,0.00063540135,8.305754e-05,0,12.4,3.3854167,180.0,0,0,432,11.840972222222222,0.8251388888888889,1625.0793981481484,Healthy,No Action,Healthy
0,2022-06-23,169.15338,179.26572,180.0,2.1350957e-05,7.63574e-06,0,6.0,0.4085648,180.0,0,0,432,8.70324074074074,0.5093384146341463,1515.7363425925926,Healthy,No Action,Healthy
0,2022-06-24,165.32059,177.0678,180.0,7.53961e-05,1.6864868e-05,0,8.2,1.6310185,180.0,0,0,432,6.038657407407407,0.21303794037940377,1272.1324074074073,Healthy,No Action,Healthy
0,2022-06-25,171.04385,179.29651,180.0,2.1769152e-05,4.0921477e-06,0,5.0,0.3900463,180.0,0,0,432,4.274768518518519,0.08772459349593495,864.3590277777777,Healthy,No Action,Healthy
0,2022-06-26,157.12999,173.96605,180.0,0.011348508,0.0014923937,0,12.7,3.3506944,180.0,0,0,432,4.153240740740741,0.06629652213188797,917.8851851851853,Healthy,No Action,Healthy
0,2022-06-27,157.83,176.08488,180.0,0.019440489,0.0012846946,0,12.3,2.176389,180.0,0,0,432,7.160185185185185,0.3788178635953027,1053.1900462962963,Healthy,No Action,Healthy
0,2022-06-28,166.57953,178.64508,180.0,0.0011221948,7.911414e-05,0,7.5,0.7516204,180.0,0,0,432,8.686805555555555,0.5247021228545619,1375.4506944444443,Healthy,No Action,Healthy
0,2022-06-29,164.31909,177.64876,180.0,0.015514343,0.0009274143,0,8.7,1.3043982,180.0,0,0,432,5.634027777777778,0.2215397470641373,1041.7796296296297,Healthy,No Action,Healthy
0,2022-06-30,164.10638,175.56493,180.0,0.0017868093,0.00047284798,0,8.8,2.4634259,180.0,0,0,432,3.8247685185185185,0.048738821138211375,819.0435185185185,Healthy,No Action,Healthy
0,2022-07-01,169.79408,178.1148,180.0,0.001766993,0.00039226995,0,5.7,1.0456018,180.0,0,0,432,3.8449074074074074,0.04702032520325203,831.7307870370371,Healthy,No Action,Healthy
0,2022-07-02,169.54517,178.3268,180.0,0.00087945745,0.00023850435,0,5.8,0.9293981,180.0,0,0,432,4.108101851851852,0.10561788617886181,733.275,Healthy,No Action,Healthy
0,2022-07-03,173.87071,179.6638,180.0,6.001445e-05,8.220606e-06,0,3.4,0.1863426,180.0,0,0,432,7.78587962962963,0.44065729448961155,1186.0078703703705,Healthy,No Action,Healthy
0,2022-07-04,171.10654,179.56973,180.0,4.2479164e-06,4.3657045e-07,0,4.9,0.23888887,180.0,0,0,432,6.13125,0.25379234417344176,1117.1493055555557,Healthy,No Action,Healthy
0,2022-07-05,170.15758,178.6423,180.0,5.4522475e-06,1.3274598e-06,0,5.5,0.75300926,180.0,0,0,432,3.477314814814815,0.05108130081300813,704.0238425925926,Healthy,No Action,Healthy
0,2022-07-06,168.29114,178.5552,180.0,1.5082042e-05,3.279475e-06,0,6.5,0.8030093,180.0,0,0,432,4.166435185185185,0.12034372177055105,767.4745370370371,Healthy,No Action,Healthy
0,2022-07-07,172.0624,179.2822,180.0,1.2904525e-06,5.1498733e-07,0,4.4,0.39953706,180.0,0,0,432,3.919675925925926,0.08224051490514907,744.1516203703703,Healthy,No Action,Healthy
0,2022-07-08,172.29985,178.88876,180.0,5.58997e-06,1.0673546e-06,0,4.3,0.6168981,180.0,0,0,432,3.5590277777777777,0.028137195121951213,737.6671296296297,Healthy,No Action,Healthy
0,2022-07-09,171.93391,178.31914,180.0,3.7702118e-06,6.186161e-07,0,4.5,0.9340278,180.0,0,0,432,7.467592592592593,0.40642920054200543,1244.9854166666667,Healthy,No Action,Healthy
0,2022-07-10,172.54013,179.03261,180.0,1.1776577e-05,8.7626745e-07,0,4.1,0.5372685,180.0,0,0,432,9.303472222222222,0.33628421409214093,947.5398148148148,Healthy,No Action,Healthy
0,2022-07-11,169.93864,178.69139,180.0,5.88144e-06,1.3863181e-06,0,5.6,0.7277778,180.0,0,0,432,6.029861111111111,0.13603398825654922,845.3506944444445,Healthy,No Action,Healthy
0,2022-07-12,170.93723,179.21179,180.0,0.00017180023,4.3346772e-05,0,5.0,0.4377315,180.0,0,0,432,4.312037037037037,0.10364216350496838,829.0680555555556,Healthy,No Action,Healthy
0,2022-07-13,173.8233,179.75647,180.0,0.0019413965,0.00016141111,0,3.4,0.13518518,180.0,0,0,432,3.321296296296296,0.05253308491418248,636.2208333333334,Healthy,No Action,Healthy
0,2022-07-14,175.40245,179.7002,180.0,0.00036508692,8.659342e-06,0,2.6,0.16643518,180.0,0,0,432,9.384722222222221,0.544947719060524,1174.7064814814814,Healthy,No Action,Healthy
0,2022-07-15,167.37846,177.89647,180.0,0.0012532395,9.757284e-05,0,7.0,1.1692129,180.0,0,0,432,13.822916666666666,0.6471953477868112,1193.5668981481483,Healthy,No Action,Healthy
0,2022-07-16,174.93114,179.56042,180.0,0.00016377814,2.2747767e-05,0,2.8,0.24351852,180.0,0,0,432,15.83773148148148,0.619276196928636,1116.1835648148149,Healthy,No Action,Healthy
0,2022-07-17,175.25461,179.36594,180.0,0.00029891162,9.416247e-05,0,2.6,0.35069445,180.0,0,0,432,15.94375,0.6117366757000904,1104.3766203703703,Healthy,No Action,Healthy
0,2022-07-18,171.1209,179.36908,180.0,0.0005004143,0.00015497106,0,4.9,0.35046294,180.0,0,0,432,13.466898148148148,0.6026045618789522,1166.1270833333333,Healthy,No Action,Healthy
0,2022-07-19,170.02869,178.50134,180.0,0.00019293427,5.4959706e-05,0,5.5,0.8326389,180.0,0,0,432,11.414814814814815,0.7056769421860886,1476.4280092592594,Healthy,No Action,Healthy
0,2022-07-20,170.77681,178.6364,180.0,0.00042220773,6.968149e-05,0,5.1,0.7569444,180.0,0,0,432,7.251388888888889,0.36828172990063235,1234.4199074074074,Healthy,No Action,Healthy
0,2022-07-21,162.99742,177.61623,180.0,6.088697e-05,3.438968e-06,0,9.4,1.3256944,180.0,0,0,432,4.541666666666667,0.12041485998193314,839.5430555555555,Healthy,No Action,Healthy
0,2022-07-22,172.05916,179.06969,180.0,1.8008841e-06,4.7720096e-07,0,4.4,0.51782405,180.0,0,0,432,4.079166666666667,0.08544907407407407,785.7979166666667,Healthy,No Action,Healthy
0,2022-07-23,168.8524,178.40834,180.0,2.2315292e-06,4.569219e-07,0,6.2,0.88587964,180.0,0,0,432,5.655555555555555,0.24357023486901536,1017.2506944444444,Healthy,No Action,Healthy
0,2022-07-24,168.39641,177.05705,180.0,8.045407e-06,1.2419636e-06,0,6.4,1.6347222,180.0,0,0,432,11.349305555555555,0.5746226287262873,1207.5587962962964,Healthy,No Action,Healthy
0,2022-07-25,159.85117,175.9179,180.0,0.0006052955,3.277111e-05,0,11.2,2.2666667,180.0,0,0,432,13.475462962962963,0.7259098915989161,1358.6101851851852,Healthy,No Action,Healthy
0,2022-07-26,169.24997,176.67053,180.0,1.937475e-05,2.8827253e-06,0,6.0,1.8483796,180.0,0,0,432,10.749537037037037,0.6405918021680217,1393.9354166666667,Healthy,No Action,Healthy
0,2022-07-27,162.12518,178.27806,180.0,1.1188405e-06,3.4204382e-07,0,9.9,0.9576389,180.0,0,0,432,5.515509259259259,0.22143563685636855,937.9291666666667,Healthy,No Action,Healthy
0,2022-07-28,164.3473,176.9175,180.0,2.229266e-06,5.4553635e-07,0,8.7,1.7131944,180.0,0,0,432,4.102083333333333,0.10010535230352303,726.6310185185184,Healthy,No Action,Healthy
0,2022-07-29,170.97972,178.92732,180.0,1.8006354e-07,5.346207e-08,0,5.0,0.5951389,180.0,0,0,432,5.582407407407407,0.18963346883468832,1125.0006944444444,Healthy,No Action,Healthy
0,2022-07-30,160.18872,176.73087,180.0,3.191305e-07,6.911628e-08,0,11.0,1.8136574,180.0,0,0,432,4.359259259259259,0.096858288166215,875.8569444444445,Healthy,No Action,Healthy
0,2022-07-31,168.00386,176.43362,180.0,2.5363737e-05,6.92042e-06,0,6.7,1.9793981,180.0,0,0,432,3.690509259259259,0.04775801716350497,725.8208333333333,Healthy,No Action,Healthy
0,2022-08-01,157.56358,174.07999,180.0,0.00011353344,3.2586107e-05,0,12.5,3.288889,180.0,0,0,432,3.0965277777777778,0.038927393857271904,576.8388888888888,Healthy,No Action,Healthy
0,2022-08-02,171.20886,179.05116,180.0,8.951837e-05,1.3121819e-05,0,4.9,0.52731484,180.0,0,0,432,4.714351851851852,0.1369808039747064,928.4043981481482,Healthy,No Action,Healthy
0,2022-08-03,171.23163,178.90778,180.0,2.7448789e-06,6.193547e-07,0,4.9,0.60625,180.0,0,0,432,4.294675925925926,0.0861781842818428,876.937037037037,Healthy,No Action,Healthy
0,2022-08-04,171.70125,177.60355,180.0,5.0620478e-05,5.645345e-06,0,4.6,1.3313543,180.0,0,0,539,3.671243042671614,0.055913208742477044,699.6170686456401,Healthy,No Action,Healthy
0,2022-08-05,168.24358,178.84981,180.0,5.671813e-05,2.1111424e-05,0,6.5,0.63923615,180.0,0,0,576,3.4595486111111113,0.03674466463414635,638.7574652777778,Healthy,No Action,Healthy
0,2022-08-06,166.9354,178.69905,180.0,5.6172645e-05,3.8919407e-06,0,7.3,0.7217014,180.0,0,0,576,10.33767361111111,0.5743839769647696,1242.1203125000002,Healthy,No Action,Healthy
0,2022-08-07,166.57649,178.05412,180.0,0.00015058852,3.0613384e-05,0,7.5,1.0807291,180.0,0,0,576,12.79079861111111,0.8209939871273713,1532.5866319444444,Healthy,No Action,Healthy
0,2022-08-08,171.35997,178.14815,180.0,0.00041140526,0.00013309611,0,4.8,1.0291667,180.0,0,0,576,13.47048611111111,0.8690890074525746,1592.2612847222222,Healthy,No Action,Healthy
0,2022-08-09,174.72763,179.55594,180.0,0.00044558907,0.00011131204,0,2.9,0.24618056,180.0,0,0,576,10.481076388888889,0.6755739329268293,1568.4206597222224,Healthy,No Action,Healthy
0,2022-08-10,165.86006,177.18419,180.0,0.00071387494,8.185338e-05,0,7.9,1.5625,180.0,0,0,576,9.188020833333333,0.5810685975609755,1390.517534722222,Healthy,No Action,Healthy
0,2022-08-11,171.60014,178.42255,180.0,0.0014013936,0.0001456169,0,4.7,0.87638885,180.0,0,0,576,12.223958333333334,0.6588589939024391,1295.3626736111112,Healthy,No Action,Healthy
0,2022-08-12,175.2507,179.39279,180.0,0.00042782165,0.00010695138,0,2.6,0.33611113,180.0,0,0,576,14.777256944444446,0.6208012364498645,1118.0479166666667,Healthy,No Action,Healthy
0,2022-08-13,173.90215,178.94818,180.0,0.0006789348,0.0001799516,0,3.4,0.58454865,180.0,0,0,576,14.000868055555555,0.5576935975609757,1008.1958333333334,Healthy,No Action,Healthy
0,2022-08-14,172.58597,178.6515,180.0,0.0021931275,0.0002786398,0,4.1,0.7491319,180.0,0,0,576,13.025694444444445,0.5846580284552846,1075.7621527777778,Healthy,No Action,Healthy
0,2022-08-15,170.18518,177.87906,180.0,0.00065090647,6.976209e-05,0,5.5,1.178993,180.0,0,0,576,9.810243055555555,0.5392746443089431,1410.1394097222224,Healthy,No Action,Healthy
0,2022-08-16,167.07857,177.74297,180.0,5.7416386e-05,9.090665e-06,0,7.2,1.2545139,180.0,0,0,576,5.279513888888889,0.1687582147696477,1016.0361111111112,Healthy,No Action,Healthy
0,2022-08-17,166.92734,176.60367,180.0,6.00125e-05,1.5100252e-05,0,7.3,1.8861111,180.0,0,0,576,4.0296875,0.07047298441734418,783.9678819444445,Healthy,No Action,Healthy
0,2022-08-18,173.70918,179.25514,180.0,5.417192e-05,1.0736961e-05,0,3.5,0.41458333,180.0,0,0,576,3.5562500000000004,0.05761763211382114,652.8013888888888,Healthy,No Action,Healthy
0,2022-08-19,173.19957,179.34395,180.0,1.6465656e-05,5.1877223e-06,0,3.8,0.3657986,180.0,0,0,576,3.712673611111111,0.0616614159891599,641.0635416666667,Healthy,No Action,Healthy
0,2022-08-20,167.61697,178.6996,180.0,1.0628614e-05,4.213684e-06,0,6.9,0.7215278,180.0,0,0,576,3.8515625,0.08639693428184284,666.2076388888888,Healthy,No Action,Healthy
0,2022-08-21,172.27286,179.11845,180.0,1.3088644e-05,2.846282e-06,0,4.3,0.48906252,180.0,0,0,576,5.983159722222222,0.2911052676151762,815.3824652777778,Healthy,No Action,Healthy
0,2022-08-22,168.54285,177.83319,180.0,2.9974502e-05,2.4892024e-06,0,6.4,1.2024305,180.0,0,0,576,10.9109375,0.38902176490514906,930.1017361111111,Healthy,No Action,Healthy
0,2022-08-23,170.81622,179.02557,180.0,0.0009058409,0.00014709348,0,5.1,0.53975695,180.0,0,0,576,12.97013888888889,0.40332715108401085,824.7980902777778,Healthy,No Action,Healthy
0,2022-08-24,172.79399,179.00058,180.0,0.0010776458,0.00025967372,0,4.0,0.55434024,180.0,0,0,576,12.936458333333333,0.42250982384823854,829.0795138888889,Healthy,No Action,Healthy
0,2022-08-25,168.4585,177.81744,180.0,0.0015906466,0.0003731437,0,6.4,1.2123264,180.0,0,0,576,12.523611111111112,0.49990125338753394,930.3095486111112,Healthy,No Action,Healthy
0,2022-08-26,171.73802,178.28604,180.0,0.001172202,0.00016429904,0,4.6,0.9519097,180.0,0,0,576,11.691493055555556,0.5454880589430895,1070.5201388888888,Healthy,No Action,Healthy
0,2022-08-27,168.03012,178.15009,180.0,0.00011297726,1.4656752e-05,0,6.6,1.0286459,180.0,0,0,576,8.401215277777778,0.4033067411924119,1382.5342013888887,Healthy,No Action,Healthy
0,2022-08-28,169.0939,177.34016,180.0,0.0029692363,0.00013278285,0,6.1,1.4793402,180.0,0,0,576,4.781076388888889,0.14078362127371272,919.7526041666666,Healthy,No Action,Healthy
0,2022-08-29,168.12169,179.03047,180.0,0.0017115093,0.0003542028,0,6.6,0.53802085,180.0,0,0,576,3.3881944444444443,0.041726287262872634,614.7690972222222,Healthy,No Action,Healthy
0,2022-08-30,169.47517,176.84813,180.0,0.0014805426,0.00048992835,0,5.8,1.7491667,180.0,0,0,360,2.6952777777777777,0.011290650406504087,375.1372222222222,Healthy,No Action,Healthy
0,2022-08-31,165.64514,175.80682,180.0,0.00704399,0.00092796155,0,8.0,2.330403,180.0,0,0,273,3.08021978021978,0.013898865362280017,518.6912087912089,Healthy,No Action,Healthy
0,2022-09-01,148.4953,173.07193,180.0,0.014191372,0.001818156,0,17.5,3.8480961,180.0,0,0,499,9.054909819639278,0.523808788308324,1347.6042084168337,Healthy,No Action,Healthy
0,2022-09-02,165.76616,177.09018,180.0,0.0059457375,0.0007174092,0,7.9,1.6177083,180.0,0,0,576,8.664930555555555,0.34295833333333337,1032.2291666666667,Healthy,No Action,Healthy
0,2022-09-03,166.30127,177.52519,180.0,1.9642688e-05,3.8287717e-06,0,7.6,1.3746527,180.0,0,0,576,9.394791666666666,0.13263287601626017,502.14079861111105,Healthy,No Action,Healthy
0,2022-09-04,176.30801,179.78192,180.0,9.531828e-06,1.4476204e-06,0,2.1,0.121527776,180.0,0,0,576,8.742361111111112,0.2847152777777778,942.3486111111112,Healthy,No Action,Healthy
0,2022-09-05,167.7131,178.13129,180.0,1.8774713e-07,4.386989e-08,0,6.8,1.0376736,180.0,0,0,576,7.051736111111111,0.2499491869918699,1151.8869791666666,Healthy,No Action,Healthy
0,2022-09-06,167.85933,179.35553,180.0,3.8191237e-07,9.91046e-08,0,6.7,0.35804597,180.0,0,0,522,4.081992337164752,0.0670760676572283,686.351724137931,Healthy,No Action,Healthy
0,2022-09-07,168.17067,177.03578,180.0,1.4640835e-05,2.103076e-06,0,6.6,1.6464158,180.0,0,0,558,3.129032258064516,0.017789142407553124,547.6050179211469,Healthy,No Action,Healthy
0,2022-09-08,169.07423,178.71918,180.0,4.894382e-05,1.1259658e-05,0,6.1,0.7104167,180.0,0,0,576,3.8015624999999997,0.04967699864498645,744.7125000000001,Healthy,No Action,Healthy
0,2022-09-09,175.80829,179.72679,180.0,4.094726e-05,1.2650781e-05,0,2.3,0.15190972,180.0,0,0,576,3.6046875000000003,0.04352295054200542,735.1852430555556,Healthy,No Action,Healthy
0,2022-09-10,166.53955,176.84291,180.0,1.6447686e-05,5.4265684e-06,0,7.5,1.7546875,180.0,0,0,576,3.5026041666666665,0.0414831470189702,651.9352430555556,Healthy,No Action,Healthy
0,2022-09-11,165.91223,177.24475,180.0,1.4410431e-05,3.9885836e-06,0,7.8,1.53125,180.0,0,0,576,4.718402777777778,0.13277430555555556,882.0760416666667,Healthy,No Action,Healthy
0,2022-09-12,164.9732,177.13005,180.0,2.2430745e-06,9.633267e-07,0,8.3,1.5939236,180.0,0,0,576,6.414756944444445,0.2593951558265582,1305.881076388889,Healthy,No Action,Healthy
0,2022-09-13,167.85022,177.6158,180.0,1.0223587e-05,2.84169e-06,0,6.7,1.324132,180.0,0,0,576,6.194444444444445,0.24371332994579945,1335.9769097222222,Healthy,No Action,Healthy
0,2022-09-14,164.21513,177.80493,180.0,3.523685e-06,1.1105008e-06,0,8.8,1.2190973,180.0,0,0,576,5.7265625,0.19832579607046066,1288.032986111111,Healthy,No Action,Healthy
0,2022-09-15,168.25467,176.60966,180.0,2.9388706e-05,2.3805667e-06,0,6.5,1.8828125,180.0,0,0,576,4.527430555555556,0.11613211382113822,903.8175347222223,Healthy,No Action,Healthy
0,2022-09-16,165.8902,174.30676,180.0,0.0007104966,0.00015331285,0,7.8,3.1631944,180.0,0,0,576,3.3237847222222223,0.04345054200542006,590.7553819444444,Healthy,No Action,Healthy
0,2022-09-17,165.82808,175.66365,180.0,0.0019597393,0.00016813753,0,7.9,2.4092014,180.0,0,0,576,7.010590277777777,0.3718053014905149,1244.5098958333333,Healthy,No Action,Healthy
0,2022-09-18,166.43713,176.89122,180.0,0.0023718905,0.00039130237,0,7.5,1.7262152,180.0,0,0,576,5.759548611111111,0.19498179200542004,1223.959375,Healthy,No Action,Healthy
0,2022-09-19,173.22871,179.4024,180.0,0.00051598693,0.00011327242,0,3.8,0.3314236,180.0,0,0,576,4.173958333333333,0.05882732046070459,939.1723958333334,Healthy,No Action,Healthy
0,2022-09-20,173.16754,179.11655,180.0,8.002464e-05,1.7177805e-05,0,3.8,0.49149308,180.0,0,0,576,3.659895833333333,0.04069757791327913,760.6920138888888,Healthy,No Action,Healthy
0,2022-09-21,167.74075,178.58417,180.0,1.583418e-05,5.007922e-06,0,6.8,0.78715277,180.0,0,0,576,3.1605902777777777,0.027054962737127382,514.2045138888889,Healthy,No Action,Healthy
0,2022-09-22,167.65036,178.36993,180.0,1.8918146e-05,6.9319035e-06,0,6.9,0.9053819,180.0,0,0,576,4.151909722222222,0.09450982384823849,750.2144097222222,Healthy,No Action,Healthy
0,2022-09-23,173.96774,179.36026,180.0,1.5369813e-05,3.837716e-06,0,3.4,0.35572916,180.0,0,0,576,3.1131944444444444,0.03714981368563688,523.0578125,Healthy,No Action,Healthy
0,2022-09-24,172.1425,179.13628,180.0,3.9070296e-06,1.17835e-06,0,4.4,0.47934029,180.0,0,0,576,5.402604166666666,0.20249661246612463,1074.501736111111,Healthy,No Action,Healthy
0,2022-09-25,169.46838,179.5086,180.0,2.9955377e-06,8.751725e-07,0,5.9,0.27274308,180.0,0,0,576,5.417187500000001,0.16423729674796744,1162.812673611111,Healthy,No Action,Healthy
0,2022-09-26,170.73648,178.58755,180.0,4.8869924e-06,1.5039526e-06,0,5.1,0.78333336,180.0,0,0,576,5.611111111111111,0.18151863143631433,1153.6821180555555,Healthy,No Action,Healthy
0,2022-09-27,169.23087,177.42007,180.0,1.8449224e-05,4.5676015e-06,0,6.0,1.4324652,180.0,0,0,576,7.5758680555555555,0.35027989498644985,1264.5114583333334,Healthy,No Action,Healthy
0,2022-09-28,167.84015,178.76727,180.0,0.00043270446,3.715734e-05,0,6.8,0.6847222,180.0,0,0,576,11.649652777777778,0.5835950203252032,1278.7262152777778,Healthy,No Action,Healthy
0,2022-09-29,168.40631,179.15775,180.0,3.2037766e-05,1.0415857e-05,0,6.4,0.46822917,180.0,0,0,576,14.507638888888888,0.5947396680216802,1109.8579861111111,Healthy,No Action,Healthy
0,2022-09-30,173.5324,179.27296,180.0,9.17969e-05,2.0280533e-05,0,3.6,0.4027778,180.0,0,0,576,11.648784722222222,0.7123925304878048,1467.8121527777778,Healthy,No Action,Healthy
0,2022-10-01,165.49622,176.49084,180.0,0.002089328,0.00036418496,0,8.1,1.9499999,180.0,0,0,576,6.126736111111111,0.264239837398374,870.6779513888889,Healthy,No Action,Healthy
0,2022-10-02,167.25604,176.54643,180.0,0.0011541371,0.00014074423,0,7.1,1.9203124,180.0,0,0,576,3.46875,0.044193936314363164,557.7190972222222,Healthy,No Action,Healthy
0,2022-10-03,167.24522,178.33507,180.0,6.0660663e-05,7.732625e-06,0,7.1,0.9244792,180.0,0,0,576,4.821527777777778,0.15726812330623308,885.4020833333333,Healthy,No Action,Healthy
0,2022-10-04,165.6506,177.39815,180.0,1.4617619e-05,2.751783e-06,0,8.0,1.4472222,180.0,0,0,576,7.117534722222222,0.3556417682926829,1352.2522569444445,Healthy,No Action,Healthy
0,2022-10-05,168.94194,178.56328,180.0,8.882933e-05,1.20161785e-05,0,6.1,0.7984375,180.0,0,0,576,9.048090277777778,0.570396002710027,1562.5081597222222,Healthy,No Action,Healthy
0,2022-10-06,168.7592,178.39967,180.0,4.2942935e-05,1.1743692e-05,0,6.2,0.88803923,180.0,0,0,510,7.002156862745098,0.3590032520325203,1254.5372549019608,Healthy,No Action,Healthy
0,2022-10-07,167.32393,178.21965,180.0,0.00016508701,2.0301417e-05,0,7.0,0.9900722,180.0,0,0,554,3.174729241877256,0.0611479263890112,541.3059566787003,Healthy,No Action,Healthy
0,2022-10-08,172.0148,179.3592,180.0,4.2282038e-05,5.593489e-06,0,4.4,0.35642362,180.0,0,0,576,2.435590277777778,0.009692581300813035,413.8125,Healthy,No Action,Healthy
0,2022-10-09,177.60522,179.85889,180.0,1.6092903e-05,5.3692393e-06,0,1.3,0.07864583,180.0,0,0,576,3.207986111111111,0.028717479674796764,553.1385416666667,Healthy,No Action,Healthy
0,2022-10-10,174.4839,179.82933,180.0,7.3395504e-06,2.0653652e-06,0,3.1,0.09409723,180.0,0,0,576,3.2703125,0.025234078590785924,574.6477430555556,Healthy,No Action,Healthy
0,2022-10-11,176.71712,179.65216,180.0,1.971295e-06,5.694036e-07,0,1.8,0.19270833,180.0,0,0,576,4.032638888888889,0.0667997120596206,767.6052083333333,Healthy,No Action,Healthy
0,2022-10-12,175.29875,179.45824,180.0,2.2369861e-06,7.584064e-07,0,2.6,0.29984802,180.0,0,0,658,7.989969604863221,0.39394588182963897,1286.956990881459,Healthy,No Action,Healthy
0,2022-10-13,172.61324,179.49994,180.0,7.117212e-06,1.8284672e-06,0,4.1,0.27677515,180.0,0,0,676,5.3801775147929,0.20121092509741664,920.2451183431951,Healthy,No Action,Healthy
0,2022-10-14,176.43974,179.76534,180.0,3.081748e-05,6.1735514e-06,0,2.0,0.13032441,180.0,0,0,709,4.450634696755994,0.08754446317382777,999.8497884344147,Healthy,No Action,Healthy
0,2022-10-15,174.35445,178.90187,180.0,7.313656e-06,2.916474e-06,0,3.1,0.60888886,180.0,0,0,720,3.125972222222222,0.030958197831978337,515.9340277777778,Healthy,No Action,Healthy
0,2022-10-16,170.08922,178.60873,180.0,0.00010504281,1.8077804e-05,0,5.5,0.77374995,180.0,0,0,720,3.9834722222222223,0.054548780487804864,887.2797222222223,Healthy,No Action,Healthy
0,2022-10-17,166.7627,177.12392,180.0,0.00041448697,5.3004376e-05,0,7.4,1.5979167,180.0,0,0,720,3.428472222222222,0.024771883468834695,675.2838888888889,Healthy,No Action,Healthy
0,2022-10-18,166.422,178.27278,180.0,0.0009917982,0.00016064546,0,7.5,0.9594444,180.0,0,0,720,3.931388888888889,0.08148821138211383,742.3373611111111,Healthy,No Action,Healthy
0,2022-10-19,162.78917,177.35144,180.0,0.0047588167,0.0004441003,0,9.6,1.4716666,180.0,0,0,720,5.745972222222223,0.16766239837398372,1088.4775,Healthy,No Action,Healthy
0,2022-10-20,173.94917,178.39575,180.0,7.6876226e-05,1.2533228e-05,0,3.4,0.8918055,180.0,0,0,720,4.690416666666667,0.10464336043360434,970.9691666666668,Healthy,No Action,Healthy
0,2022-10-21,172.2233,178.43188,180.0,1.4215433e-05,3.7201787e-06,0,4.3,0.87208337,180.0,0,0,720,3.2831944444444447,0.04654214092140922,614.2415277777778,Healthy,No Action,Healthy
0,2022-10-22,171.60646,177.05876,180.0,2.2027876e-05,3.7040743e-06,0,4.7,1.6341666,180.0,0,0,720,6.677361111111111,0.33729742547425473,1268.4156944444444,Healthy,No Action,Healthy
0,2022-10-23,168.33821,177.904,180.0,1.8990106e-05,4.744496e-06,0,6.5,1.1634723,180.0,0,0,720,6.806527777777777,0.32343834688346884,911.4695833333333,Healthy,No Action,Healthy
0,2022-10-24,175.30101,179.32782,180.0,5.730576e-06,2.4943647e-06,0,2.6,0.37402776,180.0,0,0,720,4.4631944444444445,0.11230277777777777,837.4927777777779,Healthy,No Action,Healthy
0,2022-10-25,177.26622,179.74341,180.0,7.0390593e-06,1.8482423e-06,0,1.5,0.14277779,180.0,0,0,720,4.044166666666667,0.07217520325203251,841.8231944444444,Healthy,No Action,Healthy
0,2022-10-26,170.14209,178.68631,180.0,9.063846e-06,2.843654e-06,0,5.5,0.72999996,180.0,0,0,720,6.870833333333334,0.33333821138211384,1358.7491666666667,Healthy,No Action,Healthy
0,2022-10-27,165.02434,177.57143,180.0,0.0021196483,0.00016748546,0,8.3,1.3493055,180.0,0,0,720,11.139583333333333,0.6305422086720867,1435.3508333333334,Healthy,No Action,Healthy
0,2022-10-28,173.36945,179.37663,180.0,0.00025940966,4.897193e-05,0,3.7,0.34625,180.0,0,0,720,12.853611111111112,0.5501005420054201,1093.6084722222222,Healthy,No Action,Healthy
0,2022-10-29,174.98878,179.17937,180.0,0.0004022846,6.0688206e-05,0,2.8,0.455,180.0,0,0,720,13.081805555555555,0.6901884146341464,1273.77875,Healthy,No Action,Healthy
0,2022-10-30,171.45464,179.29324,180.0,0.00020061644,5.5907796e-05,0,4.7,0.3923611,180.0,0,0,720,10.1125,0.6583116531165312,1550.7150000000001,Healthy,No Action,Healthy
0,2022-10-31,169.36768,178.27248,180.0,3.9955637e-05,4.225308e-06,0,5.9,0.96069443,180.0,0,0,720,9.607083333333334,0.6682199864498645,1598.7513888888889,Healthy,No Action,Healthy
0,2022-11-01,168.80447,177.88295,180.0,9.3715156e-05,1.1694543e-05,0,6.2,1.1759722,180.0,0,0,720,8.987777777777778,0.6028228997289973,1569.5444444444445,Healthy,No Action,Healthy
0,2022-11-02,165.50053,177.6721,180.0,0.00022092063,3.6197842e-05,0,8.1,1.2933333,180.0,0,0,720,4.9336111111111105,0.1535802845528455,1014.3519444444445,Healthy,No Action,Healthy
0,2022-11-03,177.6867,179.76712,180.0,0.00015582226,2.197257e-05,0,1.3,0.1286111,180.0,0,0,720,4.193611111111111,0.05716273712737126,982.4002777777777,Healthy,No Action,Healthy
0,2022-11-04,176.60307,179.66573,180.0,9.36194e-05,3.195823e-05,0,1.9,0.18638888,180.0,0,0,720,4.180833333333333,0.07766836043360432,894.8676388888888,Healthy,No Action,Healthy
0,2022-11-05,175.84207,179.85501,180.0,5.900484e-05,1.788869e-05,0,2.3,0.07986111,180.0,0,0,720,6.2098611111111115,0.25559153116531164,1303.6931944444443,Healthy,No Action,Healthy
0,2022-11-06,177.56438,179.76993,180.0,0.00012048432,2.976043e-05,0,1.4,0.12763889,180.0,0,0,720,4.96875,0.12568902439024388,1085.7169444444444,Healthy,No Action,Healthy
0,2022-11-07,177.66309,179.65643,180.0,0.00018299246,7.8141165e-05,0,1.3,0.19078948,180.0,0,0,608,5.3315789473684205,0.1570303273427471,1139.935855263158,Healthy,No Action,Healthy
0,2022-11-08,176.16669,178.88168,180.0,0.0004838002,0.000117893294,0,2.1,0.62210983,180.0,0,0,692,4.072398843930635,0.06990793740307344,846.3088150289017,Healthy,No Action,Healthy
0,2022-11-09,174.98209,178.24348,180.0,0.00058594387,5.4258864e-05,0,2.8,0.9747222,180.0,0,0,720,4.0176388888888885,0.08618584010840108,857.0168055555555,Healthy,No Action,Healthy
0,2022-11-10,174.91034,178.38155,180.0,5.77719e-05,2.205283e-05,0,2.8,0.9016667,180.0,0,0,720,4.967083333333334,0.12442994579945797,1108.3616666666667,Healthy,No Action,Healthy
0,2022-11-11,177.99544,179.67546,180.0,5.5114862e-05,1.5547104e-05,0,1.1,0.18083332,180.0,0,0,720,4.055555555555555,0.05618888888888887,900.6941666666668,Healthy,No Action,Healthy
0,2022-11-12,175.0372,178.12227,180.0,6.638196e-06,3.8274843e-06,0,2.8,1.0450001,180.0,0,0,720,3.7355555555555555,0.031860094850948505,782.3729166666667,Healthy,No Action,Healthy
0,2022-11-13,173.75856,177.80772,180.0,3.1237905e-05,1.0263568e-05,0,3.5,1.21875,180.0,0,0,720,4.651388888888889,0.12446470189701897,954.646388888889,Healthy,No Action,Healthy
0,2022-11-14,168.70204,176.22797,180.0,8.734768e-05,2.4856618e-05,0,6.3,2.0959723,180.0,0,0,720,6.129305555555556,0.24647350948509483,1315.3091666666667,Healthy,No Action,Healthy
0,2022-11-15,171.31044,178.21309,180.0,0.00013241077,3.92656e-05,0,4.8,0.9931944,180.0,0,0,720,9.707083333333333,0.6852123306233062,1581.4459722222223,Healthy,No Action,Healthy
0,2022-11-16,170.39478,178.62897,180.0,0.00010225441,2.9475557e-05,0,5.3,0.75986105,180.0,0,0,720,8.119166666666667,0.4782073170731707,1521.1744444444446,Healthy,No Action,Healthy
0,2022-11-17,174.90622,178.42152,180.0,1.0896914e-05,3.9920465e-06,0,2.8,0.8763889,180.0,0,0,720,5.025833333333333,0.16046768292682925,1068.9247222222223,Healthy,No Action,Healthy
0,2022-11-18,175.56764,179.31195,180.0,4.7047048e-05,1.4460334e-05,0,2.5,0.3825,180.0,0,0,720,3.5377777777777775,0.036453794037940385,720.3113888888889,Healthy,No Action,Healthy
0,2022-11-19,173.72256,177.7314,180.0,1.846114e-05,6.8911054e-06,0,3.5,1.2616667,180.0,0,0,720,3.216527777777778,0.03362039295392956,559.0281944444445,Healthy,No Action,Healthy
0,2022-11-20,174.3243,177.93227,180.0,2.6581316e-05,8.817163e-06,0,3.2,1.1479167,180.0,0,0,720,5.448055555555555,0.2867191056910569,896.6468055555555,Healthy,No Action,Healthy
0,2022-11-21,169.04317,176.69301,180.0,3.6143967e-05,1.0100648e-05,0,6.1,1.8386111,180.0,0,0,720,7.243611111111111,0.4564301490514905,1211.3331944444444,Healthy,No Action,Healthy
0,2022-11-22,170.92441,177.56766,180.0,2.9865734e-05,7.5146086e-06,0,5.0,1.3513889,180.0,0,0,720,3.229722222222222,0.09637147696476968,371.56430555555556,Healthy,No Action,Healthy
0,2022-11-23,174.45471,178.87987,180.0,1.7484625e-05,6.725955e-06,0,3.1,0.62291664,180.0,0,0,720,2.7893055555555555,0.021225745257452598,413.29847222222224,Healthy,No Action,Healthy
0,2022-11-24,177.30716,179.24701,180.0,7.225694e-06,4.0751156e-06,0,1.5,0.41555557,180.0,0,0,720,2.6259722222222224,0.008303997289972925,371.3618055555556,Healthy,No Action,Healthy
0,2022-11-25,175.84338,178.78839,180.0,2.4795962e-05,8.612169e-06,0,2.3,0.67444444,180.0,0,0,720,6.226805555555556,0.31086050135501353,1178.1690277777777,Healthy,No Action,Healthy
0,2022-11-26,175.89394,178.6031,180.0,6.571539e-05,2.4419922e-05,0,2.3,0.77805555,180.0,0,0,720,5.873888888888889,0.2377269647696477,1154.6863888888888,Healthy,No Action,Healthy
0,2022-11-27,174.38457,178.12363,180.0,2.8903307e-05,8.769257e-06,0,3.1,1.0429167,180.0,0,0,720,5.088333333333333,0.1736132113821138,931.2683333333333,Healthy,No Action,Healthy
0,2022-11-28,176.02463,179.21333,180.0,3.336461e-05,1.1186057e-05,0,2.2,0.4363889,180.0,0,0,720,3.1681944444444445,0.04461747967479676,516.7055555555555,Healthy,No Action,Healthy
0,2022-11-29,175.16553,178.36139,180.0,1.51032e-05,7.409811e-06,0,2.7,0.9119444,180.0,0,0,720,5.313472222222222,0.2321567750677507,915.6041666666666,Healthy,No Action,Healthy
0,2022-11-30,168.16461,178.34514,180.0,2.0265623e-05,5.1625493e-06,0,6.6,0.9204167,180.0,0,0,720,11.227500000000001,0.8184776422764228,1534.4219444444445,Healthy,No Action,Healthy
0,2022-12-01,174.56151,179.34627,180.0,3.1270454e-05,1.09960365e-05,0,3.0,0.36333334,180.0,0,0,720,7.529861111111111,0.41153624661246613,1372.3700000000001,Healthy,No Action,Healthy
0,2022-12-02,169.55173,177.97981,180.0,7.194618e-05,1.784168e-05,0,5.8,1.12375,180.0,0,0,720,5.696944444444445,0.19801578590785904,1272.1104166666667,Healthy,No Action,Healthy
0,2022-12-03,172.63509,177.91602,180.0,0.0001544258,4.1524694e-05,0,4.1,1.1579167,180.0,0,0,720,8.392083333333334,0.534780352303523,1502.7223611111112,Healthy,No Action,Healthy
0,2022-12-04,173.37119,177.3921,180.0,6.249314e-05,2.4412457e-05,0,3.7,1.4494444,180.0,0,0,720,7.6859722222222215,0.45389972899729,1458.0579166666666,Healthy,No Action,Healthy
0,2022-12-05,172.97597,177.90842,180.0,6.500163e-05,2.5132838e-05,0,3.9,1.1629167,180.0,0,0,720,7.4975,0.4387031165311653,1440.2369444444444,Healthy,No Action,Healthy
0,2022-12-06,173.1561,177.62004,180.0,0.00011280082,3.4217504e-05,0,3.8,1.3231945,180.0,0,0,720,5.331111111111111,0.17867276422764225,1119.1438888888888,Healthy,No Action,Healthy
0,2022-12-07,173.74864,178.10309,180.0,0.00062306103,9.842486e-05,0,3.5,1.0554167,180.0,0,0,720,7.460833333333333,0.42514247967479674,1438.364861111111,Healthy,No Action,Healthy
0,2022-12-08,175.28545,179.0878,180.0,0.00019120947,3.953265e-05,0,2.6,0.5073611,180.0,0,0,720,11.29513888888889,0.8483976964769648,1632.118888888889,Healthy,No Action,Healthy
0,2022-12-09,177.42145,179.50783,180.0,0.00016855597,2.0598567e-05,0,1.4,0.2738889,180.0,0,0,720,10.920555555555556,0.8414857723577236,1636.8780555555554,Healthy,No Action,Healthy
0,2022-12-10,173.06224,177.62274,180.0,0.00014131457,4.9180544e-05,0,3.9,1.31875,180.0,0,0,720,8.204166666666667,0.49466829268292684,1523.603888888889,Healthy,No Action,Healthy
0,2022-12-11,175.1656,178.33675,180.0,0.0001559712,2.0020834e-05,0,2.7,0.92444444,180.0,0,0,720,5.887361111111111,0.20778970189701892,1321.5666666666666,Healthy,No Action,Healthy
0,2022-12-12,173.19844,177.12721,179.72076,6.249177e-05,1.9994868e-05,0,3.8,1.5965278,179.45833333333334,0,0,720,3.169722222222222,0.03218143631436316,503.15125,Healthy,No Action,Healthy
0,2022-12-13,172.8337,176.83105,180.0,3.315584e-05,1.2197056e-05,0,4.0,1.7606944,178.45833333333334,0,0,720,3.205,0.010660094850948527,526.3322222222222,Healthy,No Action,Hydraulic group
0,2022-12-14,174.60434,178.05396,180.0,5.7858077e-05,2.6401935e-05,0,3.0,1.0798612,177.45833333333334,0,0,720,4.3163888888888895,0.10403658536585365,889.4858333333334,Healthy,No Action,Hydraulic group
0,2022-12-15,173.95314,176.58507,179.20883,7.610248e-05,5.2067488e-05,0,3.4,1.8994445,176.45833333333334,0,0,720,3.78125,0.05402940379403794,744.8980555555555,Healthy,No Action,Hydraulic group
0,2022-12-16,173.54758,176.08282,179.00331,0.00019102379,5.8980662e-05,0,3.6,2.1754167,175.45833333333334,0,0,720,4.961388888888889,0.17858048780487804,942.7606944444444,Healthy,No Action,Hydraulic group
0,2022-12-17,171.30229,175.65393,179.14673,0.00021295698,7.730143e-05,0,4.8,2.4143057,174.45833333333334,0,0,720,5.172638888888889,0.17634579945799458,1059.2108333333333,Healthy,No Action,Hydraulic group
0,2022-12-18,168.35806,172.24164,178.54008,0.00014216456,5.9131027e-05,0,6.5,4.3131943,173.45833333333334,0,0,720,6.212916666666667,0.2794021680216802,1247.2404166666665,Healthy,No Action,Hydraulic group
0,2022-12-19,164.64355,171.71959,176.41144,0.0014556845,0.00021481172,0,8.5,4.5994444,172.45833333333334,0,0,720,4.44625,0.10521483739837395,978.921111111111,Healthy,No Action,Hydraulic group
0,2022-12-20,169.22595,172.3957,174.77353,0.0001431187,6.6267174e-05,0,6.0,4.225,171.45833333333334,0,0,720,3.3869444444444445,0.038180284552845535,606.6855555555555,Healthy,No Action,Hydraulic group
0,2022-12-21,169.69249,171.92068,173.82234,0.000118501746,5.2780313e-05,0,5.7,4.4891667,170.45833333333334,0,0,720,3.7143055555555557,0.0873279810298103,655.38375,Healthy,No Action,Hydraulic group
0,2022-12-22,168.82294,171.26056,173.3263,0.00022847096,6.905847e-05,0,6.2,4.855278,169.45833333333334,0,0,720,4.915555555555556,0.12302649051490512,1094.8001388888888,Healthy,No Action,Hydraulic group
0,2022-12-23,165.8654,170.43654,173.8247,0.00021614201,7.8148754e-05,0,7.9,5.3131943,168.45833333333334,0,0,720,6.463472222222222,0.2621030487804878,1357.3159722222222,Healthy,No Action,Hydraulic group
0,2022-12-24,162.2676,166.55804,172.65271,0.0010539467,0.0002234491,0,9.9,7.4675,167.45833333333334,0,0,720,9.121527777777779,0.6130244579945799,1557.3627777777776,Healthy,No Action,Hydraulic group
0,2022-12-25,162.5589,166.93175,172.63895,0.00022733862,8.801667e-05,0,9.7,7.2616663,166.45833333333334,0,0,720,9.410694444444443,0.6688504742547425,1575.9277777777777,Healthy,No Action,Hydraulic group
0,2022-12-26,159.38045,165.73349,173.73798,0.00020605081,4.7147387e-05,0,11.5,7.925139,165.45833333333334,0,0,720,6.296805555555555,0.26167195121951214,1362.0980555555554,Healthy,No Action,Hydraulic group
0,2022-12-27,164.5213,168.04779,172.64519,6.0329407e-05,1.1895796e-05,0,8.6,6.640556,164.45833333333334,0,0,720,7.9934722222222225,0.4669008807588076,1473.357638888889,Healthy,No Action,Hydraulic group
0,2022-12-28,157.82587,165.39803,171.093,0.00016208984,4.7108122e-05,0,12.3,8.110695,163.45833333333334,0,0,720,10.044305555555555,0.7271089430894309,1596.1881944444444,Healthy,No Action,Hydraulic group
0,2022-12-29,151.4371,161.7532,167.57433,0.0002203856,3.730013e-05,0,15.9,10.139999,162.45833333333334,0,0,720,9.80013888888889,0.6871605013550135,1568.316388888889,Healthy,No Action,Hydraulic group
0,2022-12-30,153.61201,160.12285,166.30325,0.00061644753,0.00012089467,0,14.7,11.042916,161.45833333333334,0,0,720,8.501527777777778,0.5473241869918699,1535.1131944444444,Healthy,No Action,Hydraulic group
0,2022-12-31,147.442,161.07056,166.96335,0.00018691563,3.0168478e-05,0,18.1,10.514167,160.45833333333334,0,0,720,8.449027777777777,0.5474473577235772,1546.3670833333333,Healthy,No Action,Hydraulic group
0,2023-01-01,152.89322,157.67572,163.74974,7.7325485e-06,2.4976398e-06,0,15.1,12.402222,159.45833333333334,0,0,720,6.572638888888889,0.2779277100271002,1400.957222222222,Healthy,No Action,Hydraulic group
0,2023-01-02,154.77951,157.78793,162.9623,4.1207027e-06,2.31926e-06,0,14.0,12.339722,158.45833333333334,0,0,720,8.297777777777778,0.5322142953929538,1514.8348611111112,Healthy,No Action,Hydraulic group
0,2023-01-03,153.1852,156.80461,161.28943,6.812369e-06,1.9568106e-06,0,14.9,12.887638,157.45833333333334,0,0,720,4.366666666666666,0.16075968834688348,822.5390277777777,Healthy,No Action,Hydraulic group
0,2023-01-04,149.35925,156.0423,161.80727,9.02814e-06,3.748389e-06,0,17.0,13.309166,156.45833333333334,0,0,720,2.6041666666666665,0.015427032520325224,484.0366666666667,Healthy,No Action,Hydraulic group
0,2023-01-05,145.14226,152.95848,159.4557,9.681922e-06,4.54739e-06,0,19.4,15.021944,155.45833333333334,0,0,720,3.685416666666667,0.04500359078590785,813.1958333333333,Healthy,No Action,Hydraulic group
0,2023-01-06,149.97585,154.58687,159.33952,1.9775649e-05,4.6814494e-06,0,16.7,14.11764,154.45833333333334,0,0,720,7.128055555555555,0.4081791327913279,1320.575138888889,Healthy,No Action,Hydraulic group
0,2023-01-07,147.37492,151.51929,156.35022,1.11825375e-05,4.2084102e-06,0,18.1,15.821666,153.45833333333334,0,0,720,8.33611111111111,0.5388176151761517,1543.962638888889,Healthy,No Action,Hydraulic group
0,2023-01-08,149.03824,154.03389,158.64014,7.302701e-06,1.97029e-06,0,17.2,14.4275,152.45833333333334,0,0,720,6.433472222222223,0.30196361788617887,1296.7823611111112,Healthy,No Action,Hydraulic group
0,2023-01-09,150.31847,152.73296,157.08463,1.975727e-05,6.7272404e-06,0,16.5,15.149584,151.45833333333334,0,0,720,3.0662499999999997,0.04680765582655829,425.4247222222222,Healthy,No Action,Hydraulic group
0,2023-01-10,148.31984,150.54408,154.03314,1.380292e-05,6.0053344e-06,0,17.6,16.366945,150.45833333333334,0,0,720,3.355,0.06596917344173445,546.7204166666667,Healthy,No Action,Hydraulic group
0,2023-01-11,146.86093,149.23701,152.32387,1.2596046e-05,6.5293575e-06,0,18.4,17.090694,149.45833333333334,0,0,720,4.131805555555555,0.10164139566395664,808.2166666666667,Healthy,No Action,Hydraulic group
0,2023-01-12,143.2102,148.25258,153.56802,1.6681048e-05,7.410308e-06,0,20.4,17.63611,148.45833333333334,0,0,720,4.815416666666667,0.12705365853658535,1048.5281944444446,Healthy,No Action,Hydraulic group
0,2023-01-13,146.16547,149.55217,155.03609,1.8922334e-05,7.851141e-06,0,18.8,16.914999,147.45833333333334,0,0,720,4.787361111111111,0.12052276422764226,1041.8487499999999,Healthy,No Action,Hydraulic group
0,2023-01-14,145.09377,147.97731,151.52576,1.7960656e-05,5.877335e-06,0,19.4,17.791111,146.45833333333334,0,0,720,5.280833333333333,0.20957655826558266,1062.5181944444444,Healthy,No Action,Hydraulic group
0,2023-01-15,140.3573,145.4186,150.60028,1.5890259e-05,5.8432706e-06,0,22.0,19.212084,145.45833333333334,0,0,720,5.144027777777778,0.15889295392953928,1102.170138888889,Healthy,No Action,Hydraulic group
0,2023-01-16,142.35513,145.83218,151.26251,8.05128e-06,3.681073e-06,0,20.9,18.982918,144.45833333333334,0,0,720,4.0152777777777775,0.06250088075880758,912.6583333333333,Healthy,No Action,Hydraulic group
0,2023-01-17,140.60556,144.59828,150.1347,6.652741e-06,3.2030716e-06,0,21.9,19.6675,143.45833333333334,0,0,720,3.8150000000000004,0.047010501355013536,868.0855555555555,Healthy,No Action,Hydraulic group
0,2023-01-18,139.87276,144.48009,147.02368,6.39183e-06,3.2409937e-06,0,22.3,19.733797,142.45833333333334,0,0,577,4.549913344887349,0.11549461047470092,972.9119584055459,Healthy,No Action,Hydraulic group
0,2023-01-19,139.80597,142.06577,144.30054,3.5189028e-06,2.1258695e-06,0,22.3,21.075521,141.45833333333334,0,0,576,3.702777777777778,0.04262364498644987,692.9791666666666,Healthy,No Action,Hydraulic group
0,2023-01-20,138.44623,141.05974,143.80429,5.753734e-06,2.5664408e-06,0,23.1,21.634027,140.45833333333334,0,0,576,3.867361111111111,0.05482892953929539,780.0861111111111,Healthy,No Action,Hydraulic group
0,2023-01-21,138.12277,140.78326,142.19325,7.751368e-06,3.6154156e-06,0,23.3,21.785242,139.45833333333334,0,0,576,3.675694444444444,0.05215243902439025,659.5250000000001,Healthy,No Action,Hydraulic group
0,2023-01-22,135.18625,141.23347,144.70456,7.844107e-06,5.11993e-06,0,24.9,21.537327,138.45833333333334,0,0,576,3.7180555555555554,0.07060772357723578,627.4312500000001,Healthy,No Action,Hydraulic group
0,2023-01-23,136.0864,137.6222,138.9158,1.4740612e-05,7.3437654e-06,0,24.4,23.543922,137.45833333333334,0,0,576,2.4034722222222222,0.013024051490514926,408.98055555555555,Healthy,No Action,Hydraulic group
0,2023-01-24,135.08734,138.63979,142.11108,1.1660431e-05,6.935e-06,0,25.0,22.975348,136.45833333333334,0,0,576,2.829861111111111,0.02602235772357726,445.6326388888889,Healthy,No Action,Hydraulic group
0,2023-01-25,132.67255,137.36261,140.42018,1.4807792e-05,7.4739055e-06,0,26.3,23.688715,135.45833333333334,0,0,576,2.4631944444444445,0.019152439024390268,398.39444444444445,Healthy,No Action,Hydraulic group
0,2023-01-26,127.87288,133.01663,138.14626,1.28995825e-05,5.627476e-06,0,29.0,26.102951,134.45833333333334,0,0,576,6.828472222222222,0.3035047425474255,998.936111111111,Healthy,No Action,Hydraulic group
0,2023-01-27,128.48454,133.87218,137.32455,7.972824e-06,3.5977812e-06,0,28.6,25.626215,133.45833333333334,0,0,576,9.428472222222222,-0.0019048102981029395,58.54097222222222,Healthy,No Action,Hydraulic group
0,2023-01-28,128.84203,132.47621,136.41595,8.440233e-06,3.3310416e-06,0,28.4,26.401737,132.45833333333334,0,0,576,3.382638888888889,0.013280826558265608,309.9916666666667,Healthy,No Action,Hydraulic group
0,2023-01-29,126.887535,130.12964,132.62823,4.024495e-06,2.0981358e-06,0,29.5,27.706425,131.45833333333334,0,0,576,2.6145833333333335,0.0029976287262872946,320.50208333333336,Healthy,No Action,Hydraulic group
0,2023-01-30,127.057816,131.31726,136.77531,4.048446e-06,1.6616077e-06,0,29.4,27.046354,130.45833333333334,0,0,576,3.2319444444444443,0.013359417344173456,594.5729166666666,Healthy,No Action,Hydraulic group
0,2023-01-31,126.17124,131.51096,138.0394,1.2990851e-05,4.067349e-06,0,29.9,26.939365,129.45833333333334,0,0,536,5.638805970149254,0.1843338187113214,1314.873880597015,Healthy,No Action,Hydraulic group
0,2023-02-01,126.18613,129.77342,132.84148,1.2995697e-05,4.9202295e-06,0,29.9,27.903297,128.45833333333334,0,0,576,3.8187499999999996,0.05981368563685637,696.7319444444444,Healthy,No Action,Hydraulic group
0,2023-02-02,122.38134,126.94842,135.19089,2.507286e-05,1.3135879e-05,0,32.0,29.472918,127.45833333333333,0,0,576,6.531944444444445,0.27827879403794037,1189.18125,Healthy,No Action,Hydraulic group
0,2023-02-03,122.607735,128.1703,133.13974,1.9778723e-05,7.499652e-06,0,31.9,28.79653,126.45833333333333,0,0,576,5.6618055555555555,0.198135162601626,1291.3555555555556,Healthy,No Action,Hydraulic group
0,2023-02-04,124.56797,128.31076,133.0589,9.125704e-06,4.579457e-06,0,30.8,28.715624,125.45833333333333,0,0,576,8.004166666666666,0.4963045392953929,1493.3520833333334,Healthy,No Action,Hydraulic group
0,2023-02-05,117.07027,124.1337,128.83331,1.0152554e-05,5.116462e-06,0,35.0,31.035069,124.45833333333333,0,0,576,9.077777777777778,0.6137947154471545,1558.0555555555557,Healthy,No Action,Hydraulic group
0,2023-02-06,117.82603,124.31522,131.90977,9.826767e-06,3.1865573e-06,0,34.5,30.936806,123.45833333333333,0,0,576,3.2631944444444443,0.01607181571815719,651.60625,Healthy,No Action,Hydraulic group
0,2023-02-07,120.607506,128.05258,137.18394,1.4408218e-05,3.843543e-06,0,33.0,28.860243,122.45833333333333,0,0,576,3.6201388888888886,0.036563346883468836,756.0243055555555,Healthy,No Action,Hydraulic group
0,2023-02-08,119.86916,122.887695,126.794785,3.044335e-05,6.0247353e-06,0,33.4,31.729862,121.45833333333333,0,0,576,5.137499999999999,0.1685301490514905,1155.7291666666667,Healthy,No Action,Hydraulic group
0,2023-02-09,116.83019,121.42913,124.69721,1.8206922e-05,8.233086e-06,0,35.1,32.539234,120.45833333333333,0,0,576,5.299305555555556,0.18675643631436312,1131.1979166666667,Healthy,No Action,Hydraulic group
0,2023-02-10,115.8085,119.98424,123.05446,1.3890178e-05,6.056936e-06,0,35.7,33.341667,119.45833333333333,0,0,576,3.8993055555555554,0.06198441734417343,781.5868055555555,Healthy,No Action,Hydraulic group
0,2023-02-11,117.95064,121.035416,124.3613,2.385439e-05,1.1104922e-05,0,34.5,32.759026,118.45833333333333,0,0,576,8.290277777777778,0.5181913956639567,1550.1861111111111,Healthy,No Action,Hydraulic group
0,2023-02-12,113.193634,119.37062,126.250175,8.265579e-06,2.2468973e-06,0,37.1,33.683334,117.45833333333333,0,0,576,9.334722222222222,0.6546334688346884,1571.5770833333333,Healthy,No Action,Hydraulic group
0,2023-02-13,114.21873,118.91284,125.638405,9.014667e-06,2.7143008e-06,0,36.5,33.935764,116.45833333333333,0,0,576,6.3805555555555555,0.28447730352303524,1212.9493055555556,Healthy,No Action,Hydraulic group
0,2023-02-14,106.65303,113.84623,119.26113,1.2617386e-05,5.5310375e-06,0,40.7,36.754166,115.45833333333333,0,0,576,4.0680555555555555,0.06519139566395662,889.2263888888889,Healthy,No Action,Hydraulic group
0,2023-02-15,111.55752,115.78064,121.30363,1.7009575e-05,6.5761533e-06,0,38.0,35.678646,114.45833333333333,0,0,576,11.598611111111111,0.7776527777777777,1610.5888888888887,Healthy,No Action,Hydraulic group
0,2023-02-16,110.115005,115.35437,120.21175,8.879599e-06,2.0641526e-06,0,38.8,35.914932,113.45833333333333,0,0,576,11.901388888888889,0.8983980352303522,1652.6083333333333,Healthy,No Action,Hydraulic group
0,2023-02-17,111.092896,115.34595,123.18879,2.6454857e-06,9.482867e-07,0,38.3,35.91771,112.45833333333333,0,0,576,9.29513888888889,0.670795054200542,1608.9048611111111,Healthy,No Action,Hydraulic group
0,2023-02-18,111.199776,118.63037,123.06768,5.6291024e-06,2.033796e-06,0,38.2,34.094097,111.45833333333333,0,0,576,4.313194444444445,0.08195697831978317,996.6222222222223,Healthy,No Action,Hydraulic group
0,2023-02-19,108.83088,114.198,121.296875,1.8845149e-05,3.9636825e-06,0,39.5,36.557465,110.45833333333333,0,0,576,7.497916666666667,0.5047215447154472,1176.1645833333334,Healthy,No Action,Hydraulic group
0,2023-02-20,106.5877,111.04494,117.73106,1.297957e-05,4.604349e-06,0,40.8,38.307117,109.45833333333333,0,0,576,11.902083333333334,0.743435975609756,1591.2180555555556,Healthy,No Action,Hydraulic group
0,2023-02-21,105.13482,109.319855,117.1583,1.1255914e-05,2.5655277e-06,0,41.6,39.26632,108.45833333333333,0,0,576,12.865972222222222,0.7907882791327913,1514.6,Healthy,No Action,Hydraulic group
0,2023-02-22,102.67034,110.18583,116.78744,1.138044e-05,3.8580724e-06,0,43.0,38.78351,107.45833333333333,0,0,576,8.956944444444444,0.5654996612466126,1451.0416666666667,Healthy,No Action,Hydraulic group
0,2023-02-23,100.44822,107.0453,112.10501,1.9284553e-05,4.06422e-06,0,44.2,40.533157,106.45833333333333,0,0,576,2.865277777777778,0.014130081300813023,477.7361111111111,Healthy,No Action,Hydraulic group
0,2023-02-24,101.68505,110.555244,122.45829,8.55375e-06,2.58317e-06,0,43.5,38.581596,105.45833333333333,0,0,576,3.185416666666667,0.018757452574525758,594.71875,Healthy,No Action,Hydraulic group
0,2023-02-25,99.87296,102.605675,104.721176,3.026605e-06,1.4710099e-06,0,44.5,42.994446,104.45833333333333,0,0,576,3.4756944444444446,0.025195121951219514,716.5715277777778,Healthy,No Action,Hydraulic group
0,2023-02-26,100.65527,103.61221,108.275734,6.123093e-06,2.9983182e-06,0,44.1,42.43611,103.45833333333333,0,0,576,2.0923611111111113,-0.0007107046070460313,206.26736111111111,Healthy,No Action,Hydraulic group
0,2023-02-27,98.70883,103.47735,110.06605,3.9960178e-06,1.9630768e-06,0,45.2,42.515625,102.45833333333333,0,0,576,3.6999999999999997,0.05840718157181573,736.7375,Healthy,No Action,Hydraulic group
0,2023-02-28,100.85009,103.70574,110.35571,3.7477027e-06,1.8503397e-06,0,44.0,42.38889,101.45833333333333,0,0,576,4.967361111111111,0.11298407859078588,1087.4819444444445,Healthy,No Action,Hydraulic group
0,2023-03-01,98.96062,102.03217,104.45405,4.1077624e-06,1.7419989e-06,0,45.0,43.312847,100.45833333333333,0,0,576,3.326388888888889,0.011647357723577244,646.1472222222222,Healthy,No Action,Hydraulic group
0,2023-03-02,96.96093,101.87497,105.88381,1.1165435e-05,2.977846e-06,0,46.1,43.4033,99.45833333333333,0,0,576,2.8715277777777777,0.004372967479674827,407.8611111111111,Healthy,No Action,Hydraulic group
0,2023-03-03,98.26162,102.06255,108.60928,1.3964396e-05,4.5696706e-06,0,45.4,43.297916,98.45833333333333,0,0,576,6.647916666666666,0.39929098915989164,884.3,Healthy,No Action,Hydraulic group
0,2023-03-04,93.44658,99.463486,106.45686,1.160306e-05,3.2885337e-06,0,48.1,44.741665,97.45833333333333,0,0,576,10.293055555555556,0.635405487804878,1557.9173611111112,Healthy,No Action,Hydraulic group
0,2023-03-05,94.85223,98.7966,102.478355,7.875191e-06,2.1493104e-06,0,47.3,45.113194,96.45833333333333,0,0,576,3.7437500000000004,0.07211957994579947,702.4881944444445,Healthy,No Action,Hydraulic group
0,2023-03-06,96.25135,101.698456,106.77931,3.222311e-05,5.714977e-06,0,46.5,43.5033,95.45833333333333,0,0,576,4.429166666666666,0.09438550135501354,973.1833333333333,Healthy,No Action,Hydraulic group
0,2023-03-07,90.93397,94.22646,99.48879,9.418831e-06,3.994285e-06,0,49.5,47.65382,94.45833333333333,0,0,576,3.9756944444444446,0.06577947154471543,899.7305555555555,Healthy,No Action,Hydraulic group
0,2023-03-08,86.70695,92.23979,97.692154,1.4675306e-05,8.088933e-06,0,51.8,48.75764,93.45833333333333,0,0,576,6.467361111111111,0.3213990514905149,1272.5812500000002,Monitor,Schedule,Hydraulic group
0,2023-03-09,87.30034,97.09505,108.53122,5.0886993e-06,1.7682877e-06,0,51.5,46.056946,92.45833333333333,0,0,576,9.211805555555555,0.6156798780487804,1586.3763888888889,Monitor,Schedule,Hydraulic group
0,2023-03-10,88.15243,92.16812,100.35747,4.7580445e-05,4.310785e-06,0,51.0,48.796528,91.45833333333333,0,0,576,4.904166666666667,0.13979945799457993,1015.7819444444444,Monitor,Schedule,Hydraulic group
0,2023-03-11,83.786995,93.158325,102.48336,3.219522e-05,1.0521666e-05,0,53.5,48.245136,90.45833333333333,0,0,576,2.588888888888889,0.010266937669376718,444.8694444444444,Monitor,Schedule,Hydraulic group
0,2023-03-12,87.53633,92.82614,101.38962,3.0908777e-05,1.0716729e-05,0,51.4,48.429516,89.45833333333333,0,0,576,6.13125,0.26575982384823843,1259.0166666666667,Monitor,Schedule,Hydraulic group
0,2023-03-13,87.5181,93.08037,97.17104,4.3309497e-05,7.702565e-06,0,51.4,48.28785,88.45833333333333,0,0,576,7.054861111111111,0.384039972899729,1410.4361111111111,Monitor,Schedule,Hydraulic group
0,2023-03-14,84.88038,93.64574,101.1205,9.042167e-06,4.2292995e-06,0,52.8,47.972916,87.45833333333333,0,0,576,8.662500000000001,0.39723306233062333,1173.8090277777778,Monitor,Schedule,Hydraulic group
0,2023-03-15,80.59109,85.92655,92.67765,1.0842916e-05,5.225352e-06,0,55.2,52.262848,86.45833333333333,0,0,576,13.691666666666666,0.942083672086721,1657.3291666666667,Monitor,Schedule,Hydraulic group
0,2023-03-16,77.58004,83.30509,90.42454,1.25956385e-05,1.74615e-06,0,56.9,53.715103,85.45833333333333,0,0,576,12.693750000000001,0.9027852303523035,1650.7666666666667,Monitor,Schedule,Hydraulic group
0,2023-03-17,80.18377,84.13865,88.36156,2.1675993e-05,3.2855876e-06,0,55.5,53.254684,84.45833333333333,0,0,576,10.077777777777778,0.69660027100271,1571.513888888889,Monitor,Schedule,Hydraulic group
0,2023-03-18,80.009026,82.99504,87.93958,1.9667037e-05,5.362008e-06,0,55.6,53.889236,83.45833333333333,0,0,576,9.252777777777778,0.6355125338753387,1577.1277777777777,Monitor,Schedule,Hydraulic group
0,2023-03-19,78.19264,82.387115,87.72068,9.372051e-06,2.6448672e-06,0,56.6,54.227604,82.45833333333333,0,0,576,4.925000000000001,0.18354031165311654,943.1138888888888,Monitor,Schedule,Hydraulic group
0,2023-03-20,74.855545,82.60337,90.472206,4.917835e-06,2.033365e-06,0,58.4,54.109547,81.45833333333333,0,0,576,3.770138888888889,0.08482892953929538,734.2256944444445,Monitor,Schedule,Hydraulic group
0,2023-03-21,73.192986,80.88838,86.01179,1.0913179e-05,3.4558511e-06,0,59.3,55.06267,80.45833333333333,0,0,576,6.456250000000001,0.2874363143631436,1353.6402777777778,Monitor,Schedule,Hydraulic group
0,2023-03-22,75.06255,80.11661,86.29244,6.3411935e-06,2.4875533e-06,0,58.3,55.4908,79.45833333333333,0,0,576,6.210416666666666,0.25070731707317073,1337.6354166666667,Monitor,Schedule,Hydraulic group
0,2023-03-23,77.122375,80.52297,84.92323,7.0210112e-06,3.3550134e-06,0,57.2,55.263718,78.45833333333333,0,0,576,5.891666666666667,0.2593224932249323,1152.1,Monitor,Schedule,Hydraulic group
0,2023-03-24,70.10697,77.467674,83.1977,3.103756e-05,1.1426028e-05,0,61.1,56.960938,77.45833333333333,0,0,576,3.179861111111111,0.03794207317073172,512.1402777777778,Monitor,Schedule,Hydraulic group
0,2023-03-25,74.424675,77.87551,81.33914,2.1523358e-05,1.0192347e-05,0,58.7,56.735245,76.45833333333333,0,0,576,7.491666666666666,0.4422896341463415,1378.4805555555556,Monitor,Schedule,Hydraulic group
0,2023-03-26,73.35095,76.58361,81.09255,1.7591012e-05,4.502703e-06,0,59.2,57.45507,75.45833333333333,0,0,552,7.076811594202899,0.3380300459526334,1437.1739130434783,Monitor,Schedule,Hydraulic group
0,2023-03-27,70.35762,76.565216,81.44705,6.43622e-06,1.9349504e-06,0,60.9,57.461807,74.45833333333333,0,0,576,5.704166666666667,0.21037804878048777,1212.8743055555556,Monitor,Schedule,Hydraulic group
0,2023-03-28,69.808365,78.36132,85.1217,5.2857835e-05,1.106787e-05,0,61.2,56.465622,73.45833333333333,0,0,576,2.754166666666667,0.011013888888888908,466.00624999999997,Monitor,Schedule,Hydraulic group
0,2023-03-29,65.96421,73.43611,78.00855,5.8385317e-06,2.683972e-06,0,63.4,59.2033,72.45833333333333,0,0,576,8.7625,0.5409718834688346,1538.3041666666666,Monitor,Schedule,Hydraulic group
0,2023-03-30,65.377914,72.287186,81.5114,2.4730924e-05,3.8538005e-06,0,63.7,59.840103,71.45833333333333,0,0,576,6.988194444444444,0.32858604336043357,1424.53125,Monitor,Schedule,Hydraulic group
0,2023-03-31,66.325,72.50479,81.95119,5.667725e-06,1.9356653e-06,0,63.2,59.71806,70.45833333333333,0,0,576,3.913888888888889,0.06432283197831977,853.1888888888889,Monitor,Schedule,Hydraulic group
0,2023-04-01,65.48814,72.38544,81.01049,9.078449e-06,3.0554004e-06,0,63.6,59.78628,69.45833333333333,0,0,576,4.952083333333333,0.11049457994579943,1155.8423611111111,Monitor,Schedule,Hydraulic group
0,2023-04-02,60.946457,67.860275,73.634514,1.9807074e-05,4.9573937e-06,0,66.1,62.30087,68.45833333333333,0,0,576,2.3520833333333333,0.0036324525745257763,273.76180555555555,Monitor,Schedule,Hydraulic group
0,2023-04-03,60.35418,67.59653,72.92771,7.2025223e-06,2.7741835e-06,0,66.5,62.447395,67.45833333333333,0,0,576,8.290277777777778,0.5354471544715448,1355.2027777777778,Monitor,Schedule,Hydraulic group
0,2023-04-04,58.610703,66.19442,72.04124,3.631104e-05,6.528382e-06,0,67.4,63.224304,66.45833333333333,0,0,576,8.519444444444444,0.5417388211382114,1552.7236111111113,Monitor,Schedule,Hydraulic group
0,2023-04-05,61.49317,68.21438,74.92787,3.0858666e-06,8.9221277e-07,0,65.8,62.10295,65.45833333333333,0,0,576,6.245833333333334,0.25614871273712736,1293.0298611111111,Monitor,Schedule,Hydraulic group
0,2023-04-06,63.02356,65.76767,70.96237,9.483076e-06,1.4734537e-06,0,65.0,63.46493,64.45833333333333,0,0,576,12.854166666666666,0.9260796070460705,1652.5513888888888,Monitor,Schedule,Hydraulic group
0,2023-04-07,60.244125,64.589645,70.45278,8.075911e-06,1.4143707e-06,0,66.5,64.11893,63.458333333333336,0,0,576,14.145138888888889,0.9657025745257451,1659.7062500000002,Monitor,Schedule,Hydraulic group
0,2023-04-08,60.185364,63.314636,69.729836,1.7759645e-06,6.047565e-07,0,66.6,64.82604,62.458333333333336,0,0,576,12.059722222222222,0.8810074525745257,1641.6895833333333,Monitor,Schedule,Hydraulic group
0,2023-04-09,59.474026,61.922276,65.89172,4.4416365e-07,1.8220128e-07,0,67.0,65.60122,61.458333333333336,0,0,576,13.1375,0.9502628726287264,1656.5659722222222,Monitor,Schedule,Hydraulic group
0,2023-04-10,58.20287,61.209316,64.61756,1.8550722e-06,5.0588864e-07,0,67.7,65.99323,60.458333333333336,0,0,576,13.610416666666667,0.9630853658536586,1658.6999999999998,Monitor,Schedule,Hydraulic group
0,2023-04-11,57.34746,60.140923,66.17919,2.9336431e-06,1.130596e-06,0,68.1,66.58542,59.458333333333336,0,0,576,8.268055555555556,0.4807371273712737,1515.2798611111111,Monitor,Schedule,Hydraulic group
0,2023-04-12,56.153404,61.5928,70.17809,2.9246257e-05,3.151153e-06,0,68.8,65.78038,58.458333333333336,0,0,576,4.566666666666666,0.10297967479674795,994.2076388888888,Monitor,Schedule,Hydraulic group
0,2023-04-13,47.991932,58.083576,66.01828,0.0001875149,3.241503e-05,0,73.3,67.729515,57.458333333333336,0,0,576,4.478472222222222,0.08914058265582654,923.8979166666666,Monitor,Schedule,Hydraulic group
0,2023-04-14,49.14468,54.62205,58.542774,0.00028002565,6.55883e-05,0,72.7,69.65573,56.458333333333336,0,0,576,3.589583333333333,0.034926829268292686,718.05,Monitor,Schedule,Hydraulic group
0,2023-04-15,49.272877,55.160664,59.54132,6.3883825e-05,1.9621622e-05,0,72.6,69.355034,55.458333333333336,0,0,576,3.3736111111111113,0.04796476964769649,607.088888888889,Monitor,Schedule,Hydraulic group
0,2023-04-16,51.238075,55.364933,61.0015,2.9175751e-05,1.3377545e-05,0,71.5,69.24063,54.458333333333336,0,0,576,5.824305555555556,0.3028729674796748,975.6597222222222,Monitor,Schedule,Hydraulic group
0,2023-04-17,49.685444,53.660168,60.373928,3.3102635e-05,8.109744e-06,0,72.4,70.18889,53.458333333333336,0,0,576,5.105555555555556,0.15912398373983738,1059.4701388888889,Monitor,Schedule,Hydraulic group
0,2023-04-18,47.187435,52.36092,57.50387,2.792365e-05,5.522577e-06,0,73.8,70.91025,52.458333333333336,0,0,576,9.934722222222222,0.6442384823848238,1567.798611111111,Monitor,Schedule,Hydraulic group
0,2023-04-19,46.511776,53.545124,61.066723,4.3675394e-05,8.975076e-06,0,74.2,70.253296,51.458333333333336,0,0,576,13.59375,0.8108160569105691,1622.7958333333333,Monitor,Schedule,Hydraulic group
0,2023-04-20,45.625313,50.1186,56.043633,1.9784366e-06,8.41042e-07,0,74.7,72.15591,50.458333333333336,0,0,576,21.085416666666667,0.8219214092140921,1418.9347222222223,Monitor,Schedule,Hydraulic group
0,2023-04-21,47.231224,49.772953,54.148384,1.7435636e-06,4.7525958e-07,0,73.8,72.349304,49.458333333333336,0,0,576,15.995833333333334,0.9332469512195121,1652.6833333333334,Monitor,Schedule,Hydraulic group
0,2023-04-22,46.757008,48.993244,54.087215,1.2028203e-06,4.939355e-07,0,74.0,72.78177,48.458333333333336,0,0,576,14.081944444444444,0.8939071815718158,1629.9430555555555,Monitor,Schedule,Hydraulic group
0,2023-04-23,43.912228,49.028816,54.04592,7.032457e-06,1.5878542e-06,0,75.6,72.76111,47.458333333333336,0,0,576,8.962499999999999,0.5585948509485095,1590.4041666666667,Monitor,Schedule,Hydraulic group
0,2023-04-24,41.649754,48.823414,63.014046,4.933431e-06,1.7914323e-06,0,76.9,72.874825,46.458333333333336,0,0,576,6.529166666666667,0.25479607046070457,1343.7569444444443,Monitor,Schedule,Hydraulic group
0,2023-04-25,41.515415,46.156128,51.492382,2.171021e-05,3.5932785e-06,0,76.9,74.357635,45.458333333333336,0,0,576,5.115277777777778,0.1169932249322493,1159.0020833333333,Monitor,Schedule,Hydraulic group
0,2023-04-26,41.27231,44.40233,50.946037,4.331086e-05,2.1951757e-05,0,77.1,75.32934,44.458333333333336,0,0,576,4.6194444444444445,0.08625948509485093,1041.1090277777778,Monitor,Schedule,Hydraulic group
0,2023-04-27,42.558796,45.26761,48.7046,4.821737e-05,2.1942913e-05,0,76.4,74.84895,43.458333333333336,0,0,572,3.4153846153846152,0.008260958553641487,587.6384615384616,Monitor,Schedule,Hydraulic group
0,2023-04-28,35.691574,42.978703,51.462765,9.660141e-05,3.1009884e-05,0,80.2,76.125,42.458333333333336,0,0,576,9.909722222222221,0.727490514905149,1577.0006944444444,Monitor,Schedule,Hydraulic group
0,2023-04-29,39.212376,43.1718,48.85474,1.479633e-05,5.3807316e-06,0,78.2,76.01545,41.458333333333336,0,0,576,5.523611111111111,0.20846781842818427,1140.9020833333334,Monitor,Schedule,Hydraulic group
0,2023-04-30,39.91486,44.71246,51.04034,1.2466063e-05,4.8600164e-06,0,77.8,75.15851,40.458333333333336,0,0,576,5.371527777777778,0.18525,1132.4909722222224,Monitor,Schedule,Hydraulic group
0,2023-05-01,36.119144,40.679077,44.83827,5.542472e-05,2.036208e-05,0,79.9,77.396355,39.458333333333336,0,0,576,3.697222222222222,0.03287127371273711,840.5562500000001,Monitor,Schedule,Hydraulic group
0,2023-05-02,34.059242,38.56153,43.355698,8.113389e-05,1.9468524e-05,0,81.1,78.57847,38.458333333333336,0,0,576,11.541666666666666,0.8064820460704607,1590.8444444444444,Monitor,Schedule,Hydraulic group
0,2023-05-03,33.112957,37.44397,46.27296,0.00023475882,3.368449e-05,0,81.6,79.19757,37.458333333333336,0,0,576,10.430555555555555,0.7763733062330623,1621.9597222222224,Monitor,Schedule,Hydraulic group
0,2023-05-04,34.721657,38.481106,44.090557,1.158728e-05,2.7263702e-06,0,80.7,78.62448,36.458333333333336,0,0,576,7.722222222222222,0.4376629403794038,1432.61875,Monitor,Schedule,Hydraulic group
0,2023-05-05,28.318512,36.730457,44.546436,6.6133002e-06,1.9050557e-06,0,84.3,79.59809,35.458333333333336,0,0,576,5.63125,0.1796263550135501,1252.50625,Warning,Plan Soon,Hydraulic group
0,2023-05-06,27.516575,35.54628,42.761368,1.6678343e-05,5.7046805e-06,0,84.7,80.25313,34.458333333333336,0,0,576,3.1118055555555557,0.023205962059620604,576.7486111111111,Warning,Plan Soon,Hydraulic group
0,2023-05-07,27.939194,33.111797,40.458847,6.391777e-05,1.748122e-05,0,84.5,81.60348,33.458333333333336,0,0,576,6.488888888888889,0.28610975609756095,1311.05625,Warning,Plan Soon,Hydraulic group
0,2023-05-08,25.579853,30.59076,36.98469,1.7489976e-06,2.8712037e-07,0,85.8,83.00347,32.458333333333336,0,0,576,6.946527777777778,0.30718495934959344,1434.8645833333333,Warning,Plan Soon,Hydraulic group
0,2023-05-09,26.119213,30.946625,37.552402,2.9096254e-06,7.1280715e-07,0,85.5,82.8085,31.458333333333332,0,0,576,4.577083333333333,0.08620291327913278,1009.6666666666666,Warning,Plan Soon,Hydraulic group
0,2023-05-10,26.335098,32.29754,39.29654,2.4229108e-05,4.839092e-06,0,85.4,82.05798,30.458333333333332,0,0,576,7.649305555555555,0.4449742547425475,1374.8409722222223,Warning,Plan Soon,Hydraulic group
0,2023-05-11,25.852268,29.622131,39.175335,2.5675512e-05,7.796931e-06,0,85.6,83.53993,29.458333333333332,0,0,576,7.980555555555556,0.4587123983739837,1513.5284722222223,Warning,Plan Soon,Hydraulic group
0,2023-05-12,25.151056,28.420876,33.127323,1.8954517e-05,3.657201e-06,0,86.0,84.21198,28.458333333333332,0,0,576,7.229166666666667,0.35985027100271005,1444.8618055555555,Warning,Plan Soon,Hydraulic group
0,2023-05-13,26.278812,29.106129,34.634037,4.831177e-05,9.921105e-06,0,85.4,83.82835,27.458333333333332,0,0,501,3.587624750499002,0.04389270240007791,670.8285429141716,Warning,Plan Soon,Hydraulic group
0,2023-05-14,24.762306,28.89468,33.772594,6.706954e-05,1.3536611e-05,0,86.2,83.946526,26.458333333333332,0,0,432,3.119444444444444,0.05887228997289974,502.49652777777777,Warning,Plan Soon,Hydraulic group
0,2023-05-15,20.772972,27.063515,31.075317,6.4809145e-05,1.1529356e-05,0,88.5,84.96181,25.458333333333332,0,0,432,9.405555555555555,0.5862743902439024,1491.5868055555557,Warning,Plan Soon,Hydraulic group
0,2023-05-16,20.606419,25.96626,31.072216,1.30906665e-05,4.577399e-06,0,88.6,85.57338,24.458333333333332,0,0,432,12.110416666666666,0.8388021680216803,1627.2131944444443,Warning,Plan Soon,Hydraulic group
0,2023-05-17,18.773903,23.844917,30.307413,2.1918286e-06,5.7270773e-07,0,89.6,86.75255,23.458333333333332,0,0,432,10.225694444444445,0.7285985772357724,1591.1020833333332,Warning,Plan Soon,Hydraulic group
0,2023-05-18,15.996031,20.759434,27.971457,2.527676e-05,4.6920695e-06,0,91.1,88.467354,22.458333333333332,0,0,432,5.722222222222222,0.2102581300813008,1157.91875,Warning,Plan Soon,Hydraulic group
0,2023-05-19,15.852161,22.74089,28.742098,1.0715929e-05,2.7361164e-06,0,91.2,87.36806,21.458333333333332,0,0,432,4.018055555555556,0.059909552845528444,887.7034722222223,Warning,Plan Soon,Hydraulic group
0,2023-05-20,14.971869,22.589678,29.005672,9.031653e-06,2.4823714e-06,0,91.7,87.44931,20.458333333333332,0,0,432,13.78888888888889,0.9298705962059621,1650.0631944444447,Warning,Plan Soon,Hydraulic group
0,2023-05-21,15.239726,19.287638,24.100174,1.1099876e-05,3.8546127e-06,0,91.5,89.284485,19.458333333333332,0,0,432,15.060416666666667,0.8991785230352304,1646.4097222222222,Warning,Plan Soon,Hydraulic group
0,2023-05-22,12.981797,18.221136,27.641834,0.0043001007,0.00032920737,0,92.8,89.87731,18.458333333333332,0,0,432,4.327083333333333,0.10342039295392953,844.3125,Warning,Urgent,Hydraulic group
0,2023-05-23,12.20294,17.388596,21.9371,0.0040727574,0.00039654563,0,93.2,90.3375,17.458333333333332,0,0,432,11.932638888888889,0.6849017615176152,1575.025,Warning,Urgent,Hydraulic group
0,2023-05-24,13.003077,19.119284,25.810492,2.8151295e-05,6.1607943e-06,0,92.8,89.37871,16.458333333333332,0,0,432,12.885416666666666,0.8816016260162601,1645.4833333333333,Warning,Urgent,Hydraulic group
0,2023-05-25,14.320392,18.424055,25.500717,5.308022e-06,8.847978e-07,0,92.0,89.76203,15.458333333333334,0,0,432,7.0888888888888895,0.3726592140921409,1285.4493055555556,Warning,Plan Soon,Hydraulic group
0,2023-05-26,9.055819,15.74092,22.328629,0.00070299936,0.0001982001,0,95.0,91.25671,14.458333333333334,0,0,432,3.2354166666666666,0.019042682926829282,565.8305555555556,Warning,Urgent,Hydraulic group
0,2023-05-27,2.3203583,12.934084,26.663315,0.00018649976,4.6560253e-05,0,98.7,92.81551,13.458333333333334,0,0,432,4.479166666666667,0.14722764227642277,742.9819444444445,Critical,Urgent,Hydraulic group
0,2023-05-28,8.456277,13.466456,18.567802,7.6505006e-05,2.671472e-05,0,95.3,92.51806,12.458333333333334,0,0,432,4.79375,0.10768699186991869,1035.7270833333332,Warning,Urgent,Hydraulic group
0,2023-05-29,3.0057876,9.25212,15.563346,0.0006741266,0.00014299138,0,98.3,94.86412,11.458333333333334,0,0,432,4.022916666666667,0.06216158536585365,847.2472222222221,Critical,Urgent,Hydraulic group
0,2023-05-30,0.9437823,9.822993,15.142129,0.00024038374,8.6170854e-05,0,99.5,94.54422,10.458333333333334,0,0,432,3.6715277777777775,0.0473689024390244,694.182638888889,Critical,Urgent,Hydraulic group
0,2023-05-31,0.0,8.594091,19.013292,0.00046234063,9.422376e-05,0,100.0,95.225,9.458333333333334,0,0,432,9.222222222222221,0.6076876693766938,1506.0506944444444,Critical,Urgent,Hydraulic group
0,2023-06-01,4.6551266,10.093415,16.654636,0.00017261007,5.1325405e-05,0,97.4,94.39282,8.458333333333334,0,0,432,9.950694444444444,0.7194674796747967,1615.6965277777779,Critical,Urgent,Hydraulic group
0,2023-06-02,3.3044038,9.537178,16.367607,0.00015468945,3.6783764e-05,0,98.2,94.702545,7.458333333333333,0,0,432,8.332638888888889,0.528879403794038,1452.6770833333333,Critical,Urgent,Hydraulic group
0,2023-06-03,0.0,16.534594,36.167984,0.9999423,0.55182153,238,100.0,90.813896,6.458333333333333,237,0,432,3.5638888888888887,0.03958333333333333,689.9291666666667,Critical,Immediate,Hydraulic group
0,2023-06-04,3.1332622,18.057192,50.101692,0.99996233,0.9998151,432,98.3,89.96644,5.458333333333333,432,0,432,4.0263888888888895,0.10103252032520325,801.692361111111,Critical,Immediate,Hydraulic group
0,2023-06-05,0.0,16.620848,46.54372,0.99997294,0.9998593,432,100.0,90.765045,4.458333333333333,432,0,432,3.9875,0.06744613821138211,842.286111111111,Critical,Immediate,Hydraulic group
0,2023-06-06,0.0,7.778777,22.0926,0.9999696,0.99991107,432,100.0,95.67916,3.4583333333333335,432,0,432,4.107638888888889,0.07126321138211382,797.4104166666666,Critical,Immediate,Hydraulic group
0,2023-06-07,0.0,7.8059955,35.094753,0.99997663,0.99983543,432,100.0,95.662735,2.4583333333333335,432,0,432,7.620833333333333,0.4471710704607046,1002.5145833333333,Critical,Immediate,Hydraulic group
0,2023-06-08,0.0,5.1626472,20.337234,0.9999558,0.9998189,432,100.0,97.13125,1.4583333333333333,432,0,432,11.377777777777778,0.8226968157181572,1624.8166666666668,Critical,Immediate,Hydraulic group
0,2023-06-09,0.0,4.2260017,19.151768,0.99994075,0.9998425,432,100.0,97.65138,0.4583333333333333,432,0,432,3.7875,0.07403489159891599,735.2229166666666,Critical,Immediate,Hydraulic group
0,2023-06-10,0.0,53.46115,121.64614,0.9999733,0.46965808,196,100.0,70.30047,0.041666666666666664,195,222,432,8.052777777777779,0.5031209349593495,1345.5743055555556,Critical,Immediate,Hydraulic group
0,2023-06-11,33.43767,85.83465,118.627495,0.079760306,0.014151181,0,81.4,52.316204,55.25,0,432,432,11.821527777777776,0.8733946476964769,1631.6958333333332,Monitor,Schedule,Generator bearing failure
0,2023-06-12,49.325592,104.06983,137.74722,0.010425843,0.0011662389,0,72.6,42.18449,54.25,0,432,432,10.122222222222222,0.6829058265582655,1597.588888888889,Monitor,Schedule,Generator bearing failure
0,2023-06-13,80.93185,123.098045,146.71758,0.00013194847,2.0837477e-05,0,55.0,31.61389,53.25,0,432,432,7.468055555555555,0.39641361788617885,1334.7784722222223,Monitor,Schedule,Generator bearing failure
0,2023-06-14,27.61115,59.38757,93.98556,0.012170045,0.0012951968,0,84.7,67.00625,52.25,0,432,432,3.1805555555555554,0.031945460704607055,577.4125,Warning,Plan Soon,Generator bearing failure
0,2023-06-15,41.971317,75.66051,103.00227,0.003488876,0.0005140812,0,76.7,57.965508,51.25,0,432,432,3.1208333333333336,0.021007791327913302,488.0027777777778,Monitor,Schedule,Generator bearing failure
0,2023-06-16,28.669506,68.193245,102.23983,0.00037819924,6.131099e-05,0,84.1,62.11551,50.25,0,432,432,10.03263888888889,0.4008810975609756,1090.5909722222223,Warning,Plan Soon,Generator bearing failure
0,2023-06-17,25.329803,47.423355,70.12548,0.0007562494,8.007196e-05,0,85.9,73.65347,49.25,0,213,432,10.266666666666666,0.26309722222222226,533.7312499999999,Warning,Plan Soon,Generator bearing failure
0,2023-06-18,38.42501,50.531162,61.88833,0.0014101046,0.0002771288,0,78.7,71.92801,48.25,0,0,432,10.254861111111111,0.7313936314363144,1615.445138888889,Monitor,Schedule,Generator bearing failure
0,2023-06-19,33.229916,49.862988,72.834175,0.00056779716,8.819167e-05,0,81.5,72.29665,47.25,0,0,359,10.615041782729806,0.6409294109654189,1566.5643454038996,Monitor,Schedule,Generator bearing failure
0,2023-06-20,33.451633,49.56537,63.819443,0.00019279121,5.8783866e-05,0,81.4,72.46354,46.25,0,0,288,10.684722222222222,0.6543241869918699,1550.65,Monitor,Schedule,Generator bearing failure
0,2023-06-21,37.668716,46.658817,59.874756,0.009529374,0.001423999,0,79.1,74.076385,45.25,0,0,288,5.15,0.14764634146341463,1049.4326388888887,Monitor,Schedule,Generator bearing failure
0,2023-06-22,30.83192,47.147034,60.76868,0.027262393,0.0041930983,0,82.9,73.80866,44.25,0,0,254,3.1866141732283464,0.026907624351834084,586.2007874015748,Monitor,Schedule,Generator bearing failure
0,2023-06-23,23.378374,42.33737,63.26089,0.023369873,0.0028445579,0,87.0,76.477776,43.25,0,0,288,3.2756944444444445,0.036811314363143645,569.7493055555556,Warning,Plan Soon,Generator bearing failure
0,2023-06-24,23.722336,41.547626,60.44063,0.037700377,0.004987002,0,86.8,76.91806,42.25,0,0,288,4.572222222222222,0.10160094850948509,925.4354166666667,Warning,Plan Soon,Generator bearing failure
0,2023-06-25,20.463343,43.052914,57.170643,0.000806296,0.00023916716,0,88.6,76.07917,41.25,0,0,288,4.827083333333333,0.11866971544715445,970.1680555555556,Warning,Plan Soon,Generator bearing failure
0,2023-06-26,21.590754,38.54129,59.690136,0.004511737,0.00084998604,0,88.0,78.58681,40.25,0,0,288,3.672222222222222,0.043651084010840106,761.6993055555555,Warning,Plan Soon,Generator bearing failure
0,2023-06-27,27.753418,38.328342,50.688396,0.0074818977,0.0015617083,0,84.6,78.7066,39.25,0,0,288,6.052083333333333,0.22508367208672084,1301.8090277777778,Warning,Plan Soon,Generator bearing failure
0,2023-06-28,27.573843,47.642445,66.01202,0.0046735886,0.0016232112,0,84.7,73.531944,38.25,0,0,288,6.225694444444445,0.2679539295392954,1201.4340277777778,Warning,Plan Soon,Generator bearing failure
0,2023-06-29,35.616447,52.420273,70.37289,0.0016999453,0.00090931077,0,80.2,70.875694,37.25,0,0,288,7.862500000000001,0.4252842140921409,1494.257638888889,Monitor,Schedule,Generator bearing failure
0,2023-06-30,27.719715,49.346962,67.83585,0.0005202291,0.00016529298,0,84.6,72.588196,36.25,0,0,288,6.981944444444444,0.32806368563685634,1416.3333333333333,Warning,Plan Soon,Generator bearing failure
0,2023-07-01,30.394348,52.277367,76.18277,5.446744e-05,7.881769e-06,0,83.1,70.95243,35.25,0,0,288,4.688888888888889,0.1406680216802168,926.1909722222222,Monitor,Schedule,Generator bearing failure
0,2023-07-02,25.485542,40.865585,62.80448,0.00041287544,5.3941258e-05,0,85.8,77.29618,34.25,0,0,288,12.823611111111111,0.859669376693767,1625.5805555555555,Warning,Plan Soon,Generator bearing failure
0,2023-07-03,22.752542,36.557777,59.97593,0.0004581515,8.080976e-05,0,87.4,79.693054,33.25,0,0,288,12.570138888888888,0.7974640921409214,1618.170138888889,Warning,Plan Soon,Generator bearing failure
0,2023-07-04,25.88885,37.609562,53.074528,0.0017150872,0.00042289504,0,85.6,79.104965,32.25,0,0,282,10.673758865248226,0.40604947240961775,860.8617021276596,Warning,Plan Soon,Generator bearing failure
0,2023-07-05,23.750994,37.44841,51.74532,2.9493009e-05,1.3955145e-05,0,86.8,79.19723,31.25,0,0,144,5.713888888888889,0.19723238482384822,1126.413888888889,Warning,Plan Soon,Generator bearing failure
0,2023-07-06,15.550726,26.914822,45.473873,0.0025500525,0.0008008252,0,91.4,85.04789,30.25,0,0,142,3.5422535211267605,0.027358296118172445,725.4605633802817,Warning,Plan Soon,Generator bearing failure
0,2023-07-07,11.2085495,26.760927,40.12789,0.0013692994,0.00013705523,0,93.8,85.13229,29.25,0,0,288,4.091666666666667,0.09451287262872628,810.8458333333333,Warning,Urgent,Generator bearing failure
0,2023-07-08,17.762634,39.155464,59.77665,0.0018167512,0.00055489247,0,90.1,78.246185,28.25,0,0,288,4.794444444444444,0.08657960704607043,1172.9895833333333,Warning,Plan Soon,Generator bearing failure
0,2023-07-09,15.158394,34.99192,49.040264,0.00028194347,0.00010209309,0,91.6,80.56424,27.25,0,0,288,3.931944444444445,0.034739498644986426,935.7756944444445,Warning,Plan Soon,Generator bearing failure
0,2023-07-10,5.6392846,24.387352,39.24916,0.0032939937,0.00070176204,0,96.9,86.451385,26.25,0,0,288,3.5083333333333333,0.051444444444444445,643.0965277777777,Critical,Urgent,Generator bearing failure
0,2023-07-11,14.578561,26.275751,43.64337,0.0014013408,0.00054178154,0,91.9,85.402084,25.25,0,0,288,4.127777777777777,0.09251863143631436,765.8125,Warning,Plan Soon,Generator bearing failure
0,2023-07-12,9.490544,27.614326,37.034325,0.0007130549,0.00012048066,0,94.7,84.65625,24.25,0,0,288,5.88125,0.20319817073170732,1211.802777777778,Warning,Urgent,Generator bearing failure
0,2023-07-13,17.909187,30.458801,47.21735,1.27601625e-05,4.432734e-06,0,90.1,83.07882,23.25,0,0,288,4.331250000000001,0.07298001355013549,938.0465277777779,Warning,Plan Soon,Generator bearing failure
0,2023-07-14,20.844301,34.71099,50.539505,8.654049e-06,3.7055797e-06,0,88.4,80.718056,22.25,0,0,288,3.622916666666667,0.02973712737127371,764.5854166666667,Warning,Plan Soon,Generator bearing failure
0,2023-07-15,8.446236,22.573444,43.55274,4.181565e-05,1.2247769e-05,0,95.3,87.457985,21.25,0,0,288,6.716666666666667,0.265880081300813,1404.6805555555557,Warning,Urgent,Generator bearing failure
0,2023-07-16,10.142704,28.26468,61.739975,1.0028142e-05,3.3755687e-06,0,94.4,84.29722,20.25,0,0,288,11.410416666666666,0.8217212059620596,1635.853472222222,Warning,Urgent,Generator bearing failure
0,2023-07-17,3.8523958,21.228554,40.67444,8.390547e-06,3.0480232e-06,0,97.9,88.20694,19.25,0,0,288,12.959027777777777,0.8070345528455285,1427.165972222222,Critical,Urgent,Generator bearing failure
0,2023-07-18,5.236625,22.382887,38.814945,1.5627667e-05,2.9377602e-06,0,97.1,87.56736,18.25,0,0,288,8.095833333333333,0.3152012195121951,1184.773611111111,Critical,Urgent,Generator bearing failure
0,2023-07-19,6.066964,21.100658,36.48237,0.00014679196,2.8815495e-05,0,96.6,88.277084,17.25,0,0,288,4.477083333333334,0.08332181571815717,953.6826388888888,Critical,Urgent,Generator bearing failure
0,2023-07-20,10.5111,25.41072,49.92644,0.00088661513,0.00020431173,0,94.2,85.88646,16.25,0,0,288,4.5881944444444445,0.07801930894308942,834.9305555555555,Warning,Urgent,Generator bearing failure
0,2023-07-21,16.121258,30.534044,54.76411,0.0032246679,0.0007461763,0,91.0,83.03646,15.25,0,0,288,4.758333333333334,0.09003726287262871,1081.611111111111,Warning,Plan Soon,Generator bearing failure
0,2023-07-22,17.97288,31.341745,45.376514,0.0006621504,0.00028562295,0,90.0,82.58681,14.25,0,0,288,4.406944444444445,0.07137093495934958,959.6180555555555,Warning,Plan Soon,Generator bearing failure
0,2023-07-23,0.0,17.017546,40.35199,0.0028474526,0.0011356461,0,100.0,90.54826,13.25,0,0,288,3.7118055555555554,0.06783401084010841,655.9861111111111,Critical,Urgent,Generator bearing failure
0,2023-07-24,0.0,10.833461,25.187744,0.004141686,0.0017919389,0,100.0,93.9809,12.25,0,0,288,3.529166666666667,0.07089193766937671,576.9055555555556,Critical,Urgent,Generator bearing failure
0,2023-07-25,1.1338829,12.092871,30.19379,0.0024503889,0.0010184639,0,99.4,93.28125,11.25,0,0,288,3.314583333333333,0.020708672086720874,616.23125,Critical,Urgent,Generator bearing failure
0,2023-07-26,0.16758984,6.9021363,14.901046,0.009474949,0.002959086,0,99.9,96.16493,10.25,0,0,288,3.411111111111111,0.024132113821138213,676.4222222222222,Critical,Urgent,Generator bearing failure
0,2023-07-27,2.178445,8.575724,20.019806,0.017288718,0.0056533273,0,98.8,95.23785,9.25,0,0,288,3.8722222222222222,0.043462737127371275,780.4409722222222,Critical,Urgent,Generator bearing failure
0,2023-07-28,0.0,7.147682,19.005306,0.009686212,0.0025817247,0,100.0,96.03125,8.25,0,0,288,3.1180555555555554,0.02768529810298103,608.0791666666667,Critical,Urgent,Generator bearing failure
0,2023-07-29,0.0,9.54506,20.54726,0.04558211,0.009280365,0,100.0,94.697914,7.25,0,0,288,2.970833333333333,0.01268021680216804,565.9006944444444,Critical,Urgent,Generator bearing failure
0,2023-07-30,0.0,6.705263,13.603931,0.9999119,0.78655237,225,100.0,96.27396,6.25,224,0,288,3.2131944444444445,0.020443089430894314,682.6868055555556,Critical,Immediate,Generator bearing failure
0,2023-07-31,0.0,4.349135,17.801931,0.99994767,0.9998753,288,100.0,97.58402,5.25,288,0,288,4.560416666666667,0.08260196476964768,1029.867361111111,Critical,Immediate,Generator bearing failure
0,2023-08-01,0.0,5.030466,19.779379,0.9999676,0.9999068,288,100.0,97.20694,4.25,288,0,288,3.6104166666666666,0.03335535230352304,734.6736111111111,Critical,Immediate,Generator bearing failure
0,2023-08-02,2.1554258,10.475961,21.401567,0.9999293,0.9998184,288,98.8,94.1816,3.25,288,0,288,3.613194444444444,0.0712367886178862,587.9576388888888,Critical,Immediate,Generator bearing failure
0,2023-08-03,0.0,11.029503,18.961952,0.99994147,0.9998632,284,100.0,93.87042,2.25,284,0,284,3.1161971830985915,0.03360941257299899,546.6535211267606,Critical,Immediate,Generator bearing failure
0,2023-08-04,0.0,1.5141876,19.304605,0.9999763,0.99992454,288,100.0,99.15659,1.25,288,0,288,2.6277777777777778,0.007107046070460723,470.03263888888887,Critical,Immediate,Generator bearing failure
0,2023-08-05,0.0,2.8210375,16.693644,0.99994266,0.99984986,288,100.0,98.43229,0.25,288,0,288,2.897222222222222,0.011747628726287287,473.63194444444446,Critical,Immediate,Generator bearing failure
0,2023-08-06,3.1895003,28.658909,59.513424,0.99987745,0.9135472,278,98.2,84.07674,0.041666666666666664,64,214,288,2.7868055555555555,0.016570121951219527,416.3701388888889,Critical,Immediate,Generator bearing failure
0,2023-08-07,21.831804,51.02545,73.02984,0.9947364,0.96693975,286,87.9,71.6521,65.41666666666667,0,286,286,4.604195804195804,0.06439774859287055,820.9776223776224,Warning,Immediate,Hydraulic group
0,2023-08-08,39.168526,56.174656,74.6701,0.98615986,0.8770864,283,78.2,68.79098,64.41666666666667,0,288,288,5.089583333333334,0.1380210027100271,1107.3291666666667,Monitor,Immediate,Hydraulic group
0,2023-08-09,38.889446,73.21113,96.764946,0.87217873,0.4068661,101,78.4,59.326042,63.416666666666664,0,288,288,4.001388888888889,0.06684112466124661,810.6736111111111,Monitor,Immediate,Hydraulic group
0,2023-08-10,39.517,64.29119,109.34316,0.8114973,0.30328065,71,78.0,64.28125,62.416666666666664,0,288,288,6.781944444444445,0.24728997289972898,945.2229166666667,Monitor,Immediate,Hydraulic group
0,2023-08-11,36.1027,74.15254,91.16341,0.9772864,0.7060725,218,79.9,58.80174,61.416666666666664,0,288,288,12.594444444444443,0.8879952574525745,1639.1027777777776,Monitor,Immediate,Hydraulic group
0,2023-08-12,25.760033,66.16827,93.32707,0.9950577,0.84179455,259,85.7,63.240974,60.416666666666664,0,288,288,13.169444444444444,0.8940037262872629,1640.6833333333334,Warning,Immediate,Hydraulic group
0,2023-08-13,26.14788,99.87253,152.7019,0.12870628,0.023185344,0,85.5,44.512497,59.416666666666664,0,288,288,13.310416666666667,0.9445779132791328,1641.3951388888888,Warning,Plan Soon,Hydraulic group
0,2023-08-14,147.35266,165.40663,176.70174,0.00036455356,0.00014310643,0,18.1,8.107986,58.416666666666664,0,288,288,11.636111111111111,0.8716656504065041,1641.2798611111111,Healthy,No Action,Hydraulic group
0,2023-08-15,118.149574,158.75494,176.46005,0.0005535632,0.00020592225,0,34.4,11.80382,57.416666666666664,0,288,288,6.002777777777777,0.2117693089430894,1228.8104166666667,Healthy,No Action,Hydraulic group
0,2023-08-16,39.545155,79.01415,128.2766,0.070081145,0.007308618,0,78.0,56.105556,56.416666666666664,0,288,288,3.051388888888889,0.03197425474254744,509.6833333333333,Monitor,Schedule,Hydraulic group
0,2023-08-17,64.97576,88.23292,106.758835,0.0002733417,3.6891506e-05,0,63.9,50.9825,55.416666666666664,0,280,280,5.788571428571428,0.21399547038327524,1166.9928571428572,Monitor,Schedule,Hydraulic group
0,2023-08-18,52.999096,77.01433,104.65474,2.8685496e-05,5.307238e-06,0,70.6,57.216324,54.416666666666664,0,288,288,6.577777777777778,0.2824024390243902,1308.8215277777776,Monitor,Schedule,Hydraulic group
0,2023-08-19,48.239243,79.032,102.04791,7.5135804e-06,2.1760254e-06,0,73.2,56.093056,53.416666666666664,0,288,288,5.390277777777778,0.23773983739837398,860.4472222222222,Monitor,Schedule,Hydraulic group
0,2023-08-20,48.799656,60.988823,82.76271,1.5885651e-05,4.330188e-06,0,72.9,66.114235,52.416666666666664,0,76,288,10.042361111111111,0.1737876016260163,459.0854166666667,Monitor,Schedule,Hydraulic group
0,2023-08-21,43.165894,51.837524,61.24535,0.0033781645,0.000258192,0,76.0,71.2,51.416666666666664,0,0,288,9.227083333333333,-0.0010755420054200091,67.9986111111111,Monitor,Schedule,Hydraulic group
0,2023-08-22,42.061882,51.95518,57.260426,0.00026023507,9.055904e-05,0,76.6,71.13646,50.416666666666664,0,0,288,8.191666666666666,-0.0013028455284552682,74.225,Monitor,Schedule,Hydraulic group
0,2023-08-23,37.91723,49.833813,61.915688,0.0019674327,0.00065722445,0,78.9,72.31226,49.416666666666664,0,0,212,5.323584905660377,-0.0010938794293602915,79.91981132075472,Monitor,Schedule,Hydraulic group
0,2023-08-24,43.59552,48.102604,53.928318,0.001368787,0.00057152694,0,75.8,73.27198,48.416666666666664,0,0,182,3.9626373626373628,-0.0005322969713212862,82.4010989010989,Monitor,Schedule,Hydraulic group
0,2023-08-25,43.23796,50.135544,55.176117,0.0004077552,0.00024148828,0,76.0,72.14514,47.416666666666664,0,0,144,4.899305555555555,-0.0007984417344172779,80.33472222222223,Monitor,Schedule,Hydraulic group
0,2023-08-26,41.554638,48.54464,54.58586,0.00037086924,0.00020289692,0,76.9,73.03333,46.416666666666664,0,0,144,6.528472222222223,-0.0012513550135500985,63.44305555555555,Monitor,Schedule,Hydraulic group
0,2023-08-27,39.81398,43.878498,47.72988,0.00022455635,0.00017528069,0,77.9,75.62222,45.416666666666664,0,0,144,6.570138888888889,-0.0012256097560975118,65.68680555555555,Monitor,Schedule,Hydraulic group
0,2023-08-28,36.520416,45.99318,53.439835,0.00024400307,8.95813e-05,0,79.7,74.451744,44.416666666666664,0,0,143,3.9608391608391607,0.005366877025413651,250.8041958041958,Monitor,Schedule,Hydraulic group
0,2023-08-29,34.705753,44.5869,50.538998,0.0015629907,0.0004475644,0,80.7,75.22986,43.416666666666664,0,0,144,3.8312500000000003,0.05848102981029811,703.254861111111,Monitor,Schedule,Hydraulic group
0,2023-08-30,35.713264,44.451717,57.05933,0.0012294656,0.00053948467,0,80.2,75.30212,42.416666666666664,0,0,142,2.602816901408451,0.017673651666094147,394.2232394366197,Monitor,Schedule,Hydraulic group
0,2023-08-31,29.436838,41.469555,51.155388,0.00032378017,0.000114399954,0,83.6,76.95874,41.416666666666664,0,0,143,4.070629370629371,0.04634828586048099,590.3573426573427,Warning,Plan Soon,Hydraulic group
0,2023-09-01,26.130138,38.420784,56.61866,0.0005939473,0.00023388946,0,85.5,78.65347,40.416666666666664,0,0,144,8.730555555555556,0.5467513550135501,1565.6493055555557,Warning,Plan Soon,Hydraulic group
0,2023-09-02,22.682165,38.444855,51.81126,0.003583623,0.00077878585,0,87.4,78.642365,39.416666666666664,0,0,144,10.718055555555557,0.7655182926829268,1624.7375000000002,Warning,Plan Soon,Hydraulic group
0,2023-09-03,32.09076,39.82654,49.852337,0.0040254192,0.0011421994,0,82.2,77.87014,38.416666666666664,0,0,144,6.714583333333334,0.3169017615176151,1326.5576388888887,Monitor,Schedule,Hydraulic group
0,2023-09-04,27.456968,34.19647,48.168728,0.0006529201,0.0001331561,0,84.7,81.00278,37.416666666666664,0,0,144,4.022916666666666,0.07223238482384824,814.4409722222222,Warning,Plan Soon,Hydraulic group
0,2023-09-05,14.356768,33.07317,46.140335,0.01012567,0.0019407788,0,92.0,81.62014,36.416666666666664,0,0,144,4.768750000000001,0.13175542005420052,970.0562500000001,Warning,Plan Soon,Hydraulic group
0,2023-09-06,26.300497,39.003963,51.89064,0.027718907,0.0064456435,0,85.4,78.33402,35.416666666666664,0,0,144,6.934722222222223,0.3126067073170732,1410.4444444444443,Warning,Plan Soon,Hydraulic group
0,2023-09-07,33.392204,45.233135,58.489132,0.0045512957,0.0018514983,0,81.4,74.87222,34.416666666666664,0,0,144,5.982638888888889,0.19476456639566395,1295.103472222222,Monitor,Schedule,Hydraulic group
0,2023-09-08,30.730595,43.315372,59.005722,0.0074810307,0.0030953113,0,82.9,75.93264,33.416666666666664,0,0,144,4.646527777777778,0.0821561653116531,1029.8041666666666,Monitor,Schedule,Hydraulic group
0,2023-09-09,42.41768,58.241856,85.57634,0.0071611004,0.0014472083,0,76.4,67.642365,32.416666666666664,0,0,144,5.425000000000001,0.24592953929539296,976.0798611111111,Monitor,Schedule,Hydraulic group
0,2023-09-10,35.47942,51.332184,62.26677,0.0022575853,0.00073446514,0,80.3,71.48472,31.416666666666668,0,0,144,5.5375,0.1890464092140921,1150.6791666666666,Monitor,Schedule,Hydraulic group
0,2023-09-11,20.338713,35.00563,57.180336,0.0024500533,0.00077205856,0,88.7,80.55385,30.416666666666668,0,0,143,2.998601398601399,0.007318437659901101,401.1181818181818,Warning,Plan Soon,Hydraulic group
0,2023-09-12,21.625954,35.56141,47.235474,0.0074708587,0.002135877,0,88.0,80.24653,29.416666666666668,0,0,144,3.876388888888889,0.08254369918699186,739.4284722222222,Warning,Plan Soon,Hydraulic group
0,2023-09-13,9.4279,30.846165,54.1612,0.0029274682,0.000994355,0,94.8,82.86121,28.416666666666668,0,0,116,9.93448275862069,0.6833860386879731,1562.7456896551723,Warning,Urgent,Hydraulic group
0,2023-09-14,27.098574,36.820236,56.66378,0.0052636205,0.0007520418,0,84.9,79.540276,27.416666666666668,0,0,144,3.6590277777777778,0.05200474254742547,728.0451388888889,Warning,Plan Soon,Hydraulic group
0,2023-09-15,24.138885,30.241398,42.49769,0.0009415129,0.00017823686,0,86.6,83.193054,26.416666666666668,0,0,144,4.628472222222222,0.12804945799457995,941.876388888889,Warning,Plan Soon,Hydraulic group
0,2023-09-16,8.284234,21.360775,35.598766,0.000582052,0.00017293742,0,95.4,88.13333,25.416666666666668,0,0,144,4.179166666666666,0.07152235772357723,850.6729166666667,Warning,Urgent,Hydraulic group
0,2023-09-17,8.59892,19.951283,37.827675,6.848305e-05,2.6747288e-05,0,95.2,88.91598,24.416666666666668,0,0,144,3.370833333333333,0.025962059620596212,684.2833333333333,Warning,Urgent,Hydraulic group
0,2023-09-18,6.773624,18.754751,29.377926,2.3487237e-05,6.080505e-06,0,96.2,89.58194,23.416666666666668,0,0,144,4.065277777777777,0.10725372628726287,727.7881944444445,Critical,Urgent,Hydraulic group
0,2023-09-19,12.142161,24.251707,41.068718,1.0625016e-05,2.9334524e-06,0,93.3,86.52847,22.416666666666668,0,0,144,2.7055555555555557,0.027755758807588096,481.1986111111112,Warning,Urgent,Hydraulic group
0,2023-09-20,28.300995,49.47538,68.91534,4.942326e-06,2.3252364e-06,0,84.3,72.51181,21.416666666666668,0,0,144,4.824305555555556,0.13092378048780487,974.4131944444445,Warning,Plan Soon,Hydraulic group
0,2023-09-21,18.24752,42.110508,63.251278,6.7206156e-06,2.0369453e-06,0,89.9,76.60903,20.416666666666668,0,0,144,4.647222222222222,0.07710975609756095,1118.336111111111,Warning,Plan Soon,Hydraulic group
0,2023-09-22,1.283741,16.029121,33.903347,8.240959e-06,4.9204555e-06,0,99.3,91.09375,19.416666666666668,0,0,144,5.639583333333333,0.21746273712737127,1105.2291666666667,Critical,Urgent,Hydraulic group
0,2023-09-23,17.640675,34.800114,45.99388,2.0216536e-05,8.126912e-06,0,90.2,80.66598,18.416666666666668,0,0,144,8.395138888888889,0.49919546070460696,1550.6118055555555,Warning,Plan Soon,Hydraulic group
0,2023-09-24,9.197023,25.095827,45.141693,4.3052543e-05,1.875279e-05,0,94.9,86.05764,17.416666666666668,0,0,144,6.110416666666667,0.21885670731707316,1297.6576388888889,Warning,Urgent,Hydraulic group
0,2023-09-25,25.778402,37.52195,53.132267,2.9563887e-05,1.1963727e-05,0,85.7,79.15486,16.416666666666668,0,0,144,3.6743055555555557,0.05384518970189703,658.0715277777778,Warning,Plan Soon,Hydraulic group
0,2023-09-26,12.839165,23.386217,36.31256,6.635594e-05,2.0798785e-05,0,92.9,87.00973,15.416666666666666,0,0,144,2.665972222222222,0.010860433604336075,383.91597222222225,Warning,Urgent,Hydraulic group
0,2023-09-27,0.0,19.209963,39.128525,9.0380745e-05,4.2714226e-05,0,100.0,89.32708,14.416666666666666,0,0,144,7.584722222222222,0.4693770325203252,1287.1666666666667,Critical,Urgent,Hydraulic group
0,2023-09-28,7.732689,25.254292,40.330738,0.00014743808,4.187134e-05,0,95.7,85.969444,13.416666666666666,0,0,144,8.741666666666667,0.5561290650406504,1555.8243055555556,Warning,Urgent,Hydraulic group
0,2023-09-29,0.0,18.443539,40.337112,0.0002736734,0.00011679031,0,100.0,89.75347,12.416666666666666,0,0,144,9.398611111111112,0.6533336720867209,1605.4819444444445,Critical,Urgent,Hydraulic group
0,2023-09-30,0.8804873,26.13067,43.025997,0.00022274445,6.252635e-05,0,99.5,85.479164,11.416666666666666,0,0,144,5.176388888888889,0.16028082655826556,1071.7409722222224,Critical,Urgent,Hydraulic group
0,2023-10-01,0.0,16.019695,28.640003,0.00031647462,0.00010555582,0,100.0,91.09583,10.416666666666666,0,0,144,5.863194444444444,0.23852337398373985,1172.96875,Critical,Urgent,Hydraulic group
0,2023-10-02,0.0,7.8833127,24.602835,0.015311838,0.00276001,0,100.0,95.61736,9.416666666666666,0,0,144,10.773611111111112,0.7357516937669376,1619.8930555555555,Critical,Urgent,Hydraulic group
0,2023-10-03,0.0,17.116602,36.220802,0.01883235,0.006539791,0,100.0,90.48889,8.416666666666666,0,0,144,11.216666666666667,0.7763421409214092,1625.0354166666666,Critical,Urgent,Hydraulic group
0,2023-10-04,0.0,19.559868,33.08031,0.02638963,0.005519776,0,100.0,89.13333,7.416666666666667,0,0,144,10.557638888888889,0.6822357723577236,1605.5291666666667,Critical,Urgent,Hydraulic group
0,2023-10-05,0.0,11.415066,41.15458,0.9999558,0.6216537,88,100.0,93.65972,6.416666666666667,87,0,144,11.573611111111111,0.8282439024390243,1620.820138888889,Critical,Immediate,Hydraulic group
0,2023-10-06,0.0,18.145987,41.494045,0.99995315,0.99973965,144,100.0,89.91806,5.416666666666667,144,0,144,4.510416666666667,0.11213888888888889,896.8548611111112,Critical,Immediate,Hydraulic group
0,2023-10-07,0.0,8.551205,21.849165,0.999938,0.9998255,144,100.0,95.250694,4.416666666666667,144,0,144,5.81875,0.2861920731707317,1027.3506944444443,Critical,Immediate,Hydraulic group
0,2023-10-08,0.0,8.951001,20.37785,0.99999094,0.99993515,144,100.0,95.02639,3.4166666666666665,144,0,144,8.23263888888889,0.49450609756097563,1524.263888888889,Critical,Immediate,Hydraulic group
0,2023-10-09,0.0,10.439972,26.93352,0.9999652,0.99979985,144,100.0,94.197914,2.4166666666666665,144,0,144,3.740277777777778,0.03820054200542004,806.6979166666666,Critical,Immediate,Hydraulic group
0,2023-10-10,0.0,10.013846,28.518812,0.99996006,0.99986863,144,100.0,94.43403,1.4166666666666667,144,0,144,5.6875,0.1745142276422764,1241.197222222222,Critical,Immediate,Hydraulic group
0,2023-10-11,0.0,5.149851,21.325996,0.9999616,0.99987346,144,100.0,97.138885,0.4166666666666667,144,0,144,7.628472222222222,0.3847577913279132,1509.7083333333333,Critical,Immediate,Hydraulic group
0,2023-10-12,1.715806,57.614494,113.1781,0.9998876,0.44589826,58,99.0,67.990974,0.041666666666666664,57,82,144,6.486805555555556,0.3145531842818428,1223.3930555555555,Critical,Immediate,Hydraulic group
0,2023-10-13,69.09017,89.723335,108.633545,0.11671295,0.04476956,0,61.6,50.15625,180.0,0,144,144,5.809722222222223,0.16752066395663953,1308.9118055555555,Monitor,Schedule,Healthy
0,2023-10-14,71.16794,96.867096,114.495,0.022433396,0.007562388,0,60.5,46.184723,180.0,0,144,144,6.345833333333333,0.24624085365853654,1360.0909722222223,Monitor,Schedule,Healthy
0,2023-10-15,90.84544,114.01233,132.10014,0.054382853,0.012042753,0,49.5,36.660416,180.0,0,144,144,10.615972222222222,0.6722249322493226,1606.3937500000002,Healthy,No Action,Healthy
0,2023-10-16,58.26691,82.71246,105.010315,0.44918558,0.13774724,0,67.6,54.05278,180.0,0,144,144,10.743749999999999,0.8065345528455284,1650.572222222222,Monitor,Schedule,Healthy
0,2023-10-17,73.41808,82.11949,92.40721,0.9029641,0.6723288,128,59.2,54.379166,180.0,0,144,144,7.4520833333333325,0.40283028455284553,1464.3020833333333,Monitor,Immediate,Healthy
0,2023-10-18,84.56502,114.78095,146.69678,0.68560773,0.25616488,50,53.0,36.231945,180.0,0,144,144,6.202083333333333,0.23955386178861784,1305.4041666666667,Monitor,Immediate,Healthy
0,2023-10-19,138.78395,159.52261,179.52876,0.03501712,0.0066938153,0,22.9,11.379861,180.0,0,63,144,6.078472222222222,0.233765243902439,1200.3701388888887,Healthy,No Action,Healthy
0,2023-10-20,154.46127,167.432,178.1132,0.0034887083,0.0011103002,0,14.2,6.983333,180.0,0,0,144,3.654166666666667,0.03659756097560975,784.2291666666666,Healthy,No Action,Healthy
0,2023-10-21,153.00137,166.75911,179.31317,0.006611865,0.0022171603,0,15.0,7.355555,180.0,0,0,144,3.302777777777778,0.04236178861788619,591.7479166666667,Healthy,No Action,Healthy
0,2023-10-22,144.18672,156.08403,165.3125,0.0028929296,0.0015330171,0,19.9,13.288889,180.0,0,0,63,2.3634920634920635,-0.00202168021680213,322.41269841269843,Healthy,No Action,Healthy
10,2022-01-01,169.26413,176.15567,180.0,0.00031025684,6.324987e-05,0,6.0,2.1333334,180.0,0,0,144,5.491666666666666,0.1676632791327913,1182.240277777778,Healthy,No Action,Healthy
10,2022-01-02,174.9047,178.66483,180.0,8.43082e-05,2.26432e-05,0,2.8,0.73819447,180.0,0,0,144,3.9270833333333335,0.1141348238482385,598.8715277777778,Healthy,No Action,Healthy
10,2022-01-03,174.59883,178.7871,180.0,2.5251316e-05,1.0620903e-05,0,3.0,0.6763889,180.0,0,0,144,5.606944444444444,0.27877168021680215,866.5763888888889,Healthy,No Action,Healthy
10,2022-01-04,170.99184,179.59685,180.0,2.2820836e-05,9.902744e-06,0,5.0,0.22430556,180.0,0,0,144,9.208333333333334,0.6067232384823849,1591.1493055555557,Healthy,No Action,Healthy
10,2022-01-05,179.11221,179.9822,180.0,1.9914674e-05,6.1211213e-06,0,0.5,0.009027777,180.0,0,0,144,9.009027777777778,0.534360433604336,1522.0270833333334,Healthy,No Action,Healthy
10,2022-01-06,178.39746,179.86858,180.0,4.6382083e-05,1.0587797e-05,0,0.9,0.07222222,180.0,0,0,144,2.834027777777778,0.016710027100271016,573.4166666666666,Healthy,No Action,Healthy
10,2022-01-07,174.54378,177.91885,180.0,0.00025491478,9.904952e-05,0,3.0,1.1534723,180.0,0,0,144,3.907638888888889,0.0431151761517615,964.5604166666667,Healthy,No Action,Healthy
10,2022-01-08,168.8516,178.33714,180.0,0.00010159564,3.6025678e-05,0,6.2,0.92291665,180.0,0,0,144,5.098611111111111,0.16691429539295394,982.5812500000001,Healthy,No Action,Healthy
10,2022-01-09,175.43854,179.24495,180.0,0.0001433785,4.3473618e-05,0,2.5,0.41875,180.0,0,0,144,6.8381944444444445,0.30621002710027095,1420.0180555555555,Healthy,No Action,Healthy
10,2022-01-10,173.88562,179.01295,180.0,0.00012672629,6.230855e-05,0,3.4,0.5451389,180.0,0,0,144,8.372916666666667,0.5072472899728997,1517.295138888889,Healthy,No Action,Healthy
10,2022-01-11,169.21567,177.92213,180.0,0.00011415253,4.377702e-05,0,6.0,1.1534723,180.0,0,0,144,8.84513888888889,0.5711355013550136,1293.2937499999998,Healthy,No Action,Healthy
10,2022-01-12,175.23604,179.47491,180.0,0.000111721674,3.0981042e-05,0,2.6,0.29166666,180.0,0,0,144,3.790972222222222,0.05338346883468835,757.29375,Healthy,No Action,Healthy
10,2022-01-13,178.2721,179.9363,180.0,0.000104453495,4.135555e-05,0,1.0,0.034722224,180.0,0,0,144,6.811805555555555,0.28855894308943086,1382.6611111111113,Healthy,No Action,Healthy
10,2022-01-14,178.58195,179.97119,180.0,0.00012571036,3.752754e-05,0,0.8,0.015277778,180.0,0,0,144,4.259027777777778,0.0786910569105691,855.0951388888889,Healthy,No Action,Healthy
10,2022-01-15,174.21573,178.4434,180.0,0.00011152178,5.5567038e-05,0,3.2,0.86249995,180.0,0,0,144,4.925000000000001,0.10914024390243901,1050.0590277777778,Healthy,No Action,Healthy
10,2022-01-16,172.64407,179.14102,180.0,0.00018386134,6.124184e-05,0,4.1,0.47500002,180.0,0,0,144,5.475694444444445,0.1900420054200542,1023.282638888889,Healthy,No Action,Healthy
10,2022-01-17,176.20377,179.35907,180.0,0.0008704072,0.0003507253,0,2.1,0.35347223,180.0,0,0,144,8.185416666666667,0.4783157181571816,1475.3604166666667,Healthy,No Action,Healthy
10,2022-01-18,166.48836,178.14069,180.0,0.00033880223,0.00017065005,0,7.5,1.0347222,180.0,0,0,144,3.259722222222222,0.01431199186991871,609.5395833333333,Healthy,No Action,Healthy
10,2022-01-19,175.93596,179.32169,180.0,0.00039197638,0.00019275845,0,2.3,0.3763889,180.0,0,0,144,2.367361111111111,0.001144647696477001,312.56666666666666,Healthy,No Action,Healthy
10,2022-01-20,174.58482,177.70529,180.0,0.00020361696,6.458864e-05,0,3.0,1.2750001,180.0,0,0,144,3.8409722222222222,0.0745287940379404,662.098611111111,Healthy,No Action,Healthy
10,2022-01-21,167.0775,176.84319,180.0,2.3037157e-05,1.3236285e-05,0,7.2,1.7548611,180.0,0,0,144,2.0680555555555555,-0.0002259485094850471,194.26319444444445,Healthy,No Action,Healthy
10,2022-01-22,173.3776,179.10654,180.0,2.9642963e-05,1.0438643e-05,0,3.7,0.49305555,180.0,0,0,144,3.581944444444444,0.05725711382113823,544.7534722222222,Healthy,No Action,Healthy
10,2022-01-23,175.70956,179.05707,180.0,7.971091e-06,2.9405367e-06,0,2.4,0.5222222,180.0,0,0,144,8.2,0.4373455284552845,1550.5493055555555,Healthy,No Action,Healthy
10,2022-01-24,178.3191,179.90242,180.0,4.38995e-06,2.7563271e-06,0,0.9,0.05277778,180.0,0,0,144,6.722222222222222,0.23924457994579942,1431.9291666666666,Healthy,No Action,Healthy
10,2022-01-25,178.23515,179.91823,180.0,1.1778913e-05,5.190795e-06,0,1.0,0.045138888,180.0,0,0,144,5.370138888888889,0.13931300813008127,1183.615277777778,Healthy,No Action,Healthy
10,2022-01-26,178.11461,179.8439,180.0,4.4558974e-06,2.6065868e-06,0,1.0,0.087500006,180.0,0,0,144,2.428472222222222,0.00765616531165314,401.8694444444444,Healthy,No Action,Healthy
10,2022-01-27,177.50783,179.79927,180.0,4.216769e-06,1.5085011e-06,0,1.4,0.10972223,180.0,0,0,144,2.1256944444444446,-0.0029884823848237924,122.76249999999999,Healthy,No Action,Healthy
10,2022-01-28,175.59605,178.8227,180.0,4.8674897e-06,2.3726284e-06,0,2.4,0.65694445,180.0,0,0,144,3.0444444444444443,0.00029166666666670415,320.73333333333335,Healthy,No Action,Healthy
10,2022-01-29,173.81245,176.59033,180.0,4.5076995e-06,2.5436539e-06,0,3.4,1.8909721,180.0,0,0,144,2.716666666666667,0.0010962059620596603,332.1458333333333,Healthy,No Action,Healthy
10,2022-01-30,177.98386,179.78816,180.0,3.5123583e-06,2.0727857e-06,0,1.1,0.11597223,180.0,0,0,144,2.48125,0.0015806233062331063,231.00833333333333,Healthy,No Action,Healthy
10,2022-01-31,177.94434,179.9329,180.0,8.142837e-06,3.4503548e-06,0,1.1,0.0375,180.0,0,0,144,3.4770833333333333,0.03429166666666667,688.0895833333333,Healthy,No Action,Healthy
10,2022-02-01,171.01607,177.51213,180.0,9.773457e-06,4.1352546e-06,0,5.0,1.3868055,180.0,0,0,144,2.663888888888889,0.008859417344173481,317.48125000000005,Healthy,No Action,Healthy
10,2022-02-02,171.84396,178.75941,180.0,2.2512804e-06,1.1574026e-06,0,4.5,0.68888885,180.0,0,0,144,3.629166666666667,0.038214430894308954,692.8923611111111,Healthy,No Action,Healthy
10,2022-02-03,168.88441,177.91681,180.0,4.7306276e-06,1.5453597e-06,0,6.2,1.1583333,180.0,0,0,144,2.8618055555555557,0.04569444444444449,373.5444444444445,Healthy,No Action,Healthy
10,2022-02-04,170.63689,177.05391,180.0,1.7361782e-06,7.2787196e-07,0,5.2,1.6354166,180.0,0,0,144,11.434722222222222,0.781145325203252,1641.0534722222224,Healthy,No Action,Healthy
10,2022-02-05,172.47298,178.22481,180.0,6.6601992e-06,2.274686e-06,0,4.2,0.98541665,180.0,0,0,144,10.214583333333334,0.7013665311653117,1602.4222222222222,Healthy,No Action,Healthy
10,2022-02-06,169.5834,176.96149,180.0,4.9329933e-06,9.856633e-07,0,5.8,1.6888889,180.0,0,0,144,6.307638888888889,0.24659756097560973,1276.2076388888888,Healthy,No Action,Healthy
10,2022-02-07,175.71947,178.88165,180.0,1.880393e-05,7.887316e-06,0,2.4,0.62083334,180.0,0,0,144,7.0875,0.3284061653116531,1453.3333333333333,Healthy,No Action,Healthy
10,2022-02-08,175.78166,179.50256,180.0,6.805901e-06,2.0342652e-06,0,2.3,0.27569446,180.0,0,0,144,3.808333333333333,0.03442886178861789,762.8416666666667,Healthy,No Action,Healthy
10,2022-02-09,176.65187,179.64685,180.0,1.2799821e-05,5.125007e-06,0,1.9,0.19652778,180.0,0,0,144,5.645138888888889,0.21169952574525744,1134.1319444444443,Healthy,No Action,Healthy
10,2022-02-10,172.33533,177.06834,180.0,1.3241209e-05,4.172406e-06,0,4.3,1.6298611,180.0,0,0,144,6.753472222222222,0.2692493224932249,1428.5500000000002,Healthy,No Action,Healthy
10,2022-02-11,175.40288,178.95366,180.0,1.1523001e-05,7.260144e-06,0,2.6,0.57847226,180.0,0,0,144,7.834027777777777,0.4142361111111111,1519.8777777777777,Healthy,No Action,Healthy
10,2022-02-12,168.39067,175.87732,180.0,7.114559e-06,2.5944614e-06,0,6.4,2.288889,180.0,0,0,144,6.977083333333334,0.33691565040650406,1203.009722222222,Healthy,No Action,Healthy
10,2022-02-13,168.45248,175.70601,180.0,1.1681444e-05,5.326761e-06,0,6.4,2.3861113,180.0,0,0,144,8.561805555555557,0.5184712059620595,1559.0493055555555,Healthy,No Action,Healthy
10,2022-02-14,172.88284,178.24689,180.0,1.6575657e-05,8.233297e-06,0,4.0,0.9736111,180.0,0,0,144,12.677083333333334,0.8411731029810299,1636.0347222222222,Healthy,No Action,Healthy
10,2022-02-15,169.9752,176.57832,180.0,1.2841037e-05,3.1488341e-06,0,5.6,1.9027778,180.0,0,0,144,7.585416666666666,0.4298069105691057,1407.3625000000002,Healthy,No Action,Healthy
10,2022-02-16,167.71553,172.67491,179.24892,4.0104478e-05,1.4559699e-05,0,6.8,4.0687504,180.0,0,0,144,7.031944444444445,0.3698092818428184,1364.4256944444444,Healthy,No Action,Healthy
10,2022-02-17,168.10492,176.06909,180.0,1.2116855e-05,2.4962403e-06,0,6.6,2.182639,180.0,0,0,144,3.657638888888889,0.05405047425474256,603.6673611111112,Healthy,No Action,Healthy
10,2022-02-18,175.75723,179.46536,180.0,2.3728197e-05,7.59642e-06,0,2.4,0.29930556,180.0,0,0,144,4.804166666666666,0.10614735772357721,1134.6597222222222,Healthy,No Action,Healthy
10,2022-02-19,174.89589,179.00612,180.0,2.7975439e-05,1.31608085e-05,0,2.8,0.55277777,180.0,0,0,144,6.834027777777778,0.33804098915989156,1321.2333333333333,Healthy,No Action,Healthy
10,2022-02-20,171.78441,176.60054,180.0,4.4268614e-05,1.4545113e-05,0,4.6,1.8881944,180.0,0,0,144,11.052777777777777,0.8010985772357724,1641.99375,Healthy,No Action,Healthy
10,2022-02-21,172.69678,178.38087,180.0,1.6120168e-05,8.083825e-06,0,4.1,0.8993056,180.0,0,0,144,9.899999999999999,0.6226294037940379,1607.1215277777778,Healthy,No Action,Healthy
10,2022-02-22,177.68114,179.83902,180.0,1.804356e-05,5.548891e-06,0,1.3,0.087500006,180.0,0,0,144,4.392361111111111,0.09581978319783196,851.1055555555555,Healthy,No Action,Healthy
10,2022-02-23,180.0,180.0,180.0,9.6093445e-06,4.553684e-06,0,0.0,0.0,180.0,0,0,144,3.6750000000000003,0.028643970189701884,826.6881944444444,Healthy,No Action,Healthy
10,2022-02-24,178.61395,179.98956,180.0,4.6982927e-06,2.6985253e-06,0,0.8,0.00625,180.0,0,0,144,5.209722222222222,0.16107757452574523,1093.1916666666666,Healthy,No Action,Healthy
10,2022-02-25,177.2695,179.72879,180.0,2.0538946e-05,1.0016694e-05,0,1.5,0.15277778,180.0,0,0,144,5.501388888888889,0.14930555555555552,1272.1138888888888,Healthy,No Action,Healthy
10,2022-02-26,171.88329,176.4101,180.0,1.3465793e-05,6.2343097e-06,0,4.5,1.9972223,180.0,0,0,144,7.268055555555555,0.4163628048780488,1157.4930555555557,Healthy,No Action,Healthy
10,2022-02-27,171.7192,175.27362,179.20132,3.9784278e-05,1.3959714e-05,0,4.6,2.6256945,180.0,0,0,144,10.488194444444444,0.7677527100271003,1617.1194444444445,Healthy,No Action,Healthy
10,2022-02-28,174.97395,178.30698,180.0,4.3907083e-05,1.8589057e-05,0,2.8,0.9416667,180.0,0,0,144,8.530555555555557,0.5126957994579946,1527.4388888888889,Healthy,No Action,Healthy
10,2022-03-01,173.9577,177.20145,180.0,1.2724994e-05,6.519155e-06,0,3.4,1.5506945,180.0,0,0,144,4.146527777777778,0.06389972899728996,931.9513888888889,Healthy,No Action,Healthy
10,2022-03-02,171.39124,178.25052,180.0,1.5179717e-05,5.991837e-06,0,4.8,0.97152776,180.0,0,0,144,3.654861111111111,0.05067411924119242,731.1777777777778,Healthy,No Action,Healthy
10,2022-03-03,175.1775,179.14085,180.0,9.468581e-06,3.8200074e-06,0,2.7,0.4773723,180.0,0,0,137,2.645985401459854,0.019507210254584333,322.3277372262774,Healthy,No Action,Healthy
10,2022-03-04,179.4956,179.9965,180.0,6.382395e-06,4.0769764e-06,0,0.3,0.0020833334,180.0,0,0,144,3.4361111111111113,0.028196815718157173,803.9465277777778,Healthy,No Action,Healthy
10,2022-03-05,176.75195,179.78758,180.0,4.7677804e-06,1.6873842e-06,0,1.8,0.11805555,180.0,0,0,144,3.7104166666666663,0.06438177506775068,695.7083333333334,Healthy,No Action,Healthy
10,2022-03-06,177.83932,179.72589,180.0,7.8205185e-06,3.7579853e-06,0,1.2,0.15208334,180.0,0,0,144,7.648611111111112,0.39098509485094846,1491.0749999999998,Healthy,No Action,Healthy
10,2022-03-07,178.5844,179.90591,180.0,4.117827e-06,2.2057168e-06,0,0.8,0.052083332,180.0,0,0,144,5.123611111111111,0.11269918699186987,1253.1868055555556,Healthy,No Action,Healthy
10,2022-03-08,174.54114,179.18835,180.0,4.532343e-06,2.2927918e-06,0,3.0,0.4513889,180.0,0,0,144,7.094444444444445,0.3494532520325203,1331.9395833333333,Healthy,No Action,Healthy
10,2022-03-09,177.30212,179.41695,180.0,4.0756054e-06,1.3208323e-06,0,1.5,0.32152778,180.0,0,0,144,4.054166666666666,0.06265853658536585,864.8895833333333,Healthy,No Action,Healthy
10,2022-03-10,177.34239,179.89093,180.0,3.7074017e-06,1.9858771e-06,0,1.5,0.059027776,180.0,0,0,144,4.728472222222222,0.19210027100271004,811.1381944444444,Healthy,No Action,Healthy
10,2022-03-11,179.73157,179.99701,180.0,6.1573255e-06,2.8134361e-06,0,0.1,0.0013888889,180.0,0,0,144,5.734722222222222,0.18933265582655825,1208.9090277777777,Healthy,No Action,Healthy
10,2022-03-12,178.29254,179.91455,180.0,6.4871324e-06,3.7988066e-06,0,0.9,0.047222223,180.0,0,0,144,2.863888888888889,0.009896341463414672,388.3854166666667,Healthy,No Action,Healthy
10,2022-03-13,179.23325,179.97145,180.0,1.0694072e-05,3.734222e-06,0,0.4,0.015972221,180.0,0,0,144,3.261111111111111,0.02910196476964772,524.8652777777778,Healthy,No Action,Healthy
10,2022-03-14,178.66641,179.92464,180.0,3.7345696e-06,1.8851798e-06,0,0.7,0.041666668,180.0,0,0,144,2.9722222222222223,0.010566734417344197,478.46527777777777,Healthy,No Action,Healthy
10,2022-03-15,177.4117,179.89243,180.0,2.8163406e-06,1.4772575e-06,0,1.4,0.060416665,180.0,0,0,144,3.091666666666667,0.019592479674796756,643.8277777777778,Healthy,No Action,Healthy
10,2022-03-16,177.8071,179.71,180.0,5.3557433e-06,2.4172805e-06,0,1.2,0.16180557,180.0,0,0,144,3.5715277777777774,0.0799749322493225,634.3229166666666,Healthy,No Action,Healthy
10,2022-03-17,172.96574,179.19221,180.0,1.6191765e-05,8.621766e-06,0,3.9,0.44930553,180.0,0,0,144,4.550694444444444,0.08465074525745256,1051.4944444444445,Healthy,No Action,Healthy
10,2022-03-18,178.97974,179.99292,180.0,3.6398753e-05,1.2736375e-05,0,0.6,0.004166667,180.0,0,0,144,2.6875,0.009680216802168044,457.12152777777777,Healthy,No Action,Healthy
10,2022-03-19,177.12408,179.6743,180.0,4.3001866e-05,2.1674176e-05,0,1.6,0.17986111,180.0,0,0,144,2.615972222222222,0.012828252032520361,402.7423611111111,Healthy,No Action,Healthy
10,2022-03-20,177.02177,179.29335,180.0,6.566922e-05,3.349328e-05,0,1.7,0.39305556,180.0,0,0,144,4.095833333333333,0.06763143631436314,853.0402777777778,Healthy,No Action,Healthy
10,2022-03-21,176.1485,179.08063,180.0,3.719536e-05,2.2788796e-05,0,2.1,0.5104167,180.0,0,0,144,3.8375000000000004,0.058365176151761525,739.4541666666667,Healthy,No Action,Healthy
10,2022-03-22,176.00258,179.38568,180.0,0.00010811449,6.345296e-05,0,2.2,0.33958334,180.0,0,0,144,3.892361111111111,0.06310162601626017,761.6145833333334,Healthy,No Action,Healthy
10,2022-03-23,177.37326,179.8742,180.0,6.790875e-05,3.9206046e-05,0,1.5,0.07083333,180.0,0,0,144,5.053472222222222,0.17351016260162602,919.1159722222224,Healthy,No Action,Healthy
10,2022-03-24,177.64018,179.44254,180.0,9.311627e-05,4.8008704e-05,0,1.3,0.31041667,180.0,0,0,144,4.523611111111111,0.07453556910569102,1098.1284722222222,Healthy,No Action,Healthy
10,2022-03-25,174.14618,179.46616,180.0,7.047899e-05,3.625742e-05,0,3.3,0.29722223,180.0,0,0,144,3.3118055555555554,0.07596104336043363,575.0784722222222,Healthy,No Action,Healthy
10,2022-03-26,175.92926,179.54283,180.0,0.00023659083,9.1847985e-05,0,2.3,0.25694445,180.0,0,0,144,4.357638888888889,0.07944817073170732,925.1541666666667,Healthy,No Action,Healthy
10,2022-03-27,175.83363,178.97318,180.0,9.2089205e-05,6.1508916e-05,0,2.3,0.5708333,180.0,0,0,144,4.121527777777778,0.06963346883468835,821.6812500000001,Healthy,No Action,Healthy
10,2022-03-28,172.15994,176.72655,180.0,0.00016844847,0.00010689401,0,4.4,1.8202899,180.0,0,0,138,4.415942028985507,0.06199646518204311,973.3521739130435,Healthy,No Action,Healthy
10,2022-03-29,177.55229,179.73799,180.0,0.00014237795,7.0771726e-05,0,1.4,0.14583333,180.0,0,0,144,3.634722222222222,0.04936822493224932,799.4229166666667,Healthy,No Action,Healthy
10,2022-03-30,173.60037,179.06024,180.0,6.273981e-05,3.4636745e-05,0,3.6,0.5201389,180.0,0,0,144,2.033333333333333,-0.0013983739837397959,193.0638888888889,Healthy,No Action,Healthy
10,2022-03-31,174.98479,179.34271,180.0,4.2262443e-05,1.9996265e-05,0,2.8,0.36527777,180.0,0,0,144,3.3097222222222222,0.038869579945799475,550.4437499999999,Healthy,No Action,Healthy
10,2022-04-01,166.11778,174.19206,180.0,4.1942327e-05,2.1157502e-05,0,7.7,3.2215278,180.0,0,0,144,7.220833333333333,0.3459522357723577,1414.6361111111112,Healthy,No Action,Healthy
10,2022-04-02,170.96922,177.38898,180.0,1.7777857e-05,8.597498e-06,0,5.0,1.4472222,180.0,0,0,144,4.631944444444445,0.08510128726287261,1049.0819444444444,Healthy,No Action,Healthy
10,2022-04-03,173.81172,178.04944,180.0,1.084577e-05,6.913176e-06,0,3.4,1.0833334,180.0,0,0,144,3.0680555555555555,0.016959349593495952,554.7708333333334,Healthy,No Action,Healthy
10,2022-04-04,173.2204,177.54564,180.0,5.7374496e-06,2.6560274e-06,0,3.8,1.3631945,180.0,0,0,144,3.617361111111111,0.055835365853658545,711.4659722222223,Healthy,No Action,Healthy
10,2022-04-05,172.97765,176.67471,180.0,6.4203723e-06,2.3126665e-06,0,3.9,1.8458333,180.0,0,0,144,9.785416666666666,0.6268567073170731,1529.7833333333333,Healthy,No Action,Healthy
10,2022-04-06,169.3886,175.67014,180.0,5.678475e-06,1.4476901e-06,0,5.9,2.40625,180.0,0,0,144,7.101388888888889,0.3329939024390243,1443.0277777777778,Healthy,No Action,Healthy
10,2022-04-07,177.28691,179.74527,180.0,6.9816906e-06,1.9401223e-06,0,1.5,0.14166667,180.0,0,0,144,3.2319444444444443,0.03428963414634148,623.4541666666667,Healthy,No Action,Healthy
10,2022-04-08,171.59885,175.95175,180.0,3.206719e-06,1.6910423e-06,0,4.7,2.25,180.0,0,0,144,2.834722222222222,0.02781910569105693,488.50347222222223,Healthy,No Action,Healthy
10,2022-04-09,172.4124,178.47542,180.0,2.97983e-06,1.3104104e-06,0,4.2,0.8465278,180.0,0,0,144,4.497222222222223,0.12917344173441736,843.1944444444445,Healthy,No Action,Healthy
10,2022-04-10,172.19612,178.05765,180.0,1.367832e-06,6.579699e-07,0,4.3,1.0756944,180.0,0,0,144,3.4770833333333333,0.04301253387533877,585.129861111111,Healthy,No Action,Healthy
10,2022-04-11,170.18349,177.76901,180.0,8.985441e-06,3.092904e-06,0,5.5,1.2395834,180.0,0,0,144,4.6625,0.10909146341463413,1013.9270833333334,Healthy,No Action,Healthy
10,2022-04-12,172.4159,175.47943,180.0,9.341337e-06,5.6252475e-06,0,4.2,2.5152779,180.0,0,0,144,6.179166666666666,0.20967784552845525,1370.5104166666667,Healthy,No Action,Healthy
10,2022-04-13,169.6979,175.014,180.0,1.0418162e-05,6.0905886e-06,0,5.7,2.7666667,180.0,0,0,144,6.627083333333333,0.29352676151761514,1415.298611111111,Healthy,No Action,Healthy
10,2022-04-14,171.50996,177.89764,180.0,1.5148754e-05,9.20968e-06,0,4.7,1.1673611,180.0,0,0,144,4.670833333333333,0.10621307588075879,1067.767361111111,Healthy,No Action,Healthy
10,2022-04-15,173.25363,177.15193,180.0,1.2390635e-05,7.146542e-06,0,3.7,1.58125,180.0,0,0,144,2.34375,0.011404810298103,405.8861111111111,Healthy,No Action,Healthy
10,2022-04-16,174.47148,178.32979,180.0,7.595763e-06,3.774284e-06,0,3.1,0.9270833,180.0,0,0,144,4.861805555555556,0.18280047425474255,844.8118055555556,Healthy,No Action,Healthy
10,2022-04-17,171.0583,176.53714,180.0,1.6969152e-05,7.602805e-06,0,5.0,1.9215279,180.0,0,0,144,7.652777777777778,0.3907212059620596,1487.0756944444445,Healthy,No Action,Healthy
10,2022-04-18,173.73682,177.40372,180.0,9.745563e-06,4.005085e-06,0,3.5,1.4430556,180.0,0,0,144,4.590277777777778,0.08046341463414632,1074.2826388888889,Healthy,No Action,Healthy
10,2022-04-19,173.41783,177.19208,180.0,4.5257825e-06,2.2734944e-06,0,3.7,1.5597223,180.0,0,0,144,7.372222222222222,0.42372628726287265,1130.6437500000002,Healthy,No Action,Healthy
10,2022-04-20,174.22832,178.2623,180.0,1.1895295e-06,5.0616285e-07,0,3.2,0.9638889,180.0,0,0,144,7.520833333333333,0.4174190379403794,1338.7652777777778,Healthy,No Action,Healthy
10,2022-04-21,173.1011,178.03424,180.0,7.768728e-07,3.0256697e-07,0,3.8,1.0902778,180.0,0,0,144,5.370833333333334,0.16096476964769646,1151.9673611111111,Healthy,No Action,Healthy
10,2022-04-22,173.68306,178.20813,180.0,1.2700352e-06,4.7398004e-07,0,3.5,0.99236107,180.0,0,0,144,2.7173611111111113,0.011564363143631464,353.62916666666666,Healthy,No Action,Healthy
10,2022-04-23,175.49652,179.02577,180.0,2.4847634e-06,8.5203675e-07,0,2.5,0.54097223,180.0,0,0,144,2.6590277777777778,0.005864498644986483,399.47291666666666,Healthy,No Action,Healthy
10,2022-04-24,175.4273,178.86214,180.0,9.2279674e-07,3.5894448e-07,0,2.5,0.6340278,180.0,0,0,144,3.120833333333333,0.03219410569105693,556.3583333333333,Healthy,No Action,Healthy
10,2022-04-25,175.7094,179.24461,180.0,5.106099e-07,2.3718763e-07,0,2.4,0.41805556,180.0,0,0,144,4.008333333333334,0.08145934959349593,810.5368055555556,Healthy,No Action,Healthy
10,2022-04-26,174.43875,179.23714,180.0,4.6452163e-07,2.424754e-07,0,3.1,0.4236111,180.0,0,0,144,5.584722222222222,0.17688380758807587,1092.802777777778,Healthy,No Action,Healthy
10,2022-04-27,174.66406,179.36528,180.0,1.8804704e-06,4.37113e-07,0,3.0,0.35185185,180.0,0,0,270,4.048888888888889,0.0557631436314363,877.5088888888889,Healthy,No Action,Healthy
10,2022-04-28,169.55975,175.78455,180.0,3.4913655e-06,1.6939472e-06,0,5.8,2.3409722,180.0,0,0,288,3.4541666666666666,0.03204403794037941,669.2809027777778,Healthy,No Action,Healthy
10,2022-04-29,170.81993,178.57129,180.0,2.8967982e-06,9.606138e-07,0,5.1,0.79479164,180.0,0,0,288,5.602430555555555,0.24157113821138212,985.110763888889,Healthy,No Action,Healthy
10,2022-04-30,172.3174,178.81946,180.0,1.0465445e-06,3.0822645e-07,0,4.3,0.65555555,180.0,0,0,288,6.375347222222222,0.3045184620596206,1147.8104166666667,Healthy,No Action,Healthy
10,2022-05-01,172.2196,179.21832,180.0,4.836308e-07,1.9967587e-07,0,4.3,0.4329861,180.0,0,0,288,6.458333333333333,0.2792667682926829,1228.9729166666666,Healthy,No Action,Healthy
10,2022-05-02,175.5586,179.53424,180.0,4.1691743e-07,1.8508341e-07,0,2.5,0.25902778,180.0,0,0,288,9.886111111111111,0.6285768970189702,1513.5159722222222,Healthy,No Action,Healthy
10,2022-05-03,167.61064,177.86737,180.0,1.8312704e-06,3.9972517e-07,0,6.9,1.1850694,180.0,0,0,288,11.90486111111111,0.6173213075880759,1221.4378472222222,Healthy,No Action,Healthy
10,2022-05-04,175.87878,179.81813,180.0,5.2182213e-07,1.6840903e-07,0,2.3,0.10104167,180.0,0,0,288,11.152430555555556,0.18718648373983743,431.9263888888889,Healthy,No Action,Healthy
10,2022-05-05,175.48993,179.04718,180.0,2.8758975e-06,6.394817e-07,0,2.5,0.52943265,180.0,0,0,282,9.33404255319149,0.051860231793807346,191.73652482269503,Healthy,No Action,Healthy
10,2022-05-06,173.04193,178.67273,180.0,2.523907e-06,7.752979e-07,0,3.9,0.7379061,180.0,0,0,277,6.988086642599278,0.10809967420973851,528.1220216606498,Healthy,No Action,Healthy
10,2022-05-07,168.71829,177.91788,180.0,6.8723953e-06,1.5737188e-06,0,6.3,1.1583039,180.0,0,0,283,5.149823321554771,0.0876616392312333,904.9491166077738,Healthy,No Action,Healthy
10,2022-05-08,173.26984,179.36711,180.0,1.7887513e-05,6.430087e-06,0,3.7,0.35069445,180.0,0,0,288,6.419791666666667,0.2876514227642276,1307.46875,Healthy,No Action,Healthy
10,2022-05-09,169.83482,177.47493,180.0,2.0114687e-05,8.511688e-06,0,5.6,1.4013889,180.0,0,0,288,7.777083333333334,0.43071747967479673,1468.7781249999998,Healthy,No Action,Healthy
10,2022-05-10,168.82458,178.08052,180.0,6.814572e-06,3.5932119e-06,0,6.2,1.0663195,180.0,0,0,288,7.101736111111111,0.33244766260162595,1423.8131944444444,Healthy,No Action,Healthy
10,2022-05-11,171.02036,178.25412,180.0,1.3021762e-05,5.667421e-06,0,5.0,0.97083336,180.0,0,0,288,7.055208333333334,0.3184495257452574,1434.4059027777778,Healthy,No Action,Healthy
10,2022-05-12,172.82713,179.07997,180.0,1.3905473e-05,6.6184452e-06,0,4.0,0.5111111,180.0,0,0,288,7.6416666666666675,0.39730995934959346,1476.0923611111111,Healthy,No Action,Healthy
10,2022-05-13,166.90016,176.45276,180.0,2.6312107e-05,8.302165e-06,0,7.3,1.9715277,180.0,0,0,288,7.491319444444445,0.3683267276422764,1450.318402777778,Healthy,No Action,Healthy
10,2022-05-14,166.20706,175.2539,180.0,1.7831904e-05,3.6370645e-06,0,7.7,2.6374998,180.0,0,0,288,5.608333333333333,0.1723045392953929,1191.3472222222222,Healthy,No Action,Healthy
10,2022-05-15,169.42111,177.04147,180.0,2.5949955e-06,8.4458156e-07,0,5.9,1.6430556,180.0,0,0,288,3.8628472222222223,0.06751405826558265,803.2996527777777,Healthy,No Action,Healthy
10,2022-05-16,174.63698,179.44115,180.0,1.5272632e-06,6.157659e-07,0,3.0,0.3107639,180.0,0,0,288,3.027083333333333,0.03157215447154474,484.9479166666667,Healthy,No Action,Healthy
10,2022-05-17,176.51842,179.46455,180.0,1.2382284e-06,2.6301296e-07,0,1.9,0.2954861,180.0,0,0,288,6.018750000000001,0.28553472222222226,972.282638888889,Healthy,No Action,Healthy
10,2022-05-18,173.6408,179.31247,180.0,1.127076e-06,3.8389624e-07,0,3.5,0.38159722,180.0,0,0,288,7.456944444444444,0.3842672764227642,1352.4961805555556,Healthy,No Action,Healthy
10,2022-05-19,173.36769,178.53519,180.0,5.3412823e-06,1.3708907e-06,0,3.7,0.8142361,180.0,0,0,288,4.351388888888889,0.11061314363143632,824.5635416666667,Healthy,No Action,Healthy
10,2022-05-20,169.7193,179.26942,180.0,2.7047574e-06,1.3011028e-06,0,5.7,0.4057034,180.0,0,0,263,4.54296577946768,0.14372994528424374,811.3942965779468,Healthy,No Action,Healthy
10,2022-05-21,174.9789,179.63123,180.0,2.0444418e-06,8.555605e-07,0,2.8,0.20456274,180.0,0,0,263,6.995437262357414,0.3252341648891774,1295.4498098859315,Healthy,No Action,Healthy
10,2022-05-22,172.5699,178.90213,180.0,1.4355878e-06,8.1370376e-07,0,4.1,0.60972226,180.0,0,0,288,5.902083333333334,0.2092361111111111,1183.5833333333333,Healthy,No Action,Healthy
10,2022-05-23,171.01193,179.03934,180.0,4.042871e-06,1.2662161e-06,0,5.0,0.53333336,180.0,0,0,288,4.748958333333333,0.1373812669376694,915.6489583333334,Healthy,No Action,Healthy
10,2022-05-24,172.93562,178.88496,180.0,5.6964327e-05,6.6078906e-06,0,3.9,0.6201389,180.0,0,0,288,5.346527777777777,0.1756089092140921,1036.5149305555556,Healthy,No Action,Healthy
10,2022-05-25,169.06895,178.28546,180.0,0.00019827473,5.4593565e-05,0,6.1,0.95173615,180.0,0,0,288,5.110069444444445,0.112895325203252,1123.0281249999998,Healthy,No Action,Healthy
10,2022-05-26,164.28427,178.01527,180.0,0.00026149207,5.9931655e-05,0,8.7,1.1006944,180.0,0,0,288,4.515277777777778,0.07338855013550134,942.5777777777779,Healthy,No Action,Healthy
10,2022-05-27,156.30403,172.08221,180.0,0.001965851,0.00048183545,0,13.2,4.3958335,180.0,0,0,288,3.972569444444444,0.05565193089430894,785.9024305555555,Healthy,No Action,Healthy
10,2022-05-28,166.94725,176.6125,180.0,0.0016028268,0.00013896106,0,7.3,1.8826389,180.0,0,0,288,5.0625,0.18248644986449863,937.9034722222223,Healthy,No Action,Healthy
10,2022-05-29,169.89307,178.63507,180.0,4.796701e-05,1.4123902e-05,0,5.6,0.75972223,180.0,0,0,288,5.5836805555555555,0.20626676829268292,1050.15625,Healthy,No Action,Healthy
10,2022-05-30,165.17705,176.46208,180.0,0.00012131125,3.5742327e-05,0,8.2,1.9677083,180.0,0,0,288,4.646527777777778,0.10532215447154472,934.1770833333334,Healthy,No Action,Healthy
10,2022-05-31,169.38893,178.0368,180.0,0.00013434724,2.5264228e-05,0,5.9,1.0916667,180.0,0,0,288,3.8194444444444446,0.0682982723577236,704.4361111111111,Healthy,No Action,Healthy
10,2022-06-01,172.21094,179.018,180.0,4.5483626e-05,9.326967e-06,0,4.3,0.54618055,180.0,0,0,288,5.572916666666667,0.21917547425474254,1001.1128472222222,Healthy,No Action,Healthy
10,2022-06-02,168.28365,177.73997,180.0,0.0007115144,0.00014999499,0,6.5,1.2565972,180.0,0,0,288,7.314930555555555,0.33153031842818426,1393.9642361111112,Healthy,No Action,Healthy
10,2022-06-03,167.97966,177.36307,180.0,0.0028948877,0.00048587171,0,6.7,1.4649305,180.0,0,0,288,6.185763888888889,0.20941463414634146,1284.1086805555556,Healthy,No Action,Healthy
10,2022-06-04,149.80139,173.33487,180.0,0.002344835,0.00038001162,0,16.8,3.7027779,180.0,0,0,288,5.589930555555556,0.15185907859078587,1245.3243055555556,Healthy,No Action,Healthy
10,2022-06-05,171.03299,178.47084,180.0,8.077358e-06,7.649685e-07,0,5.0,0.8489583,180.0,0,0,288,4.254861111111111,0.08673086043360433,888.5378472222222,Healthy,No Action,Healthy
10,2022-06-06,168.21803,178.67018,180.0,3.336623e-06,3.5417173e-07,0,6.5,0.7379791,180.0,0,0,287,3.3445993031358885,0.03717838021585792,607.0895470383276,Healthy,No Action,Healthy
10,2022-06-07,162.03722,177.0212,180.0,2.1503642e-05,3.6592078e-06,0,10.0,1.652381,180.0,0,0,273,6.168498168498169,0.1933762172786563,797.7223443223444,Healthy,No Action,Healthy
10,2022-06-08,166.61406,178.08101,180.0,1.4114795e-05,5.750599e-06,0,7.4,1.0638686,180.0,0,0,274,9.338686131386861,0.47882196902260993,1299.406204379562,Healthy,No Action,Healthy
10,2022-06-09,171.50641,178.94623,180.0,1.5627757e-05,2.3778784e-06,0,4.7,0.5868056,180.0,0,0,288,6.551736111111111,0.3038104674796748,1164.9149305555557,Healthy,No Action,Healthy
10,2022-06-10,161.65482,178.47859,180.0,0.020150539,0.0010009372,0,10.2,0.84513885,180.0,0,0,288,4.533333333333333,0.09316717479674795,1011.6267361111111,Healthy,No Action,Healthy
10,2022-06-11,170.01546,179.04132,180.0,0.002893385,0.00054592825,0,5.5,0.53194445,180.0,0,0,288,4.747916666666667,0.10424542682926827,1081.1027777777776,Healthy,No Action,Healthy
10,2022-06-12,166.59184,178.28601,180.0,0.0017279775,0.00037661946,0,7.4,0.95416665,180.0,0,0,288,3.6802083333333337,0.05161619241192412,727.9805555555555,Healthy,No Action,Healthy
10,2022-06-13,162.75401,176.20352,180.0,0.009524037,0.0018230805,0,9.6,2.1083333,180.0,0,0,288,3.6031250000000004,0.07449881436314365,629.4232638888889,Healthy,No Action,Healthy
10,2022-06-14,170.88538,178.81462,180.0,0.00062395923,0.00015011622,0,5.1,0.6597222,180.0,0,0,288,4.795486111111111,0.1348130081300813,962.7131944444445,Healthy,No Action,Healthy
10,2022-06-15,159.2955,176.87915,180.0,0.002032419,0.00034589536,0,11.5,1.7326388,180.0,0,0,288,6.859375,0.2967361111111111,1365.990277777778,Healthy,No Action,Healthy
10,2022-06-16,169.26968,177.69403,180.0,0.0011682805,0.0002974018,0,6.0,1.2826389,180.0,0,0,288,7.319097222222222,0.34289905149051486,1418.1079861111111,Healthy,No Action,Healthy
10,2022-06-17,156.34813,176.03485,180.0,0.00084373786,8.406272e-05,0,13.1,2.2041667,180.0,0,0,288,5.292361111111111,0.1647120596205962,1044.123263888889,Healthy,No Action,Healthy
10,2022-06-18,149.88617,173.9741,180.0,0.00048274733,5.450081e-05,0,16.7,3.3458042,180.0,0,0,286,3.979020979020979,0.08010574791062597,701.3486013986014,Healthy,No Action,Healthy
10,2022-06-19,169.73843,179.22621,180.0,6.843116e-05,7.822952e-06,0,5.7,0.43041956,180.0,0,0,286,5.425524475524476,0.1988429131843766,953.8513986013986,Healthy,No Action,Healthy
10,2022-06-20,158.10886,175.48021,180.0,0.00042315116,5.7428693e-05,0,12.2,2.5104167,180.0,0,0,288,7.043402777777778,0.32912957317073166,1286.3083333333334,Healthy,No Action,Healthy
10,2022-06-21,159.53069,175.71886,180.0,0.00038261985,1.7280368e-05,0,11.4,2.3777778,180.0,0,0,288,9.511458333333334,0.5282713414634146,1436.3461805555555,Healthy,No Action,Healthy
10,2022-06-22,163.0987,176.3232,180.0,0.0016950236,0.00013052294,0,9.4,2.042014,180.0,0,0,288,11.04375,0.6555191395663956,1495.2586805555557,Healthy,No Action,Healthy
10,2022-06-23,167.10252,177.98235,180.0,3.243581e-05,1.0391526e-05,0,7.2,1.1201389,180.0,0,0,288,9.006944444444445,0.4767842140921409,1474.7395833333333,Healthy,No Action,Healthy
10,2022-06-24,161.73015,174.78629,180.0,0.00012838114,3.625418e-05,0,10.1,2.898264,180.0,0,0,288,6.5725694444444445,0.23990802845528453,1339.85,Healthy,No Action,Healthy
10,2022-06-25,162.84906,176.405,180.0,1.282026e-05,3.0848191e-06,0,9.5,1.9972223,180.0,0,0,288,4.538194444444445,0.0876141598915989,934.923263888889,Healthy,No Action,Healthy
10,2022-06-26,157.52756,176.11249,180.0,1.2623475e-05,3.0028198e-06,0,12.5,2.1590278,180.0,0,0,288,3.853472222222222,0.046436314363143626,851.1347222222222,Healthy,No Action,Healthy
10,2022-06-27,173.81914,179.71077,180.0,4.0130544e-06,9.62155e-07,0,3.4,0.16076389,180.0,0,0,288,6.185069444444444,0.2796978319783198,1040.3854166666667,Healthy,No Action,Healthy
10,2022-06-28,175.16269,179.5296,180.0,9.2326854e-07,2.887272e-07,0,2.7,0.2611111,180.0,0,0,288,8.578819444444443,0.5002056233062331,1297.9194444444445,Healthy,No Action,Healthy
10,2022-06-29,167.97353,177.37628,180.0,9.1583644e-07,3.8661182e-07,0,6.7,1.4593749,179.0,0,0,288,6.436805555555555,0.28152794715447155,1152.3322916666666,Healthy,No Action,Healthy
10,2022-06-30,165.25992,178.04132,180.0,4.3924927e-05,5.488856e-06,0,8.2,1.0878472,178.0,0,0,288,3.7763888888888886,0.05072476287262872,787.3861111111112,Healthy,No Action,Generator bearing failure
10,2022-07-01,156.77423,171.10954,180.0,0.0001353458,1.8001743e-05,0,12.9,4.9361315,177.0,0,0,274,3.6912408759124085,0.0365483354103614,763.5492700729927,Healthy,No Action,Generator bearing failure
10,2022-07-02,159.92209,172.07823,180.0,0.0001633533,2.71797e-05,0,11.2,4.401825,176.0,0,0,274,4.015693430656934,0.08498112871639667,691.1529197080292,Healthy,No Action,Generator bearing failure
10,2022-07-03,162.75296,172.36772,178.96225,5.819986e-06,2.3246278e-06,0,9.6,4.2385416,175.0,0,0,288,6.922569444444445,0.3080582655826558,1007.0027777777777,Healthy,No Action,Generator bearing failure
10,2022-07-04,164.1609,173.70316,180.0,3.019608e-06,6.9610917e-07,0,8.8,3.4982638,174.0,0,0,288,6.886805555555556,0.2773487466124661,1128.4145833333334,Healthy,No Action,Generator bearing failure
10,2022-07-05,162.30476,171.37537,177.03207,5.7572356e-07,1.4716629e-07,0,9.8,4.7934027,173.0,0,0,288,3.4944444444444445,0.044315040650406506,713.223611111111,Healthy,No Action,Generator bearing failure
10,2022-07-06,155.14738,169.90843,178.65149,1.5013098e-06,3.0992283e-07,0,13.8,5.6041665,172.0,0,0,288,3.808333333333333,0.0929928861788618,695.7923611111112,Healthy,No Action,Generator bearing failure
10,2022-07-07,160.70807,169.67694,179.10815,1.0082688e-06,2.4457293e-07,0,10.7,5.73125,171.0,0,0,288,4.122569444444444,0.09768123306233062,756.5861111111111,Healthy,No Action,Generator bearing failure
10,2022-07-08,157.90866,169.23758,179.29701,1.550261e-06,4.1430445e-07,0,12.3,5.978472,170.0,0,0,288,3.4361111111111113,0.024708163956639568,663.1319444444445,Healthy,No Action,Generator bearing failure
10,2022-07-09,160.26813,167.06369,174.4872,4.4141254e-07,1.4935924e-07,0,11.0,7.185764,169.0,0,0,288,6.410763888888889,0.23535823170731707,987.6510416666666,Healthy,No Action,Generator bearing failure
10,2022-07-10,158.18709,167.32376,176.04253,1.5063394e-07,6.367913e-08,0,12.1,7.04375,168.0,0,0,288,9.039930555555555,0.4031900406504065,1225.6444444444444,Healthy,No Action,Generator bearing failure
10,2022-07-11,150.95935,165.73805,173.77428,1.461921e-07,4.5709363e-08,0,16.1,7.923959,167.0,0,0,288,6.398958333333334,0.21382859078590785,991.779861111111,Healthy,No Action,Generator bearing failure
10,2022-07-12,150.77844,162.45383,169.64127,6.5157377e-07,1.965867e-07,0,16.2,9.749306,166.0,0,0,288,4.151736111111111,0.08452117208672087,771.3756944444444,Healthy,No Action,Generator bearing failure
10,2022-07-13,150.23431,162.26259,175.16663,9.4778903e-07,2.8323905e-07,0,16.5,9.853125,165.0,0,0,288,3.4895833333333335,0.055497628726287274,612.5729166666666,Healthy,No Action,Generator bearing failure
10,2022-07-14,156.43904,162.51566,167.14015,2.21869e-07,6.093226e-08,0,13.1,9.715972,164.0,0,0,288,7.3961805555555555,0.38496849593495935,1015.2913194444445,Healthy,No Action,Generator bearing failure
10,2022-07-15,152.17937,162.53485,170.0814,3.1690695e-06,5.2442516e-07,0,15.5,9.704166,163.0,0,0,288,12.464930555555556,0.7636392276422764,1533.8270833333333,Healthy,No Action,Generator bearing failure
10,2022-07-16,151.77016,163.20035,171.6345,1.5249115e-05,3.7252457e-06,0,15.7,9.332986,162.0,0,0,288,13.944097222222222,0.8730807926829268,1598.4986111111111,Healthy,No Action,Generator bearing failure
10,2022-07-17,153.39592,161.03728,168.36272,3.266877e-06,1.0376854e-06,0,14.8,10.536806,161.0,0,0,288,14.362847222222221,0.9492804878048781,1650.8482638888888,Healthy,No Action,Generator bearing failure
10,2022-07-18,152.7637,159.36624,166.51808,2.0648258e-06,8.003744e-07,0,15.1,11.463542,160.0,0,0,288,12.415277777777778,0.8497630420054201,1638.8215277777776,Healthy,No Action,Generator bearing failure
10,2022-07-19,148.87451,159.01933,169.21402,1.2092683e-05,4.2801857e-06,0,17.3,11.657291,159.0,0,0,288,10.584722222222222,0.7054646002710027,1613.0354166666666,Healthy,No Action,Generator bearing failure
10,2022-07-20,150.86554,156.35822,162.86319,3.0196945e-05,5.438431e-06,0,16.2,13.135069,158.0,0,0,288,7.821527777777778,0.33908807588075884,950.7232638888888,Healthy,No Action,Generator bearing failure
10,2022-07-21,150.53242,156.79327,167.20702,5.831256e-05,1.1515022e-05,0,16.4,12.891319,157.0,0,0,288,4.757291666666666,0.06134552845528458,483.2475694444444,Healthy,No Action,Generator bearing failure
10,2022-07-22,141.2119,154.81537,161.82312,4.5143977e-05,1.206472e-05,0,21.5,13.991667,156.0,0,0,288,3.9833333333333334,0.07305606368563686,739.7284722222222,Healthy,No Action,Generator bearing failure
10,2022-07-23,141.09166,153.03032,159.21652,3.759319e-05,8.772135e-06,0,21.6,14.979514,155.0,0,0,288,4.975694444444445,0.15449491869918697,962.8225694444445,Healthy,No Action,Generator bearing failure
10,2022-07-24,149.40517,154.26984,159.1086,2.120955e-05,4.137667e-06,0,17.0,14.295834,154.0,0,0,288,9.254513888888889,0.45765226964769645,1208.8440972222222,Healthy,No Action,Generator bearing failure
10,2022-07-25,141.94235,156.2928,162.98839,3.8221093e-05,7.805869e-06,0,21.1,13.172916,153.0,0,0,288,12.16875,0.6628065718157182,1371.6361111111112,Healthy,No Action,Generator bearing failure
10,2022-07-26,135.9749,148.92,158.25534,2.7132957e-05,7.0736373e-06,0,24.5,17.265972,152.0,0,0,288,10.087847222222223,0.561699864498645,1423.5666666666666,Healthy,No Action,Generator bearing failure
10,2022-07-27,143.18004,152.28842,159.71788,2.2550944e-06,5.8598994e-07,0,20.5,15.396528,151.0,0,0,288,5.837152777777778,0.24506741192411927,1030.3215277777776,Healthy,No Action,Generator bearing failure
10,2022-07-28,141.30605,150.2364,155.91566,1.8689799e-06,6.4294613e-07,0,21.5,16.533682,150.0,0,0,288,4.065625000000001,0.0933453590785908,708.6190972222222,Healthy,No Action,Generator bearing failure
10,2022-07-29,141.57162,149.53445,156.43004,6.1477806e-07,1.719174e-07,0,21.3,16.92361,149.0,0,0,288,5.687847222222222,0.19931842818428183,1076.1125000000002,Healthy,No Action,Generator bearing failure
10,2022-07-30,140.99904,148.80403,153.74298,1.3917846e-06,4.1576487e-07,0,21.7,17.332638,148.0,0,0,288,4.970486111111111,0.13262889566395664,1006.1187500000001,Healthy,No Action,Generator bearing failure
10,2022-07-31,143.8885,150.8517,159.00989,1.40571665e-05,3.707274e-06,0,20.1,16.194098,147.0,0,0,288,3.479861111111111,0.03273644986449865,673.5072916666667,Healthy,No Action,Generator bearing failure
10,2022-08-01,137.00714,144.56123,150.77226,3.525336e-05,1.1581683e-05,0,23.9,19.689583,146.0,0,0,288,3.054513888888889,0.0282059620596206,577.1079861111111,Healthy,No Action,Generator bearing failure
10,2022-08-02,139.7296,146.27773,150.95737,3.2228734e-05,5.8230235e-06,0,22.4,18.737846,145.0,0,0,288,4.267013888888889,0.11043241869918699,815.7611111111112,Healthy,No Action,Generator bearing failure
10,2022-08-03,137.35783,145.09186,150.13521,4.00721e-05,8.011894e-06,0,23.7,19.39236,144.0,0,0,288,4.752430555555556,0.11525118563685638,929.6611111111112,Healthy,No Action,Generator bearing failure
10,2022-08-04,133.75407,141.83331,148.59729,1.7986229e-05,7.3977726e-06,0,25.7,21.202084,143.0,0,0,288,3.502083333333333,0.040386517615176164,636.9704861111111,Healthy,No Action,Generator bearing failure
10,2022-08-05,131.851,140.9472,150.00977,3.2815922e-05,1.3191358e-05,0,26.7,21.693056,142.0,0,0,288,3.4225694444444446,0.03918783875338755,601.1552083333333,Healthy,No Action,Generator bearing failure
10,2022-08-06,133.92332,141.16864,148.71162,9.259403e-05,7.924063e-06,0,25.6,21.573957,141.0,0,0,288,7.526388888888889,0.3199188685636856,950.079513888889,Healthy,No Action,Generator bearing failure
10,2022-08-07,131.96935,140.31635,146.65234,1.7240478e-06,5.2046533e-07,0,26.7,22.043158,140.0,0,0,285,11.099649122807017,0.6039462558836115,1382.0515789473684,Healthy,No Action,Generator bearing failure
10,2022-08-08,132.97945,138.52315,145.45793,4.611789e-05,3.07546e-06,0,26.1,23.042105,139.0,0,0,285,11.529824561403508,0.6546546854942233,1456.579298245614,Healthy,No Action,Generator bearing failure
10,2022-08-09,123.03455,133.84206,141.54721,0.0003838112,3.854628e-05,0,31.6,25.640839,138.0,0,0,262,10.850381679389313,0.6012872835598585,1488.2251908396947,Healthy,No Action,Generator bearing failure
10,2022-08-10,122.41889,137.51535,146.93416,0.00025683423,2.2353017e-05,0,32.0,23.601526,137.0,0,0,262,8.879770992366412,0.4951509960901136,1409.143893129771,Healthy,No Action,Generator bearing failure
10,2022-08-11,125.8943,135.09442,143.10004,0.0003050251,2.4340674e-05,0,30.1,24.948612,136.0,0,0,288,10.600347222222222,0.6673694105691057,1469.7510416666667,Healthy,No Action,Generator bearing failure
10,2022-08-12,126.07505,133.4538,141.22466,0.00063694624,8.3974184e-05,0,30.0,25.86007,135.0,0,0,288,12.782291666666667,0.794275406504065,1559.3572916666667,Healthy,No Action,Generator bearing failure
10,2022-08-13,124.69228,132.6494,138.15552,0.0001483556,2.6169979e-05,0,30.7,26.307987,134.0,0,0,288,13.05,0.8180342140921408,1565.2017361111111,Healthy,No Action,Generator bearing failure
10,2022-08-14,122.38268,133.746,142.49721,0.0005110362,0.00015183486,0,32.0,25.692709,133.0,0,0,288,12.267708333333333,0.8493235094850948,1639.4722222222222,Healthy,No Action,Generator bearing failure
10,2022-08-15,123.66733,134.31554,141.56618,0.0003048312,5.8066376e-05,0,31.3,25.378471,132.0,0,0,288,10.089583333333334,0.64416277100271,1563.8993055555557,Healthy,No Action,Generator bearing failure
10,2022-08-16,124.74457,131.42488,138.6643,0.0005546105,0.000100122736,0,30.7,26.986807,131.0,0,0,288,6.337847222222222,0.2598357046070461,1178.9888888888888,Healthy,No Action,Generator bearing failure
10,2022-08-17,117.46651,130.76476,137.7618,0.012236814,0.0008715652,0,34.7,27.353472,130.0,0,0,288,4.170486111111111,0.07172239159891598,800.4222222222222,Healthy,No Action,Generator bearing failure
10,2022-08-18,116.26671,131.09991,143.6139,0.002629496,0.000424253,0,35.4,27.166666,129.0,0,0,288,3.667361111111111,0.055721544715447165,655.4642361111112,Healthy,No Action,Generator bearing failure
10,2022-08-19,116.982834,129.08392,144.29356,0.00016542074,4.4594468e-05,0,35.0,28.287848,128.0,0,0,288,3.5052083333333335,0.045175135501355025,606.5218749999999,Healthy,No Action,Generator bearing failure
10,2022-08-20,119.315445,130.63681,138.43292,0.0008357498,9.9276695e-05,0,33.7,27.42118,127.0,0,0,288,3.765625,0.06664058265582656,653.0006944444444,Healthy,No Action,Generator bearing failure
10,2022-08-21,119.44305,128.2957,137.10973,1.5723177e-05,3.136244e-06,0,33.6,28.722918,126.0,0,0,288,4.986111111111111,0.19896392276422764,806.0475694444444,Healthy,No Action,Generator bearing failure
10,2022-08-22,118.4833,125.81056,133.85149,5.645376e-06,4.382329e-07,0,34.2,30.100695,125.0,0,0,288,8.710763888888888,0.44517327235772364,1191.1854166666667,Healthy,No Action,Generator bearing failure
10,2022-08-23,113.18686,124.510895,130.95155,2.987955e-05,5.3299723e-06,0,37.1,30.82986,124.0,0,0,288,11.399652777777778,0.619939701897019,1438.6715277777778,Healthy,No Action,Generator bearing failure
10,2022-08-24,111.05946,126.425186,134.07576,0.00036195686,4.0607134e-05,0,38.3,29.76389,123.0,0,0,288,11.728819444444445,0.7393660230352304,1533.0322916666667,Healthy,No Action,Generator bearing failure
10,2022-08-25,107.96044,121.33743,133.3666,0.004440234,0.0001817465,0,40.0,32.59271,122.0,0,0,288,11.79513888888889,0.8225882452574527,1634.1083333333333,Healthy,No Action,Generator bearing failure
10,2022-08-26,110.95411,119.57863,125.283455,0.0026467005,0.00041765074,0,38.4,33.566666,121.0,0,0,288,11.153819444444444,0.7811429539295394,1630.2677083333333,Healthy,No Action,Generator bearing failure
10,2022-08-27,111.30392,119.5218,124.46315,0.00141074,0.00049977936,0,38.2,33.598957,120.0,0,0,288,8.969097222222222,0.5156270325203252,1538.2065972222222,Healthy,No Action,Generator bearing failure
10,2022-08-28,109.54602,119.23367,125.251175,0.0030423126,0.00033616254,0,39.1,33.7566,119.0,0,0,288,5.558680555555556,0.18070647018970187,1075.5197916666666,Healthy,No Action,Generator bearing failure
10,2022-08-29,107.00185,118.82999,130.30421,0.002581884,0.00025017827,0,40.6,33.984028,118.0,0,0,288,3.3819444444444446,0.03933299457994581,602.0215277777778,Healthy,No Action,Generator bearing failure
10,2022-08-30,106.62625,122.362076,135.18571,0.0008087315,0.000106879575,0,40.8,32.021297,117.0,0,0,216,2.761574074074074,0.012623306233062358,420.837962962963,Healthy,No Action,Generator bearing failure
10,2022-08-31,112.22616,122.98304,130.97914,1.514809e-05,3.5539756e-06,0,37.7,31.6777,116.0,0,0,139,2.775539568345324,0.005174942972451332,396.9625899280576,Healthy,No Action,Generator bearing failure
10,2022-09-01,93.14435,114.77447,123.691345,7.89981e-06,1.3541301e-06,0,48.3,36.237915,115.0,0,0,211,7.645971563981043,0.325695988903017,1094.2810426540284,Healthy,No Action,Generator bearing failure
10,2022-09-02,104.21886,114.08705,122.05805,1.6317932e-05,1.9335566e-06,0,42.1,36.619095,114.0,0,0,288,8.969097222222222,0.44451270325203246,1428.9756944444443,Healthy,No Action,Generator bearing failure
10,2022-09-03,102.22502,112.49578,122.198715,0.0010219149,6.406107e-05,0,43.2,37.502777,113.0,0,0,288,8.776388888888889,0.35150118563685634,1272.3305555555555,Healthy,No Action,Generator bearing failure
10,2022-09-04,99.49931,110.34614,122.05935,0.008361395,0.000632745,0,44.7,38.699997,112.0,0,0,288,8.659027777777778,0.32801981707317074,1272.6409722222222,Healthy,No Action,Generator bearing failure
10,2022-09-05,91.554634,108.5438,119.069214,0.001713442,0.00022388592,0,49.1,39.697918,111.0,0,0,288,7.3374999999999995,0.2882835365853658,1308.3388888888887,Healthy,No Action,Generator bearing failure
10,2022-09-06,98.79874,110.504036,116.840515,1.5994829e-05,3.839609e-06,0,45.1,38.610416,110.0,0,0,288,4.734375,0.10525999322493225,783.6243055555556,Healthy,No Action,Generator bearing failure
10,2022-09-07,103.53797,111.19653,118.035545,1.944494e-05,1.5444909e-06,0,42.5,38.22222,109.0,0,0,288,2.8725694444444443,0.007838922764227655,516.2579861111111,Healthy,No Action,Generator bearing failure
10,2022-09-08,95.55111,105.2388,114.30364,7.624997e-06,1.9417985e-06,0,46.9,41.53368,108.0,0,0,288,3.4760416666666667,0.03128099593495935,695.0447916666667,Healthy,No Action,Generator bearing failure
10,2022-09-09,93.73973,105.19103,119.25409,1.5813386e-05,4.083663e-06,0,47.9,41.557705,107.0,0,0,305,3.8780327868852456,0.04630051979208316,813.7,Healthy,No Action,Generator bearing failure
10,2022-09-10,95.131546,106.166405,117.53119,4.1949006e-05,9.629069e-06,0,47.1,41.021748,106.0,0,0,400,3.39875,0.030295365853658548,624.3985,Healthy,No Action,Generator bearing failure
10,2022-09-11,93.46505,104.3445,119.2738,1.6240418e-05,5.349398e-06,0,48.1,42.030323,105.0,0,0,432,4.378009259259259,0.09006357271906051,835.9942129629629,Healthy,No Action,Generator bearing failure
10,2022-09-12,93.401085,103.62759,112.75666,3.1875818e-05,4.627725e-06,0,48.1,42.430325,104.0,0,0,432,6.2347222222222225,0.218743450767841,1264.8324074074073,Healthy,No Action,Generator bearing failure
10,2022-09-13,89.27478,102.75058,112.5773,4.4860135e-05,1.0593668e-05,0,50.4,42.916897,103.0,0,0,432,6.4006944444444445,0.23897493224932248,1357.625462962963,Monitor,Schedule,Generator bearing failure
10,2022-09-14,87.91789,99.11822,108.831474,2.424041e-05,5.5565724e-06,0,51.2,44.933567,102.0,0,0,432,5.814583333333333,0.18483694670280035,1297.8333333333333,Monitor,Schedule,Generator bearing failure
10,2022-09-15,96.437164,104.82978,112.53804,2.0358097e-05,1.2802548e-06,0,46.4,41.761574,101.0,0,0,432,4.730324074074074,0.11593010388437218,962.2085648148147,Healthy,No Action,Generator bearing failure
10,2022-09-16,89.680664,101.275345,109.99485,8.651475e-06,2.3750983e-06,0,50.2,43.736343,100.0,0,0,432,3.4122685185185184,0.047116418247515814,612.5243055555555,Monitor,Schedule,Generator bearing failure
10,2022-09-17,86.80583,100.62798,112.240425,5.8146884e-06,6.402425e-07,0,51.8,44.094906,99.0,0,0,432,6.493055555555555,0.30262059620596204,1152.4631944444443,Monitor,Schedule,Generator bearing failure
10,2022-09-18,88.10785,100.73936,108.80936,3.632593e-05,2.8393492e-06,0,51.1,44.033566,98.0,0,0,432,6.144675925925926,0.21733976964769647,1255.5078703703705,Monitor,Schedule,Generator bearing failure
10,2022-09-19,86.69282,99.4042,111.60492,2.7379108e-05,5.2893192e-06,0,51.8,44.776157,97.0,0,0,432,4.301851851851852,0.06388143631436313,959.2317129629629,Monitor,Schedule,Generator bearing failure
10,2022-09-20,87.69285,97.2449,107.732704,0.00058983755,9.8798344e-05,0,51.3,45.974537,96.0,0,0,432,3.596064814814815,0.03444354110207768,741.4861111111111,Monitor,Schedule,Generator bearing failure
10,2022-09-21,77.24727,94.02505,103.89447,0.00030847595,3.163235e-05,0,57.1,47.765045,95.0,0,0,432,2.9381944444444446,0.022359078590785918,532.6541666666667,Monitor,Schedule,Generator bearing failure
10,2022-09-22,82.45091,93.04721,103.96375,4.6499754e-05,1.4422962e-05,0,54.2,48.305325,94.0,0,0,432,3.8997685185185187,0.04975417795844626,567.3402777777778,Monitor,Schedule,Generator bearing failure
10,2022-09-23,79.52242,91.35076,101.892525,1.130925e-05,2.5721529e-06,0,55.8,49.248383,93.0,0,0,432,3.16875,0.0279425248419151,464.53726851851854,Monitor,Schedule,Generator bearing failure
10,2022-09-24,83.14813,94.218956,104.27186,3.2132489e-06,7.199517e-07,0,53.8,47.65486,92.0,0,0,432,5.235648148148148,0.17715910117434508,1005.7168981481482,Monitor,Schedule,Generator bearing failure
10,2022-09-25,82.498566,92.40654,102.25706,2.4595847e-05,4.3296845e-06,0,54.2,48.661575,91.0,0,0,432,5.853935185185185,0.18552540650406502,1207.5148148148148,Monitor,Schedule,Generator bearing failure
10,2022-09-26,75.542625,89.08116,99.99728,0.0009398024,0.00017687815,0,58.0,50.51227,90.0,0,0,432,5.758796296296297,0.16928985998193313,1206.4166666666667,Monitor,Schedule,Generator bearing failure
10,2022-09-27,63.06839,85.65348,98.233925,0.005540863,0.00131146,0,65.0,52.414352,89.0,0,0,432,7.308333333333333,0.33082791327913275,1359.8840277777779,Monitor,Schedule,Generator bearing failure
10,2022-09-28,76.63357,89.08973,100.46712,0.011994307,0.00093072694,0,57.4,50.505558,88.0,0,0,432,10.65763888888889,0.6205888663053296,1490.1946759259258,Monitor,Schedule,Generator bearing failure
10,2022-09-29,72.36827,87.22933,95.78166,0.02024479,0.0010464798,0,59.8,51.537964,87.0,0,0,432,13.606712962962964,0.7881027551942187,1480.270601851852,Monitor,Schedule,Generator bearing failure
10,2022-09-30,81.17253,89.66898,98.010635,0.0015294397,0.00020927374,0,54.9,50.1831,86.0,0,0,432,11.48263888888889,0.7099845302619693,1547.8833333333332,Monitor,Schedule,Generator bearing failure
10,2022-10-01,71.851814,82.724464,89.83635,0.017788729,0.0014927716,0,60.1,54.04028,85.0,0,0,432,6.380092592592592,0.28442953929539294,1188.254861111111,Monitor,Schedule,Generator bearing failure
10,2022-10-02,74.73563,84.84193,96.560844,0.021159934,0.002023437,0,58.5,52.86667,84.0,0,0,432,3.444675925925926,0.0424465898825655,641.7053240740742,Monitor,Schedule,Generator bearing failure
10,2022-10-03,66.50198,80.48302,93.245155,0.0012558462,0.00020222069,0,63.1,55.286808,83.0,0,0,432,4.421064814814815,0.10927732610659441,808.5791666666667,Monitor,Schedule,Generator bearing failure
10,2022-10-04,66.68751,80.08766,91.12014,0.00027379056,3.13959e-05,0,63.0,55.50926,82.0,0,0,432,6.912037037037037,0.2902418699186992,1326.1835648148149,Monitor,Schedule,Generator bearing failure
10,2022-10-05,70.086464,79.86958,90.42869,0.00036132525,4.1985026e-05,0,61.1,55.626854,81.0,0,0,432,8.612499999999999,0.4624565266485998,1551.624537037037,Monitor,Schedule,Generator bearing failure
10,2022-10-06,67.61075,77.85413,86.37804,0.00015071737,3.8575326e-05,0,62.4,56.74742,80.0,0,0,388,6.931443298969072,0.3294158913754086,1193.707731958763,Monitor,Schedule,Generator bearing failure
10,2022-10-07,70.24079,78.07553,89.08424,0.00036904847,3.1725092e-05,0,61.0,56.625122,79.0,0,0,410,3.2634146341463413,0.06608602022605595,490.8609756097561,Monitor,Schedule,Generator bearing failure
10,2022-10-08,69.29241,79.402214,92.30672,0.00018292372,2.5383426e-05,0,61.5,55.88912,78.0,0,0,432,2.350462962962963,0.005446025293586297,341.69652777777776,Monitor,Schedule,Generator bearing failure
10,2022-10-09,66.67914,77.3897,88.65919,5.1280094e-05,1.3575269e-05,0,63.0,57.00725,77.0,0,0,524,3.241030534351145,0.027029137963135365,616.9288167938931,Monitor,Schedule,Generator bearing failure
10,2022-10-10,60.581497,77.09695,85.13785,1.0185867e-05,3.815905e-06,0,66.3,57.168064,76.0,0,0,573,3.2399650959860384,0.009539181883965468,342.83979057591625,Monitor,Schedule,Generator bearing failure
10,2022-10-11,63.536804,76.316086,94.13459,3.21256e-05,1.0801244e-05,0,64.7,57.601048,75.0,0,0,575,4.007478260869566,0.03953102863202547,513.2325217391304,Monitor,Schedule,Generator bearing failure
10,2022-10-12,63.894222,74.34311,84.11986,1.7439279e-05,2.5715462e-06,0,64.5,58.699306,74.0,0,0,576,7.893402777777778,0.41618038617886177,1299.6461805555555,Monitor,Schedule,Generator bearing failure
10,2022-10-13,61.658615,74.36584,90.25007,1.7784418e-05,2.8195993e-06,0,65.7,58.687153,73.0,0,0,576,5.618402777777778,0.22252176490514908,1030.5298611111111,Monitor,Schedule,Generator bearing failure
10,2022-10-14,62.354355,76.41128,87.24162,1.4616796e-05,3.5181524e-06,0,65.4,57.551025,72.0,0,0,537,4.398137802607077,0.07628278148703273,963.6811918063314,Monitor,Schedule,Generator bearing failure
10,2022-10-15,60.137123,75.52207,94.46486,1.2587693e-06,2.6187155e-07,0,66.6,58.04263,71.0,0,0,563,3.144760213143872,0.030406099727071884,510.52113676731796,Monitor,Schedule,Generator bearing failure
10,2022-10-16,59.752068,70.839676,79.95092,9.343915e-07,2.753796e-07,0,66.8,60.647224,70.0,0,0,576,4.023090277777778,0.058632537262872625,812.1732638888889,Monitor,Schedule,Generator bearing failure
10,2022-10-17,62.0862,69.33439,76.85897,0.00092111627,0.000107178326,0,65.5,61.480034,69.0,0,0,576,3.2387152777777777,0.018357046070460743,421.38923611111113,Monitor,Schedule,Generator bearing failure
10,2022-10-18,60.17126,68.9192,85.364975,0.00016230745,3.7142505e-05,0,66.6,61.71215,68.0,0,0,576,3.6980902777777778,0.046538448509485124,544.8809027777778,Monitor,Schedule,Generator bearing failure
10,2022-10-19,56.949097,67.77043,80.22576,4.6993777e-05,2.0238465e-05,0,68.4,62.350872,67.0,0,0,576,5.758159722222222,0.16254513888888888,1170.5015625,Monitor,Schedule,Generator bearing failure
10,2022-10-20,55.752213,67.57085,77.335335,0.003474207,0.00033483258,0,69.0,62.459892,66.0,0,0,576,4.996180555555556,0.10661720867208671,924.8130208333334,Monitor,Schedule,Generator bearing failure
10,2022-10-21,59.00614,68.05513,81.89103,0.0013382055,5.101371e-05,0,67.2,62.192017,65.0,0,0,576,3.310763888888889,0.04279903455284553,609.5395833333333,Monitor,Schedule,Generator bearing failure
10,2022-10-22,60.26505,67.20645,81.86758,0.0016551447,0.00013502008,0,66.5,62.662502,64.0,0,0,576,5.997222222222223,0.2526733570460704,1199.9310763888889,Monitor,Schedule,Generator bearing failure
10,2022-10-23,55.83598,66.3553,76.69986,0.0002090997,2.8501781e-05,0,69.0,63.137497,63.0,0,0,576,6.825173611111111,0.36330809620596205,1150.3046875,Monitor,Schedule,Generator bearing failure
10,2022-10-24,51.451015,64.77375,75.20136,0.00014972872,1.9898645e-05,0,71.4,64.01233,62.0,0,0,576,4.793402777777778,0.1515768970189702,900.9647569444445,Monitor,Schedule,Generator bearing failure
10,2022-10-25,55.240055,64.48178,71.3996,0.0026496009,0.0002015666,0,69.3,64.17795,61.0,0,0,576,4.370138888888889,0.0871982554200542,844.78125,Monitor,Schedule,Generator bearing failure
10,2022-10-26,49.712242,60.363815,72.82765,0.0021553198,0.00021158917,0,72.4,66.46354,60.0,0,0,576,6.603472222222222,0.26054573170731704,1310.4093750000002,Monitor,Schedule,Generator bearing failure
10,2022-10-27,48.21411,57.927795,69.87546,7.143345e-05,2.5691788e-05,0,73.2,67.82031,59.0,0,0,576,9.867534722222222,0.5993854166666667,1553.618923611111,Monitor,Schedule,Generator bearing failure
10,2022-10-28,45.312668,58.786594,69.64739,0.0002726491,7.8644465e-05,0,74.8,67.338715,58.0,0,0,576,11.794618055555555,0.7712251863143631,1585.8253472222223,Monitor,Schedule,Generator bearing failure
10,2022-10-29,48.68515,58.98434,73.05903,0.00015268868,4.4942626e-05,0,73.0,67.23125,57.0,0,0,576,12.080729166666666,0.8320373475609757,1629.453298611111,Monitor,Schedule,Generator bearing failure
10,2022-10-30,50.190735,58.24781,69.46284,0.00029674114,6.521096e-05,0,72.1,67.638885,56.0,0,0,576,9.524479166666667,0.5716486280487805,1595.593576388889,Monitor,Schedule,Generator bearing failure
10,2022-10-31,49.911396,60.92058,75.787254,5.9330683e-05,1.3940751e-05,0,72.3,66.15462,55.0,0,0,628,9.437420382165605,0.5946016778002174,1595.103025477707,Monitor,Schedule,Generator bearing failure
10,2022-11-01,47.344044,54.09417,68.28124,6.089388e-05,2.3495866e-05,0,73.7,69.94708,54.0,0,0,720,9.520416666666666,0.6263118563685637,1592.720277777778,Monitor,Schedule,Generator bearing failure
10,2022-11-02,45.028553,54.12632,63.493015,3.9314156e-05,3.6562867e-06,0,75.0,69.92861,53.0,0,0,720,4.759722222222222,0.1461210027100271,961.9844444444445,Monitor,Schedule,Generator bearing failure
10,2022-11-03,41.04423,53.328125,67.45312,2.599439e-05,5.9722483e-06,0,77.2,70.37444,52.0,0,0,720,4.1113888888888885,0.05365650406504064,922.0244444444444,Monitor,Schedule,Generator bearing failure
10,2022-11-04,40.25161,50.660904,63.245655,5.9005346e-05,1.6090775e-05,0,77.6,71.857086,51.0,0,0,720,4.140138888888889,0.06890182926829266,910.1293055555556,Monitor,Schedule,Generator bearing failure
10,2022-11-05,44.599335,50.745255,59.717834,1.851292e-05,6.358951e-06,0,75.2,71.80806,50.0,0,0,720,6.234444444444445,0.25464288617886177,1308.2586111111111,Monitor,Schedule,Generator bearing failure
10,2022-11-06,43.81151,50.609764,63.959126,8.940029e-06,2.601901e-06,0,75.7,71.88292,49.0,0,0,720,4.887916666666667,0.11129457994579944,1113.618888888889,Monitor,Schedule,Generator bearing failure
10,2022-11-07,42.698666,48.436024,55.545483,0.00084264716,0.00013331677,0,76.3,73.09139,48.0,0,0,720,4.900972222222222,0.11169939024390242,1117.3940277777776,Monitor,Schedule,Generator bearing failure
10,2022-11-08,36.889587,42.95653,49.34828,0.0018808077,0.0008393142,0,79.5,76.135414,47.0,0,0,720,3.866527777777778,0.05426388888888889,783.7491666666667,Monitor,Schedule,Generator bearing failure
10,2022-11-09,36.26039,43.92572,52.224045,0.0027502417,0.0007437699,0,79.9,75.597496,46.0,0,0,720,3.918333333333333,0.07650372628726286,794.0308333333332,Monitor,Schedule,Generator bearing failure
10,2022-11-10,38.80474,46.430447,56.874508,0.0020878967,0.0003574468,0,78.4,74.20611,45.0,0,0,720,4.71125,0.09784972899728994,1071.6200000000001,Monitor,Schedule,Generator bearing failure
10,2022-11-11,37.118088,46.490326,56.386814,0.00028158404,7.5432945e-05,0,79.4,74.17333,44.0,0,0,720,3.8270833333333334,0.043633265582655824,817.0725,Monitor,Schedule,Generator bearing failure
10,2022-11-12,37.082825,45.37755,51.032257,7.936779e-05,3.7348207e-05,0,79.4,74.79042,43.0,0,0,720,3.592361111111111,0.027807113821138218,710.9469444444444,Monitor,Schedule,Generator bearing failure
10,2022-11-13,31.807737,43.849876,54.07369,0.00020117137,6.963195e-05,0,82.3,75.640274,42.0,0,0,720,4.723888888888888,0.11543482384823847,955.0015277777777,Monitor,Schedule,Generator bearing failure
10,2022-11-14,30.694294,49.355637,72.28203,0.00015847369,3.4671873e-05,0,82.9,72.58111,41.0,0,0,720,6.453194444444445,0.23880650406504064,1351.2920833333335,Monitor,Schedule,Generator bearing failure
10,2022-11-15,34.10579,43.12185,59.92498,0.00014373905,6.162814e-05,0,81.1,76.04347,40.0,0,0,720,9.734166666666667,0.6430860433604336,1594.7822222222221,Monitor,Schedule,Generator bearing failure
10,2022-11-16,29.640997,41.304234,52.47552,0.00061501743,7.897597e-05,0,83.5,77.05361,39.0,0,0,720,8.41,0.454170054200542,1545.0425,Warning,Plan Soon,Generator bearing failure
10,2022-11-17,27.478373,39.825928,48.69622,0.0005768061,0.00015409666,0,84.7,77.873055,38.0,0,0,720,5.395416666666667,0.17514146341463413,1071.5565277777778,Warning,Plan Soon,Generator bearing failure
10,2022-11-18,25.786366,38.150322,49.024246,0.00013377033,3.674716e-05,0,85.7,78.80361,37.0,0,0,720,3.4806944444444445,0.03609512195121952,700.76125,Warning,Plan Soon,Generator bearing failure
10,2022-11-19,26.037607,36.383137,48.771957,5.7598405e-05,1.4773255e-05,0,85.5,79.786255,36.0,0,0,720,3.161111111111111,0.026181707317073182,524.0622222222222,Warning,Plan Soon,Generator bearing failure
10,2022-11-20,8.798092,39.850624,61.38677,1.1809147e-05,4.022033e-06,0,95.1,77.86042,35.0,0,0,720,5.864583333333333,0.3156012872628727,938.6556944444444,Warning,Urgent,Generator bearing failure
10,2022-11-21,19.498985,36.391785,49.54744,4.564851e-06,1.1374486e-06,0,89.2,79.78209,34.0,0,0,720,7.509166666666667,0.4610253387533875,1238.4270833333333,Warning,Plan Soon,Generator bearing failure
10,2022-11-22,24.478836,32.9426,39.143124,9.477697e-06,1.4729271e-06,0,86.4,81.69625,33.0,0,0,720,3.221388888888889,0.09432506775067755,373.2270833333333,Warning,Plan Soon,Generator bearing failure
10,2022-11-23,21.027376,32.77553,44.075127,0.00170332,0.00019470803,0,88.3,81.79118,32.0,0,0,692,2.8745664739884393,0.015523544339489662,347.0761560693641,Warning,Plan Soon,Generator bearing failure
10,2022-11-24,16.615192,32.47993,47.175114,4.7009737e-05,4.1201374e-06,0,90.8,81.95764,31.0,0,0,713,2.5336605890603088,0.00610590770704343,364.76732117812065,Warning,Plan Soon,Generator bearing failure
10,2022-11-25,16.230106,35.804928,59.757915,9.64185e-06,3.9517313e-06,0,91.0,80.107635,30.0,0,0,720,5.0945833333333335,0.19385433604336041,1067.9609722222222,Warning,Plan Soon,Generator bearing failure
10,2022-11-26,12.944624,33.24866,59.959904,5.16077e-05,1.2254572e-05,0,92.8,81.529305,29.0,0,0,720,4.906805555555556,0.16030460704607044,1079.3315277777776,Warning,Urgent,Generator bearing failure
10,2022-11-27,16.88914,29.474363,44.365074,0.00010544817,3.592458e-05,0,90.6,83.62416,28.0,0,0,720,4.831666666666667,0.15589356368563684,920.7075,Warning,Plan Soon,Generator bearing failure
10,2022-11-28,13.654048,28.60554,55.534214,0.00051919004,0.00011267779,0,92.4,84.10931,27.0,0,0,720,2.986666666666667,0.04213373983739839,471.0141666666667,Warning,Urgent,Generator bearing failure
10,2022-11-29,18.05497,27.67392,38.698177,0.0006104055,0.00017262524,0,90.0,84.625,26.0,0,0,720,4.886666666666667,0.1922389566395664,865.0672222222222,Warning,Plan Soon,Generator bearing failure
10,2022-11-30,16.48791,25.58142,33.541206,0.00020219345,3.39573e-05,0,90.8,85.78903,25.0,0,0,720,10.166944444444445,0.7321575880758808,1501.3111111111111,Warning,Plan Soon,Generator bearing failure
10,2022-12-01,13.626282,24.190023,37.894993,0.00011993514,2.2401055e-05,0,92.4,86.56208,24.0,0,0,720,7.257222222222222,0.36024878048780484,1378.7220833333333,Warning,Urgent,Generator bearing failure
10,2022-12-02,15.552121,24.48775,39.276073,0.0009420997,0.00028770513,0,91.4,86.39542,23.0,0,0,720,5.960138888888889,0.20128997289972897,1284.537361111111,Warning,Plan Soon,Generator bearing failure
10,2022-12-03,9.1964,20.803755,36.922146,0.0037750388,0.0010903238,0,94.9,88.441246,22.0,0,0,720,8.209305555555556,0.4844029132791328,1509.1416666666667,Warning,Urgent,Generator bearing failure
10,2022-12-04,3.2979121,25.224834,44.30298,0.00092110364,0.0003017335,0,98.2,85.984726,21.0,0,0,720,7.397222222222222,0.38454471544715446,1447.5831944444444,Critical,Urgent,Generator bearing failure
10,2022-12-05,9.162597,18.42591,48.60992,0.0010292674,0.0002105964,0,94.9,89.76278,20.0,0,0,720,7.562083333333333,0.4166020325203252,1454.2258333333334,Warning,Urgent,Generator bearing failure
10,2022-12-06,10.900955,19.020306,29.888584,0.0012583092,0.0003573926,0,93.9,89.43347,19.0,0,0,720,5.577500000000001,0.18533861788617886,1139.0077777777778,Warning,Urgent,Generator bearing failure
10,2022-12-07,8.142441,19.239628,27.77928,0.00064421986,0.00022121969,0,95.5,89.31097,18.0,0,0,720,7.93375,0.4460577913279133,1487.2058333333332,Warning,Urgent,Generator bearing failure
10,2022-12-08,11.233014,19.36476,30.446404,0.0007381925,0.00016150283,0,93.8,89.24083,17.0,0,0,720,10.672083333333333,0.7968233739837398,1636.4344444444446,Warning,Urgent,Generator bearing failure
10,2022-12-09,0.0,17.822088,41.654713,8.457239e-05,2.3666054e-05,0,100.0,90.10042,16.0,0,0,720,9.80861111111111,0.7001928184281843,1609.7455555555557,Critical,Urgent,Generator bearing failure
10,2022-12-10,4.4251394,16.688765,27.949055,0.00054801494,0.0001772033,0,97.5,90.7307,15.0,0,0,720,8.12,0.4423707994579945,1548.8152777777777,Critical,Urgent,Generator bearing failure
10,2022-12-11,8.643932,14.39193,24.275663,0.0019632024,0.0005842157,0,95.2,92.0057,14.0,0,0,720,5.935555555555556,0.1910331978319783,1316.6077777777778,Warning,Urgent,Generator bearing failure
10,2022-12-12,5.9657793,15.685281,25.045015,0.0017231765,0.00026948648,0,96.7,91.286804,13.0,0,0,720,3.0075000000000003,0.028162127371273736,468.73555555555555,Critical,Urgent,Generator bearing failure
10,2022-12-13,5.1730604,13.868435,22.577604,0.0009298632,0.00025487028,0,97.1,92.29625,12.0,0,0,720,3.1587500000000004,0.02091490514905151,493.1136111111111,Critical,Urgent,Generator bearing failure
10,2022-12-14,2.030717,10.746644,18.722391,0.0007792146,0.00026416252,0,98.9,94.03181,11.0,0,0,720,4.385694444444444,0.09838245257452574,922.616388888889,Critical,Urgent,Generator bearing failure
10,2022-12-15,0.08951451,7.7860494,17.247677,0.0020036192,0.000612002,0,100.0,95.67403,10.0,0,0,720,3.547222222222222,0.043129674796747966,700.6309722222222,Critical,Urgent,Generator bearing failure
10,2022-12-16,4.2884693,10.403216,17.807034,0.0021891783,0.00090350304,0,97.6,94.220695,9.0,0,0,720,4.769583333333333,0.16089979674796748,921.0811111111111,Critical,Urgent,Generator bearing failure
10,2022-12-17,1.5549093,9.769056,20.867859,0.0038065712,0.0013298368,0,99.1,94.57139,8.0,0,0,720,5.314305555555555,0.17583807588075878,1075.6506944444445,Critical,Urgent,Generator bearing failure
10,2022-12-18,0.0,9.729951,22.604414,0.99946004,0.043495197,29,100.0,94.59291,7.0,25,0,720,6.259722222222222,0.27061659891598916,1247.1422222222222,Critical,Immediate,Generator bearing failure
10,2022-12-19,1.1253844,8.765112,16.6469,0.99998116,0.9998825,720,99.4,95.12945,6.0,720,0,720,4.147638888888889,0.09086666666666665,894.4768055555556,Critical,Immediate,Generator bearing failure
10,2022-12-20,0.0,7.2990446,16.655624,0.9999802,0.9999396,720,100.0,95.94347,5.0,720,0,720,3.1081944444444445,0.029762601626016277,568.9054166666667,Critical,Immediate,Generator bearing failure
10,2022-12-21,0.0,4.1369963,13.56577,0.99998415,0.9999424,720,100.0,97.70306,4.0,720,0,720,3.433333333333333,0.06463902439024391,607.2438888888888,Critical,Immediate,Generator bearing failure
10,2022-12-22,0.0,3.1772463,11.943526,0.99998426,0.9999454,720,100.0,98.23556,3.0,720,0,720,4.971388888888889,0.11528726287262869,1115.7798611111111,Critical,Immediate,Generator bearing failure
10,2022-12-23,0.0,3.6004791,9.53402,0.99996066,0.9999122,720,100.0,98.00056,2.0,720,0,720,6.681805555555555,0.26104586720867207,1372.5540277777777,Critical,Immediate,Generator bearing failure
10,2022-12-24,0.0,5.86234,24.238642,0.9999794,0.99991995,720,100.0,96.74416,1.0,720,0,720,8.866249999999999,0.5628796747967479,1549.7923611111112,Critical,Immediate,Generator bearing failure
10,2022-12-25,0.0,8.539583,133.38791,0.9999856,0.9695238,696,100.0,95.25653,0.041666666666666664,695,0,720,9.172222222222222,0.6202633468834688,1594.822638888889,Critical,Immediate,Generator bearing failure
10,2022-12-26,47.700855,83.86425,120.554794,0.9805141,0.25134283,175,73.5,53.40764,180.0,0,720,720,6.432222222222222,0.24723313008130077,1375.4593055555556,Monitor,Immediate,Healthy
10,2022-12-27,53.811317,86.162025,110.831215,0.00036693952,5.1900035e-05,0,70.1,52.133476,180.0,0,720,720,7.891388888888889,0.4354220189701897,1496.300972222222,Monitor,Schedule,Healthy
10,2022-12-28,51.614136,71.63427,93.336815,0.00252603,0.0005582536,0,71.3,60.20292,180.0,0,720,720,9.635,0.6663670731707317,1589.0625,Monitor,Schedule,Healthy
10,2022-12-29,36.90834,59.37999,79.639496,0.0011433499,0.00022487277,0,79.5,67.01065,180.0,0,704,704,9.205965909090908,0.5004432511086474,1347.257528409091,Monitor,Schedule,Healthy
10,2022-12-30,37.178783,46.114094,71.66777,0.3273269,0.05958782,0,79.3,74.38184,180.0,0,716,716,8.230865921787709,0.435249557160376,1499.6653631284914,Monitor,Schedule,Healthy
10,2022-12-31,35.725784,44.79675,62.416058,0.119625196,0.03158708,0,80.2,75.11236,180.0,0,720,720,8.605694444444445,0.5264308265582656,1575.3093055555555,Monitor,Schedule,Healthy
10,2023-01-01,112.720024,120.9009,133.20389,0.00018961163,1.9270092e-05,0,37.4,32.832085,180.0,0,720,720,6.962777777777777,0.2943931571815718,1447.097638888889,Healthy,No Action,Healthy
10,2023-01-02,112.61468,125.814995,136.70183,2.683735e-05,9.022416e-06,0,37.4,30.101807,180.0,0,720,720,8.317222222222222,0.4984002032520325,1548.1776388888889,Healthy,No Action,Healthy
10,2023-01-03,109.23913,124.23144,133.74873,9.349652e-06,3.9865445e-06,0,39.3,30.982222,180.0,0,720,720,4.54125,0.18815799457994584,861.6481944444444,Healthy,No Action,Healthy
10,2023-01-04,123.17792,133.62404,145.55074,3.662773e-05,1.4141481e-05,0,31.6,25.764027,180.0,0,720,720,2.5436111111111113,0.0220617886178862,465.96625,Healthy,No Action,Healthy
10,2023-01-05,109.97715,124.344246,145.70853,0.00015096577,3.984472e-05,0,38.9,30.920277,180.0,0,720,720,3.438333333333333,0.035695663956639576,692.9940277777778,Healthy,No Action,Healthy
10,2023-01-06,94.082275,108.64139,132.34402,0.00015298073,4.9900016e-05,0,47.7,39.645557,180.0,0,720,720,6.936944444444445,0.32897350948509485,1200.1306944444443,Healthy,No Action,Healthy
10,2023-01-07,91.00412,117.06872,132.6397,6.122146e-05,9.537457e-06,0,49.4,34.959446,180.0,0,720,720,7.889305555555556,0.16178333333333333,615.6929166666667,Healthy,No Action,Healthy
10,2023-01-08,89.64748,100.09855,110.88356,5.9391426e-05,1.5040562e-05,0,50.2,44.390556,180.0,0,720,720,6.6475,0.2197068428184282,1113.2665277777778,Monitor,Schedule,Healthy
10,2023-01-09,103.10906,112.70523,125.41899,0.00018812719,5.6148787e-05,0,42.7,37.384583,180.0,0,720,720,3.0377777777777775,0.04765528455284556,403.1238888888889,Healthy,No Action,Healthy
10,2023-01-10,88.39553,99.48955,113.849014,0.000607501,0.00017520084,0,50.9,44.729443,180.0,0,720,720,3.135277777777778,0.055826761517615196,516.7219444444444,Monitor,Schedule,Healthy
10,2023-01-11,89.36097,127.562454,177.39023,0.00078176195,0.00021123253,0,50.4,29.130693,180.0,0,720,720,4.0424999999999995,0.08301443089430896,684.0006944444444,Monitor,Schedule,Healthy
10,2023-01-12,141.58026,161.56711,172.22565,0.000308004,3.7330206e-05,0,21.3,10.239445,180.0,0,720,720,5.2851388888888895,0.1627430894308943,1044.0140277777778,Healthy,No Action,Healthy
10,2023-01-13,153.9981,164.07547,175.15263,0.002145009,0.0004143938,0,14.4,8.8475,180.0,0,720,720,4.513472222222222,0.10291686991869917,980.9683333333332,Healthy,No Action,Healthy
10,2023-01-14,145.61554,158.76486,170.83784,0.0089688925,0.0015191694,0,19.1,11.796111,180.0,0,720,720,4.8012500000000005,0.14623224932249324,929.66875,Healthy,No Action,Healthy
10,2023-01-15,144.44473,159.7593,175.99721,0.00036247965,5.942821e-05,0,19.8,11.243889,180.0,0,720,720,4.366527777777778,0.04192540650406506,454.5040277777778,Healthy,No Action,Healthy
10,2023-01-16,149.59532,162.82484,175.84398,0.00016493848,3.8216636e-05,0,16.9,9.542916,180.0,0,720,720,3.4613888888888886,0.0013915311653116982,166.8425,Healthy,No Action,Healthy
10,2023-01-17,147.00507,156.70499,166.39209,1.1697509e-05,7.249648e-06,0,18.3,12.940416,180.0,0,720,720,3.794722222222222,-0.0010664634146340876,184.3440277777778,Healthy,No Action,Healthy
10,2023-01-18,138.95634,149.41086,164.54524,2.5715282e-05,1.0404432e-05,0,22.8,16.994862,180.0,0,720,720,4.394027777777778,-0.0010256097560975043,199.26541666666668,Healthy,No Action,Healthy
10,2023-01-19,111.053024,130.87498,147.07466,9.551365e-06,4.734184e-06,0,38.3,27.291529,180.0,0,720,720,3.8761111111111113,-0.001011449864498604,200.52319444444447,Healthy,No Action,Healthy
10,2023-01-20,104.837746,117.78418,140.33798,1.1709473e-05,4.747741e-06,0,41.8,34.56597,180.0,0,720,720,3.6668055555555554,0.001840447154471582,224.8488888888889,Healthy,No Action,Healthy
10,2023-01-21,115.157234,140.79907,154.88237,8.187518e-06,2.4052717e-06,0,36.0,21.776945,180.0,0,720,720,3.1408333333333336,2.2154471544752042e-05,169.74736111111113,Healthy,No Action,Healthy
10,2023-01-22,142.4777,152.58469,158.93959,7.646369e-06,2.7998321e-06,0,20.8,15.228531,180.0,0,708,708,3.27316384180791,-0.0009085021358687765,82.1117231638418,Healthy,No Action,Healthy
10,2023-01-23,151.87418,160.87166,167.92363,1.4198931e-05,6.273654e-06,0,15.6,10.627229,180.0,0,617,617,2.280226904376013,-0.001267027710795694,96.70534846029173,Healthy,No Action,Healthy
10,2023-01-24,152.74059,163.01212,168.78358,1.4626418e-05,4.770099e-06,0,15.1,9.436896,180.0,0,683,683,2.50307467057101,-0.0013372138699424448,90.37071742313323,Healthy,No Action,Healthy
10,2023-01-25,153.05112,168.7135,179.96655,0.00056648685,8.406446e-05,0,15.0,6.269004,180.0,0,713,713,2.3367461430575034,-0.0014611569117093175,105.65666199158485,Healthy,No Action,Healthy
10,2023-01-26,159.16455,173.66165,180.0,0.00031468118,0.00013792505,0,11.6,3.5200276,180.0,0,395,719,4.864951321279555,-0.0016634892635434893,120.42628650904034,Healthy,No Action,Healthy
10,2023-01-27,173.32542,179.07349,180.0,0.00026183634,0.00013042633,0,3.7,0.51347226,180.0,0,0,720,7.805277777777778,-0.001423848238482327,86.56208333333333,Healthy,No Action,Healthy
10,2023-01-28,177.56186,179.86256,180.0,0.00013324189,7.382634e-05,0,1.4,0.075450085,180.0,0,0,611,3.538134206219313,-0.0016643646960200662,61.19181669394435,Healthy,No Action,Healthy
10,2023-01-29,176.09172,178.78317,180.0,0.000249281,0.00012881421,0,2.2,0.6769097,180.0,0,0,576,2.6166666666666667,-0.0019773035230351834,75.81805555555555,Healthy,No Action,Healthy
10,2023-01-30,176.39816,179.4962,180.0,0.0004222679,0.00011773702,0,2.0,0.2767361,180.0,0,0,576,2.957638888888889,-0.001940040650406461,109.42916666666666,Healthy,No Action,Healthy
10,2023-01-31,175.30399,178.84021,180.0,0.002117477,0.0006393895,0,2.6,0.6464789,180.0,0,0,568,5.6387323943661976,-0.0015465475781517818,53.58028169014084,Healthy,No Action,Healthy
10,2023-02-01,177.74814,179.86475,180.0,0.00043782537,0.00017562567,0,1.3,0.07534722,180.0,0,0,576,3.388888888888889,-0.0017696476964769105,57.375,Healthy,No Action,Healthy
10,2023-02-02,169.05933,179.01176,180.0,0.0001058127,3.3169534e-05,0,6.1,0.5498264,180.0,0,0,576,6.965972222222223,0.1997110433604336,706.7125000000001,Healthy,No Action,Healthy
10,2023-02-03,177.4002,179.50465,180.0,4.502668e-06,1.8188156e-06,0,1.4,0.2765625,180.0,0,0,576,5.8805555555555555,0.21657960704607043,1342.6055555555556,Healthy,No Action,Healthy
10,2023-02-04,170.8996,178.43207,180.0,1.5411482e-05,5.698513e-06,0,5.1,0.8704861,180.0,0,0,576,8.40763888888889,0.5445027100271003,1533.7854166666666,Healthy,No Action,Healthy
10,2023-02-05,169.28665,178.1309,180.0,7.864804e-06,3.6535077e-06,0,6.0,1.0390625,180.0,0,0,576,8.515972222222222,0.536015243902439,1526.1868055555556,Healthy,No Action,Healthy
10,2023-02-06,172.80843,178.27191,180.0,4.8792717e-06,1.7684501e-06,0,4.0,0.9579861,180.0,0,0,576,2.8881944444444443,0.0071067073170731805,549.1784722222222,Healthy,No Action,Healthy
10,2023-02-07,177.2135,179.56807,180.0,7.514534e-06,2.1603016e-06,0,1.5,0.24027777,180.0,0,0,576,3.2805555555555554,0.021110094850948512,650.1659722222222,Healthy,No Action,Healthy
10,2023-02-08,171.98047,178.34142,180.0,5.4753045e-06,2.4975893e-06,0,4.5,0.92222226,180.0,0,0,576,4.604166666666667,0.11345088075880756,1026.2659722222222,Healthy,No Action,Healthy
10,2023-02-09,178.861,179.96944,180.0,5.8724554e-06,2.6328298e-06,0,0.6,0.016145833,180.0,0,0,576,5.178472222222222,0.1885060975609756,1077.4479166666667,Healthy,No Action,Healthy
10,2023-02-10,177.2371,179.81606,180.0,4.0729246e-06,1.6297795e-06,0,1.5,0.1015625,180.0,0,0,576,3.8937500000000003,0.06508536585365854,832.5777777777778,Healthy,No Action,Healthy
10,2023-02-11,175.05125,178.91214,180.0,7.225694e-06,2.2448755e-06,0,2.7,0.6024306,180.0,0,0,576,7.813888888888889,0.42574254742547424,1522.18125,Healthy,No Action,Healthy
10,2023-02-12,171.99542,178.20876,180.0,2.8798195e-06,1.0081918e-06,0,4.4,0.9947917,180.0,0,0,576,8.348611111111111,0.5145643631436314,1515.5222222222224,Healthy,No Action,Healthy
10,2023-02-13,170.27533,178.02594,180.0,2.9267489e-05,7.291186e-06,0,5.4,1.0973958,180.0,0,0,576,6.622222222222223,0.2984563008130081,1299.3527777777776,Healthy,No Action,Healthy
10,2023-02-14,174.57896,179.48212,180.0,2.792192e-05,8.2778215e-06,0,3.0,0.28871527,180.0,0,0,576,4.190277777777777,0.08293089430894308,899.3756944444444,Healthy,No Action,Healthy
10,2023-02-15,174.42383,178.66467,180.0,3.3455955e-05,5.6501017e-06,0,3.1,0.7416667,180.0,0,0,576,10.570138888888888,0.6959952574525745,1619.5194444444444,Healthy,No Action,Healthy
10,2023-02-16,171.90663,179.24211,180.0,2.1257074e-05,5.3057174e-06,0,4.5,0.42031252,180.0,0,0,576,10.674305555555556,0.793183943089431,1635.4930555555557,Healthy,No Action,Healthy
10,2023-02-17,172.49881,178.58803,180.0,6.712821e-05,2.3355999e-05,0,4.2,0.78593755,180.0,0,0,576,8.933333333333334,0.5856585365853658,1612.0416666666667,Healthy,No Action,Healthy
10,2023-02-18,169.12167,177.73314,180.0,5.783585e-05,1.8920167e-05,0,6.0,1.2592014,180.0,0,0,576,4.486111111111111,0.09762432249322492,1011.0395833333334,Healthy,No Action,Healthy
10,2023-02-19,160.27144,178.94499,180.0,9.3134295e-05,1.8298553e-05,0,11.0,0.5868056,180.0,0,0,576,7.253472222222222,0.4688865176151762,1191.2687500000002,Healthy,No Action,Healthy
10,2023-02-20,172.55356,178.22856,180.0,5.770148e-05,1.7456183e-05,0,4.1,0.98420143,180.0,0,0,576,10.784722222222221,0.6774193766937668,1536.0208333333333,Healthy,No Action,Healthy
10,2023-02-21,171.68817,179.3714,180.0,5.0013015e-05,7.715999e-06,0,4.6,0.35000002,180.0,0,0,576,11.254166666666666,0.7089302168021681,1518.2652777777778,Healthy,No Action,Healthy
10,2023-02-22,167.43794,178.71234,180.0,8.584886e-06,1.7867228e-06,0,7.0,0.7157986,180.0,0,0,576,8.111805555555556,0.47426761517615174,1343.6131944444444,Healthy,No Action,Healthy
10,2023-02-23,176.9446,179.74066,180.0,3.2488097e-05,7.691376e-06,0,1.7,0.14461806,180.0,0,0,576,2.7465277777777777,0.017311653116531177,464.18472222222226,Healthy,No Action,Healthy
10,2023-02-24,166.89566,177.67172,180.0,2.1667456e-05,3.918658e-06,0,7.3,1.2930555,180.0,0,0,576,2.9770833333333333,0.015936991869918718,552.5590277777778,Healthy,No Action,Healthy
10,2023-02-25,175.91373,179.62859,180.0,2.4837993e-05,1.0762318e-05,0,2.3,0.20677084,180.0,0,0,576,3.4875,0.0312920054200542,810.5875000000001,Healthy,No Action,Healthy
10,2023-02-26,167.9298,177.23547,180.0,8.654941e-06,5.2099513e-06,0,6.7,1.5361111,180.0,0,0,576,1.9444444444444444,-0.0009593495934959027,227.1673611111111,Healthy,No Action,Healthy
10,2023-02-27,168.08438,179.31822,180.0,2.0802938e-05,8.036833e-06,0,6.6,0.3784722,180.0,0,0,576,3.470833333333333,0.05202371273712737,708.2479166666667,Healthy,No Action,Healthy
10,2023-02-28,171.95718,177.44353,180.0,7.155836e-06,2.6811426e-06,0,4.5,1.4194444,180.0,0,0,576,4.375,0.08304674796747966,1027.1159722222224,Healthy,No Action,Healthy
10,2023-03-01,176.19301,178.94427,180.0,5.1521356e-06,1.8261833e-06,0,2.1,0.5864583,180.0,0,0,576,3.0875000000000004,0.011507452574525753,601.8909722222222,Healthy,No Action,Healthy
10,2023-03-02,176.28229,179.56139,180.0,3.0778327e-05,6.6433267e-06,0,2.1,0.24357639,180.0,0,0,576,2.4756944444444446,0.00011720867208675362,322.3305555555555,Healthy,No Action,Healthy
10,2023-03-03,173.45566,179.29854,180.0,2.091916e-05,6.2860963e-06,0,3.6,0.3892361,180.0,0,0,576,6.322916666666667,0.38473543360433604,868.0854166666667,Healthy,No Action,Healthy
10,2023-03-04,168.9458,179.54547,180.0,7.852194e-05,1.1221517e-05,0,6.1,0.25364584,180.0,0,0,576,10.186805555555557,0.6249102303523035,1552.6180555555557,Healthy,No Action,Healthy
10,2023-03-05,175.83003,179.35728,180.0,4.3907923e-05,9.0442345e-06,0,2.3,0.35694444,180.0,0,0,576,3.790972222222222,0.08730860433604336,734.536111111111,Healthy,No Action,Healthy
10,2023-03-06,174.00548,178.447,180.0,1.2419323e-05,3.613252e-06,0,3.3,0.86336803,180.0,0,0,576,4.184722222222223,0.07683333333333332,918.970138888889,Healthy,No Action,Healthy
10,2023-03-07,175.14471,179.5331,180.0,9.147531e-06,1.955423e-06,0,2.7,0.25763887,180.0,0,0,576,3.545138888888889,0.04683231707317073,823.9784722222222,Healthy,No Action,Healthy
10,2023-03-08,175.6499,178.83356,180.0,3.207765e-06,1.2401306e-06,0,2.4,0.6484375,180.0,0,0,576,6.1194444444444445,0.25164905149051486,1225.2534722222222,Healthy,No Action,Healthy
10,2023-03-09,172.05069,178.12788,180.0,1.085085e-05,2.6586479e-06,0,4.4,1.0407987,180.0,0,0,576,8.890972222222222,0.5454464769647696,1593.1819444444445,Healthy,No Action,Healthy
10,2023-03-10,169.10115,177.74533,180.0,4.0545132e-05,6.2797035e-06,0,6.1,1.2532986,180.0,0,0,576,5.497222222222223,0.21457960704607046,1042.1506944444445,Healthy,No Action,Healthy
10,2023-03-11,171.62994,177.44377,180.0,6.318484e-05,6.4381534e-06,0,4.7,1.41875,180.0,0,0,576,2.4368055555555554,0.004415650406504088,358.32222222222225,Healthy,No Action,Healthy
10,2023-03-12,148.65079,177.79305,180.0,3.638442e-05,1.1709354e-05,0,17.4,1.2265625,180.0,0,0,576,5.522222222222222,0.19618936314363145,1158.415972222222,Healthy,No Action,Healthy
10,2023-03-13,167.64664,178.39426,180.0,5.74483e-06,1.8269212e-06,0,6.9,0.8911458,179.66666666666666,0,0,576,7.063888888888889,0.36879573170731705,1386.9305555555557,Healthy,No Action,Healthy
10,2023-03-14,169.44739,177.50536,180.0,2.6399677e-05,7.811765e-06,0,5.9,1.3859375,178.66666666666666,0,0,576,8.39375,0.5196287262872628,1529.5534722222224,Healthy,No Action,Hydraulic group
10,2023-03-15,161.81708,176.94856,180.0,3.2452455e-05,4.476754e-06,0,10.1,1.6961806,177.66666666666666,0,0,576,12.645833333333334,0.8090267615176152,1500.8569444444445,Healthy,No Action,Hydraulic group
10,2023-03-16,172.99,178.28949,180.0,1.9779895e-06,6.0127365e-07,0,3.9,0.9496528,176.66666666666666,0,0,576,11.608333333333333,0.820854674796748,1636.2875,Healthy,No Action,Hydraulic group
10,2023-03-17,162.52867,176.00436,180.0,1.884211e-05,1.7739126e-06,0,9.7,2.2206597,175.66666666666666,0,0,576,9.460416666666667,0.6232496612466124,1543.53125,Healthy,No Action,Hydraulic group
10,2023-03-18,162.67075,176.44495,180.0,2.8965665e-05,1.1136696e-05,0,9.6,1.9748263,174.66666666666666,0,0,576,8.239583333333334,0.48130386178861784,1502.8305555555555,Healthy,No Action,Hydraulic group
10,2023-03-19,165.04703,173.77927,179.77771,2.4486084e-05,4.401503e-06,0,8.3,3.4560764,173.66666666666666,0,0,576,5.120833333333334,0.19224424119241193,965.1493055555555,Healthy,No Action,Hydraulic group
10,2023-03-20,160.04594,174.31474,178.63686,6.9765993e-06,1.0839854e-06,0,11.1,3.1588542,172.66666666666666,0,0,576,3.763888888888889,0.08177947154471545,751.7541666666667,Healthy,No Action,Hydraulic group
10,2023-03-21,165.64449,174.45053,179.33913,4.039661e-06,1.4183169e-06,0,8.0,3.0838542,171.66666666666666,0,0,576,6.293749999999999,0.24830420054200542,1358.9520833333333,Healthy,No Action,Hydraulic group
10,2023-03-22,160.01277,168.29987,172.87148,4.3737114e-06,1.7412161e-06,0,11.1,6.5001736,170.66666666666666,0,0,576,5.651388888888889,0.1484109078590786,939.0493055555556,Healthy,No Action,Hydraulic group
10,2023-03-23,159.69038,168.26323,173.98424,6.6579323e-06,2.7792307e-06,0,11.3,6.5197916,169.66666666666666,0,0,576,5.715277777777778,0.23308333333333334,1158.9770833333334,Healthy,No Action,Hydraulic group
10,2023-03-24,162.87852,168.71953,171.8545,3.6783997e-06,2.0237599e-06,0,9.5,6.268403,168.66666666666666,0,0,576,2.946527777777778,0.0333638211382114,477.0833333333333,Healthy,No Action,Hydraulic group
10,2023-03-25,162.85738,167.6872,172.63147,3.3202978e-06,1.7310153e-06,0,9.5,6.83941,167.66666666666666,0,0,576,6.128472222222222,0.26829437669376693,1280.3791666666666,Healthy,No Action,Hydraulic group
10,2023-03-26,159.00812,166.45496,172.52286,9.406821e-06,2.5497015e-06,0,11.7,7.5253625,166.66666666666666,0,0,552,6.7043478260869565,0.2928635560268646,1408.8760869565217,Healthy,No Action,Hydraulic group
10,2023-03-27,160.71933,166.35197,171.05913,1.3588877e-05,4.0775076e-06,0,10.7,7.5815973,165.66666666666666,0,0,576,5.965277777777778,0.23307520325203251,1246.5048611111113,Healthy,No Action,Hydraulic group
10,2023-03-28,159.83072,165.18372,173.94675,5.086606e-05,5.8107044e-06,0,11.2,8.232119,164.66666666666666,0,0,576,2.660416666666667,0.011031842818428207,411.1611111111111,Healthy,No Action,Hydraulic group
10,2023-03-29,157.96591,165.37286,171.36076,5.5326327e-06,2.2409774e-06,0,12.2,8.125521,163.66666666666666,0,0,576,8.600694444444445,0.4967560975609756,1549.398611111111,Healthy,No Action,Hydraulic group
10,2023-03-30,159.3289,165.16257,173.95506,1.1738286e-05,1.3793647e-06,0,11.5,8.240625,162.66666666666666,0,0,576,8.010416666666666,0.4390287940379404,1528.7194444444444,Healthy,No Action,Hydraulic group
10,2023-03-31,155.16505,165.84906,175.94821,1.3299095e-06,4.3237867e-07,0,13.8,7.862153,161.66666666666666,0,0,576,3.8756944444444446,0.06500033875338752,851.9569444444445,Healthy,No Action,Hydraulic group
10,2023-04-01,157.61633,160.56964,163.80467,1.0344247e-05,2.3232776e-06,0,12.4,10.793576,160.66666666666666,0,0,576,4.680555555555555,0.09835975609756094,1069.4041666666667,Healthy,No Action,Hydraulic group
10,2023-04-02,155.80682,161.89548,168.40384,3.7117388e-06,1.863689e-06,0,13.4,10.057292,159.66666666666666,0,0,576,2.220833333333333,0.00515447154471548,276.29097222222225,Healthy,No Action,Hydraulic group
10,2023-04-03,147.81761,159.13934,167.20824,6.150166e-06,2.4277379e-06,0,17.9,11.588194,158.66666666666666,0,0,576,7.871527777777778,0.4686578590785908,1323.7965277777778,Healthy,No Action,Hydraulic group
10,2023-04-04,146.37659,157.09479,163.01657,1.9710073e-05,6.8714176e-06,0,18.7,12.724479,157.66666666666666,0,0,576,8.81388888888889,0.5457930216802168,1578.4402777777777,Healthy,No Action,Hydraulic group
10,2023-04-05,150.23506,154.6518,163.14597,3.4155955e-06,1.4427385e-06,0,16.5,14.082118,156.66666666666666,0,0,576,6.660416666666666,0.27949661246612467,1356.1284722222222,Healthy,No Action,Hydraulic group
10,2023-04-06,146.36249,154.3168,158.05238,5.0136878e-06,1.4256649e-06,0,18.7,14.267534,155.66666666666666,0,0,576,11.608333333333333,0.8439539295392954,1639.8486111111113,Healthy,No Action,Hydraulic group
10,2023-04-07,145.39168,154.59381,162.33363,1.805268e-05,4.339372e-06,0,19.2,14.115972,154.66666666666666,0,0,576,13.05,0.9224674796747967,1654.8694444444445,Healthy,No Action,Hydraulic group
10,2023-04-08,140.99455,153.10394,162.0954,3.63619e-06,1.5313319e-06,0,21.7,14.942708,153.66666666666666,0,0,576,11.013194444444444,0.7759989837398373,1614.322222222222,Healthy,No Action,Hydraulic group
10,2023-04-09,145.82341,155.11823,158.59662,4.875183e-06,1.9938104e-06,0,19.0,13.824306,152.66666666666666,0,0,576,12.134722222222223,0.89139972899729,1651.079861111111,Healthy,No Action,Hydraulic group
10,2023-04-10,142.56554,151.77216,155.86443,0.00032624815,5.3850763e-05,0,20.8,15.681597,151.66666666666666,0,0,576,12.143055555555556,0.9090193089430895,1652.2618055555556,Healthy,No Action,Hydraulic group
10,2023-04-11,142.08357,150.86371,155.17862,0.00030931795,5.2127743e-05,0,21.1,16.18698,150.66666666666666,0,0,576,7.970138888888889,0.4123252032520325,1541.802777777778,Healthy,No Action,Hydraulic group
10,2023-04-12,140.52707,148.14069,153.96458,0.00029179954,3.828963e-05,0,21.9,17.698784,149.66666666666666,0,0,576,4.686111111111111,0.11678760162601626,995.2041666666667,Healthy,No Action,Hydraulic group
10,2023-04-13,138.01505,147.57965,155.93729,0.00043459592,0.0001413965,0,23.3,18.01059,148.66666666666666,0,0,576,4.327083333333333,0.08584485094850948,904.1701388888889,Healthy,No Action,Hydraulic group
10,2023-04-14,139.99411,145.03679,149.97133,0.0013163985,0.0004046287,0,22.2,19.425346,147.66666666666666,0,0,576,3.428472222222222,0.02337025745257453,713.7104166666667,Healthy,No Action,Hydraulic group
10,2023-04-15,140.04597,144.67963,152.4801,0.0025345422,0.0005759527,0,22.2,19.624132,146.66666666666666,0,0,576,3.132638888888889,0.03216260162601628,567.4652777777778,Healthy,No Action,Hydraulic group
10,2023-04-16,136.96353,144.31306,152.46274,0.00018232175,7.0832015e-05,0,23.9,19.829166,145.66666666666666,0,0,576,5.3694444444444445,0.2337022357723577,945.6736111111111,Healthy,No Action,Hydraulic group
10,2023-04-17,136.24704,143.2937,148.64786,0.00040492977,0.00017305072,0,24.3,20.391493,144.66666666666666,0,0,576,5.301388888888889,0.16646883468834686,1091.929861111111,Healthy,No Action,Hydraulic group
10,2023-04-18,133.59229,142.37419,154.76707,0.00020976344,2.7316282e-05,0,25.8,20.903646,143.66666666666666,0,0,576,9.10763888888889,0.485065379403794,1418.1458333333333,Healthy,No Action,Hydraulic group
10,2023-04-19,134.98512,144.54878,150.33067,1.2552302e-05,2.949234e-06,0,25.0,19.694618,142.66666666666666,0,0,576,12.778472222222222,0.7292249322493225,1519.4263888888888,Healthy,No Action,Hydraulic group
10,2023-04-20,138.4248,142.35083,145.74142,1.0696367e-05,2.0045588e-06,0,23.1,20.915277,141.66666666666666,0,0,576,18.65347222222222,0.9629708672086722,1643.429861111111,Healthy,No Action,Hydraulic group
10,2023-04-21,136.01437,140.87372,144.42307,1.7358523e-05,4.2940655e-06,0,24.4,21.736284,140.66666666666666,0,0,576,14.802777777777777,0.9178001355013551,1652.7652777777778,Healthy,No Action,Hydraulic group
10,2023-04-22,136.77126,140.83344,142.99005,1.8418847e-05,4.2384136e-06,0,24.0,21.761112,139.66666666666666,0,0,576,13.154166666666667,0.8766910569105691,1645.9395833333333,Healthy,No Action,Hydraulic group
10,2023-04-23,130.15875,137.2638,141.66333,8.866989e-06,3.3426873e-06,0,27.7,23.74427,138.66666666666666,0,0,576,8.460416666666667,0.4775921409214092,1559.4027777777778,Healthy,No Action,Hydraulic group
10,2023-04-24,129.42062,137.83723,144.28435,2.1826338e-05,8.138615e-06,0,28.1,23.42309,137.66666666666666,0,0,576,6.371527777777778,0.23641192411924117,1334.5368055555555,Healthy,No Action,Hydraulic group
10,2023-04-25,112.16336,139.68192,148.52267,2.922847e-05,7.792604e-06,0,37.7,22.396181,136.66666666666666,0,0,576,4.988194444444444,0.11242073170731705,1158.5326388888889,Healthy,No Action,Hydraulic group
10,2023-04-26,130.4214,136.07602,143.75032,7.1220355e-05,2.2657381e-05,0,27.5,24.400694,135.66666666666666,0,0,576,4.472916666666666,0.07778556910569104,1026.1888888888889,Healthy,No Action,Hydraulic group
10,2023-04-27,124.47143,132.80556,136.54532,7.125493e-05,2.1775506e-05,0,30.8,26.214582,134.66666666666666,0,0,576,3.3423611111111113,0.012671747967479684,693.2569444444445,Healthy,No Action,Hydraulic group
10,2023-04-28,124.511566,134.18736,141.60445,4.332296e-05,9.1331585e-06,0,30.8,25.45191,133.66666666666666,0,0,576,9.34375,0.6461090785907859,1569.413888888889,Healthy,No Action,Hydraulic group
10,2023-04-29,129.61028,135.06166,142.54504,1.722403e-05,8.700004e-06,0,28.0,24.967709,132.66666666666666,0,0,576,5.492361111111111,0.19080691056910568,1223.2125,Healthy,No Action,Hydraulic group
10,2023-04-30,121.52688,132.60608,138.00308,1.4692614e-05,5.8062815e-06,0,32.5,26.329514,131.66666666666666,0,0,576,5.215972222222223,0.16928048780487803,1130.201388888889,Healthy,No Action,Hydraulic group
10,2023-05-01,126.62294,131.37769,137.2657,2.8606382e-05,1.0595173e-05,0,29.7,27.012154,130.66666666666666,0,0,576,3.445138888888889,0.025481707317073162,783.0159722222222,Healthy,No Action,Hydraulic group
10,2023-05-02,118.39058,130.50279,143.1065,4.416404e-05,9.928202e-06,0,34.2,27.497223,129.66666666666666,0,0,576,10.524999999999999,0.6991195799457994,1588.6916666666666,Healthy,No Action,Hydraulic group
10,2023-05-03,121.65089,129.79182,134.80437,1.0880548e-05,3.844628e-06,0,32.4,27.896355,128.66666666666666,0,0,576,9.53263888888889,0.6208140243902439,1595.6881944444444,Healthy,No Action,Hydraulic group
10,2023-05-04,123.57497,129.05077,134.01721,1.49040025e-05,4.1551734e-06,0,31.3,28.303473,127.66666666666667,0,0,576,7.156944444444444,0.34234315718157177,1413.1131944444444,Healthy,No Action,Hydraulic group
10,2023-05-05,117.390366,126.93399,133.38995,1.923144e-05,6.5486597e-06,0,34.8,29.480034,126.66666666666667,0,0,576,5.329166666666667,0.09889058265582656,877.3187499999999,Healthy,No Action,Hydraulic group
10,2023-05-06,123.09804,127.77349,135.14166,1.2149347e-05,2.7745461e-06,0,31.6,29.015625,125.66666666666667,0,0,576,2.89375,0.019627371273712745,575.9631944444444,Healthy,No Action,Hydraulic group
10,2023-05-07,108.1635,128.83,137.06885,2.1582118e-06,9.77528e-07,0,39.9,28.429688,124.66666666666667,0,0,576,6.997222222222223,0.3279197154471544,1373.7097222222224,Healthy,No Action,Hydraulic group
10,2023-05-08,122.28084,131.90692,139.52629,2.5931745e-06,7.3442084e-07,0,32.1,26.719097,123.66666666666667,0,0,576,7.206944444444444,0.3132466124661246,1449.5749999999998,Healthy,No Action,Hydraulic group
10,2023-05-09,116.85368,126.679634,132.72876,1.8454009e-06,5.0881084e-07,0,35.1,29.624306,122.66666666666667,0,0,576,4.56875,0.08696849593495933,1044.8777777777777,Healthy,No Action,Hydraulic group
10,2023-05-10,113.50151,118.61117,124.27958,8.042762e-06,2.8137174e-06,0,36.9,34.104862,121.66666666666667,0,0,576,7.776388888888889,0.4422693089430894,1465.56875,Healthy,No Action,Hydraulic group
10,2023-05-11,115.50028,121.28017,129.46457,6.974584e-06,2.5652616e-06,0,35.8,32.622223,120.66666666666667,0,0,576,8.553472222222222,0.5275193089430894,1556.5534722222224,Healthy,No Action,Hydraulic group
10,2023-05-12,110.17454,118.285065,121.9548,1.4079249e-05,4.9585888e-06,0,38.8,34.282986,119.66666666666667,0,0,576,7.679166666666666,0.414205623306233,1494.5340277777777,Healthy,No Action,Hydraulic group
10,2023-05-13,111.035416,116.27801,122.010315,1.9270214e-05,5.678535e-06,0,38.3,35.401215,118.66666666666667,0,0,576,3.8152777777777778,0.04674559620596205,841.0708333333333,Healthy,No Action,Hydraulic group
10,2023-05-14,114.33354,121.466934,129.98517,4.1461712e-06,1.2871028e-06,0,36.5,32.518055,117.66666666666667,0,0,576,2.79375,0.033931571815718174,450.51874999999995,Healthy,No Action,Hydraulic group
10,2023-05-15,113.52521,122.26553,130.29755,1.8862125e-06,6.644062e-07,0,36.9,32.071007,116.66666666666667,0,0,576,8.927083333333334,0.5217655826558265,1490.4777777777776,Healthy,No Action,Hydraulic group
10,2023-05-16,106.70694,113.2516,121.321754,2.0432864e-05,4.2056427e-06,0,40.7,37.08316,115.66666666666667,0,0,576,10.379861111111111,0.647035569105691,1551.2527777777777,Healthy,No Action,Hydraulic group
10,2023-05-17,110.78873,115.48678,122.42994,1.8824421e-05,5.5217474e-06,0,38.5,35.84271,114.66666666666667,0,0,576,9.23125,0.6110575880758807,1548.36875,Healthy,No Action,Hydraulic group
10,2023-05-18,106.12266,113.06524,118.439156,6.4372376e-05,1.4844538e-05,0,41.0,37.182816,113.66666666666667,0,0,576,5.5680555555555555,0.17747831978319784,1145.6145833333333,Healthy,No Action,Hydraulic group
10,2023-05-19,111.04234,116.412315,124.560555,3.0288109e-05,5.04155e-06,0,38.3,35.327255,112.66666666666667,0,0,576,3.6750000000000003,0.036124661246612455,830.8861111111112,Healthy,No Action,Hydraulic group
10,2023-05-20,104.353065,114.04501,123.134415,5.7744305e-06,1.091538e-06,0,42.0,36.642044,111.66666666666667,0,0,440,11.67068181818182,0.8118381374722837,1632.1525,Healthy,No Action,Hydraulic group
10,2023-05-21,107.07405,112.24692,118.88205,1.8540146e-05,3.5880305e-06,0,40.5,37.641666,110.66666666666667,0,0,432,13.603472222222221,0.8750115176151761,1642.0638888888889,Healthy,No Action,Hydraulic group
10,2023-05-22,105.640816,110.97409,118.72402,0.00086247094,9.2268005e-05,0,41.3,38.350235,109.66666666666667,0,0,432,4.311111111111111,0.10244715447154472,830.4652777777778,Healthy,No Action,Hydraulic group
10,2023-05-23,104.60841,109.56655,115.086235,0.00044083165,0.00010125997,0,41.9,39.127544,108.66666666666667,0,0,432,11.057638888888889,0.691819783197832,1610.1444444444444,Healthy,No Action,Hydraulic group
10,2023-05-24,103.233604,108.42846,115.804565,5.489168e-05,1.9707875e-05,0,42.6,39.758564,107.66666666666667,0,0,432,11.645138888888889,0.8328875338753389,1635.1881944444447,Healthy,No Action,Hydraulic group
10,2023-05-25,103.42127,109.308975,116.94025,9.824884e-06,3.3653482e-06,0,42.5,39.275234,106.66666666666667,0,0,432,7.075,0.35069139566395663,1298.7458333333332,Healthy,No Action,Hydraulic group
10,2023-05-26,102.46661,107.05572,113.073296,0.00024201607,3.9310777e-05,0,43.1,40.525463,105.66666666666667,0,0,432,3.1430555555555553,0.01771307588075882,551.4048611111111,Healthy,No Action,Hydraulic group
10,2023-05-27,99.98734,105.061035,113.06845,3.1027143e-05,4.9123823e-06,0,44.5,41.633102,104.66666666666667,0,0,432,4.267361111111111,0.11439668021680217,726.0652777777779,Healthy,No Action,Hydraulic group
10,2023-05-28,91.92905,100.76212,106.27987,2.2268757e-06,1.1910818e-06,0,48.9,44.022686,103.66666666666667,0,0,432,4.3687499999999995,0.0753810975609756,1001.1972222222222,Healthy,No Action,Hydraulic group
10,2023-05-29,95.39604,101.46944,109.167015,5.4116904e-06,1.8117572e-06,0,47.0,43.628704,102.66666666666667,0,0,432,4.079166666666667,0.05864227642276421,898.2888888888889,Healthy,No Action,Hydraulic group
10,2023-05-30,98.0467,104.16195,113.16347,1.9615884e-05,6.009863e-06,0,45.5,42.13403,101.66666666666667,0,0,432,3.545138888888889,0.03896239837398375,677.2493055555556,Healthy,No Action,Hydraulic group
10,2023-05-31,95.61803,101.43055,112.94914,2.30134e-05,6.848922e-06,0,46.9,43.650925,100.66666666666667,0,0,432,8.881944444444445,0.547179539295393,1530.9506944444443,Healthy,No Action,Hydraulic group
10,2023-06-01,95.11606,100.403114,112.37029,5.0709717e-05,1.0448097e-05,0,47.2,44.222454,99.66666666666667,0,0,432,8.74236111111111,0.5415955284552846,1541.920138888889,Healthy,No Action,Hydraulic group
10,2023-06-02,94.03573,98.90357,107.85499,0.00028852117,4.3859985e-05,0,47.8,45.055325,98.66666666666667,0,0,432,7.835416666666667,0.43628658536585363,1412.0715277777779,Healthy,No Action,Hydraulic group
10,2023-06-03,93.133194,97.59243,101.20269,0.00030128402,7.616438e-05,0,48.3,45.784954,97.66666666666667,0,0,432,3.46875,0.0367018970189702,728.8819444444445,Healthy,No Action,Hydraulic group
10,2023-06-04,94.257355,99.44481,104.75209,0.00043526982,4.637156e-05,0,47.6,44.750698,96.66666666666667,0,0,432,3.94375,0.08911822493224932,785.9798611111111,Healthy,No Action,Hydraulic group
10,2023-06-05,90.29116,102.47536,113.34428,2.3869203e-05,1.24441885e-05,0,49.8,43.07083,95.66666666666667,0,0,432,3.9368055555555554,0.05752676151761517,842.7972222222223,Healthy,No Action,Hydraulic group
10,2023-06-06,87.276764,93.27155,100.57091,2.8621584e-05,1.1145101e-05,0,51.5,48.181942,94.66666666666667,0,0,432,3.8930555555555553,0.06372594850948508,791.3125,Monitor,Schedule,Hydraulic group
10,2023-06-07,86.93848,96.378265,108.01465,2.2033842e-05,1.0387366e-05,0,51.7,46.45602,93.66666666666667,0,0,432,6.816666666666667,0.3791195799457995,976.9388888888889,Monitor,Schedule,Hydraulic group
10,2023-06-08,86.64906,92.11289,109.132675,3.781082e-06,9.789629e-07,0,51.9,48.827084,92.66666666666667,0,0,432,9.69513888888889,0.6370796070460705,1573.0125,Monitor,Schedule,Hydraulic group
10,2023-06-09,88.95391,94.34157,100.6206,0.00021518604,4.4282217e-05,0,50.6,47.587734,91.66666666666667,0,0,432,3.540277777777778,0.05917039295392955,666.3986111111111,Monitor,Schedule,Hydraulic group
10,2023-06-10,83.046265,90.860695,98.83036,0.0003686392,6.232211e-05,0,53.9,49.52153,90.66666666666667,0,0,432,7.397916666666667,0.4028221544715447,1297.1805555555557,Monitor,Schedule,Hydraulic group
10,2023-06-11,82.79023,89.30267,96.202934,2.3954533e-05,7.027301e-06,0,54.0,50.38773,89.66666666666667,0,0,432,10.62638888888889,0.7653492547425473,1618.95625,Monitor,Schedule,Hydraulic group
10,2023-06-12,82.140495,86.54228,94.13565,0.0010958402,8.92452e-05,0,54.4,51.92361,88.66666666666667,0,0,432,9.478472222222221,0.6122394986449864,1588.4833333333333,Monitor,Schedule,Hydraulic group
10,2023-06-13,82.83367,88.636444,97.60098,0.00056607526,4.9390525e-05,0,54.0,50.75764,87.66666666666667,0,0,432,7.01875,0.3469586720867209,1237.896527777778,Monitor,Schedule,Hydraulic group
10,2023-06-14,80.17105,86.816666,93.019424,0.00057903415,5.8803864e-05,0,55.5,51.77153,86.66666666666667,0,0,432,3.0833333333333335,0.02783739837398375,563.9381944444444,Monitor,Schedule,Hydraulic group
10,2023-06-15,81.421234,85.91641,95.40914,7.1382856e-05,2.196302e-05,0,54.8,52.269905,85.66666666666667,0,0,432,2.9541666666666666,0.017213753387533896,454.9368055555555,Monitor,Schedule,Hydraulic group
10,2023-06-16,78.29382,83.498505,95.58023,3.6312667e-05,8.151309e-06,0,56.5,53.61111,84.66666666666667,0,0,432,9.385416666666666,0.41654539295392956,1175.1312500000001,Monitor,Schedule,Hydraulic group
10,2023-06-17,80.120056,84.77631,92.902145,1.7888508e-06,2.8154366e-07,0,55.5,52.903008,83.66666666666667,0,0,432,9.413194444444445,0.5863855013550135,1568.0631944444447,Monitor,Schedule,Hydraulic group
10,2023-06-18,78.55499,82.98378,87.70285,2.553541e-06,9.864434e-07,0,56.4,53.896294,82.66666666666667,0,0,432,8.995138888888889,0.543845189701897,1571.4659722222223,Monitor,Schedule,Hydraulic group
10,2023-06-19,75.45691,82.43462,88.18946,8.424833e-05,7.496417e-06,0,58.1,54.203007,81.66666666666667,0,0,432,10.184027777777779,0.6349654471544716,1573.120138888889,Monitor,Schedule,Hydraulic group
10,2023-06-20,74.77842,79.42796,85.5406,0.0005763947,2.4062852e-05,0,58.5,55.87523,80.66666666666667,0,0,432,9.638194444444444,0.5712469512195122,1526.790972222222,Monitor,Schedule,Hydraulic group
10,2023-06-21,76.29023,79.81307,86.08096,5.9549575e-06,2.0521672e-06,0,57.6,55.65926,79.66666666666667,0,0,432,4.791666666666667,0.11836246612466124,1005.4541666666667,Monitor,Schedule,Hydraulic group
10,2023-06-22,73.30995,79.147026,86.58407,2.5827598e-05,4.1471685e-06,0,59.3,56.029575,78.66666666666667,0,0,399,2.6924812030075187,0.010430955437373943,454.7112781954887,Monitor,Schedule,Hydraulic group
10,2023-06-23,73.963135,80.79716,87.55233,7.205892e-05,1.2266625e-05,0,58.9,55.113655,77.66666666666667,0,0,432,2.911111111111111,0.023239837398374003,506.06666666666666,Monitor,Schedule,Hydraulic group
10,2023-06-24,69.34232,75.91818,82.31715,2.3816656e-05,6.187001e-06,0,61.5,57.822918,76.66666666666667,0,0,432,4.267361111111111,0.07522764227642274,912.4465277777779,Monitor,Schedule,Hydraulic group
10,2023-06-25,66.43247,75.60381,81.36984,6.924521e-05,1.27386475e-05,0,63.1,57.994442,75.66666666666667,0,0,432,4.6201388888888895,0.10143428184281841,925.7145833333334,Monitor,Schedule,Hydraulic group
10,2023-06-26,67.789825,71.94211,77.80143,0.00012799623,2.1657417e-05,0,62.3,60.03102,74.66666666666667,0,0,432,3.520138888888889,0.03421036585365854,707.3,Monitor,Schedule,Hydraulic group
10,2023-06-27,69.75484,72.555595,77.81299,0.00027826353,0.000103666076,0,61.2,59.688198,73.66666666666667,0,0,432,5.94375,0.20488008130081298,1300.870138888889,Monitor,Schedule,Hydraulic group
10,2023-06-28,69.76876,75.55392,80.143196,0.0003369332,5.2663014e-05,0,61.2,58.025463,72.66666666666667,0,0,432,6.097222222222222,0.23878590785907858,1251.175,Monitor,Schedule,Hydraulic group
10,2023-06-29,63.763966,70.44965,76.69484,1.809358e-05,6.551608e-06,0,64.6,60.86713,71.66666666666667,0,0,432,7.520833333333333,0.37223611111111105,1467.0208333333333,Monitor,Schedule,Hydraulic group
10,2023-06-30,68.017876,72.23863,77.469925,1.7715896e-05,8.784505e-06,0,62.2,59.86736,70.66666666666667,0,0,432,6.845833333333333,0.29036585365853657,1406.83125,Monitor,Schedule,Hydraulic group
10,2023-07-01,62.965805,69.57181,77.03032,8.823213e-05,2.3258195e-05,0,65.0,61.34722,69.66666666666667,0,0,432,4.340277777777778,0.09608096205962059,881.6840277777778,Monitor,Schedule,Hydraulic group
10,2023-07-02,60.528625,72.05622,85.31365,0.00019946687,3.8845723e-05,0,66.4,59.970604,68.66666666666667,0,0,432,12.409722222222221,0.8394126016260162,1617.85625,Monitor,Schedule,Hydraulic group
10,2023-07-03,60.92622,67.39298,75.080734,0.00013196054,2.4181963e-05,0,66.2,62.55625,67.66666666666667,0,0,432,11.294444444444444,0.6845677506775067,1550.5013888888889,Monitor,Schedule,Hydraulic group
10,2023-07-04,62.490494,65.479324,68.23746,1.5852282e-05,4.235874e-06,0,65.3,63.62037,66.66666666666667,0,0,432,10.290277777777776,0.7186453252032521,1616.2854166666668,Monitor,Schedule,Hydraulic group
10,2023-07-05,62.511257,66.96998,74.44511,0.00017524473,3.8257334e-05,0,65.3,62.79074,65.66666666666667,0,0,216,5.45,0.1570121951219512,1095.6680555555556,Monitor,Schedule,Hydraulic group
10,2023-07-06,59.780006,66.5774,70.40417,7.166537e-05,2.232906e-05,0,66.8,63.01362,64.66666666666667,0,0,213,3.4816901408450707,0.02676262452765373,698.6281690140845,Monitor,Schedule,Hydraulic group
10,2023-07-07,59.62821,65.604805,71.41768,8.645585e-05,1.6869728e-05,0,66.9,63.554398,63.666666666666664,0,0,432,3.931944444444444,0.08271849593495935,778.8326388888889,Monitor,Schedule,Hydraulic group
10,2023-07-08,53.323277,59.399155,65.64778,0.00012847727,1.7284703e-05,0,70.4,66.999306,62.666666666666664,0,0,432,4.670833333333333,0.07925406504065037,1169.901388888889,Monitor,Schedule,Hydraulic group
10,2023-07-09,53.509434,59.568195,63.977528,0.00040283686,5.62029e-05,0,70.3,66.90463,61.666666666666664,0,0,432,3.759027777777778,0.02559485094850947,949.4763888888889,Monitor,Schedule,Hydraulic group
10,2023-07-10,56.07985,60.139137,64.76624,0.0001146748,4.4137538e-05,0,68.8,66.5875,60.666666666666664,0,0,432,3.2826388888888887,0.037379403794037945,592.7138888888888,Monitor,Schedule,Hydraulic group
10,2023-07-11,52.101036,58.538948,65.42079,0.000105183244,5.2879812e-05,0,71.1,67.479164,59.666666666666664,0,0,432,3.948611111111111,0.07584315718157181,751.3472222222222,Monitor,Schedule,Hydraulic group
10,2023-07-12,56.022232,58.965324,62.41387,5.3711174e-05,6.880363e-06,0,68.9,67.24074,58.666666666666664,0,0,432,5.6305555555555555,0.1743414634146341,1125.8479166666666,Monitor,Schedule,Hydraulic group
10,2023-07-13,52.094982,57.19012,62.25675,3.7831698e-05,1.3890597e-05,0,71.1,68.225464,57.666666666666664,0,0,432,4.46875,0.08289092140921409,916.7270833333333,Monitor,Schedule,Hydraulic group
10,2023-07-14,51.637623,58.31628,62.617455,8.124833e-05,2.2161334e-05,0,71.3,67.59977,56.666666666666664,0,0,432,3.68125,0.03162737127371273,800.5541666666667,Monitor,Schedule,Hydraulic group
10,2023-07-15,50.96756,55.66431,60.944016,0.00018598337,4.2196876e-05,0,71.7,69.07709,55.666666666666664,0,0,432,6.3381944444444445,0.20610840108401082,1355.1138888888888,Monitor,Schedule,Hydraulic group
10,2023-07-16,46.11294,52.820744,58.237503,5.3575463e-05,6.4609026e-06,0,74.4,70.65463,54.666666666666664,0,0,432,9.690972222222221,0.6252394986449864,1590.6708333333333,Monitor,Schedule,Hydraulic group
10,2023-07-17,49.056038,54.213135,59.132294,2.0175126e-05,5.9300182e-06,0,72.7,69.88009,53.666666666666664,0,0,432,10.618055555555555,0.7327767615176152,1607.0694444444443,Monitor,Schedule,Hydraulic group
10,2023-07-18,49.228355,52.89416,56.605965,8.644127e-06,2.6476312e-06,0,72.7,70.61412,52.666666666666664,0,0,432,7.627083333333333,0.39863753387533873,1331.929861111111,Monitor,Schedule,Hydraulic group
10,2023-07-19,47.62398,51.836575,55.750195,3.564962e-05,1.2454414e-05,0,73.5,71.202545,51.666666666666664,0,0,432,4.553472222222222,0.08031605691056909,1011.9006944444444,Monitor,Schedule,Hydraulic group
10,2023-07-20,43.335922,52.32969,59.061447,0.002641781,0.00054332305,0,75.9,70.92778,50.666666666666664,0,0,432,4.779861111111111,0.09899966124661246,1050.7743055555557,Monitor,Schedule,Hydraulic group
10,2023-07-21,44.232105,47.948025,55.135998,0.0011025897,0.00013451261,0,75.4,73.3632,49.666666666666664,0,0,432,5.050694444444445,0.11446680216802167,1083.8118055555556,Monitor,Schedule,Hydraulic group
10,2023-07-22,43.546803,48.596046,54.854206,0.00013045943,5.842053e-05,0,75.8,73.00278,48.666666666666664,0,0,432,4.2548611111111105,0.0635271002710027,929.3972222222221,Monitor,Schedule,Hydraulic group
10,2023-07-23,41.419262,45.565666,49.61117,0.00015248294,5.3485666e-05,0,77.0,74.682175,47.666666666666664,0,0,432,3.3930555555555553,0.043870934959349614,588.5111111111111,Monitor,Schedule,Hydraulic group
10,2023-07-24,42.083168,45.693882,51.735363,0.00016974773,4.646916e-05,0,76.6,74.613655,46.666666666666664,0,0,432,3.2979166666666666,0.05685128726287264,569.1534722222221,Monitor,Schedule,Hydraulic group
10,2023-07-25,42.879562,46.058853,51.010292,4.4754466e-05,1.9494384e-05,0,76.2,74.410416,45.666666666666664,0,0,432,3.25,0.014466124661246613,657.3916666666667,Monitor,Schedule,Hydraulic group
10,2023-07-26,40.624977,45.73331,50.68024,0.00017079459,4.8719925e-05,0,77.4,74.59352,44.666666666666664,0,0,432,3.1243055555555554,0.01446510840108402,600.5631944444444,Monitor,Schedule,Hydraulic group
10,2023-07-27,39.239506,44.18602,49.418427,0.00060570496,0.00015898877,0,78.2,75.45185,43.666666666666664,0,0,432,3.761805555555555,0.040206300813008126,722.0590277777778,Monitor,Schedule,Hydraulic group
10,2023-07-28,38.550854,44.61254,49.784668,0.00012368885,3.21824e-05,0,78.6,75.21528,42.666666666666664,0,0,432,2.865972222222222,0.015295392953929562,567.0041666666666,Monitor,Schedule,Hydraulic group
10,2023-07-29,34.649773,43.8862,49.855663,0.00027472747,6.653806e-05,0,80.8,75.619446,41.666666666666664,0,0,432,2.7979166666666666,0.0028245257452574777,446.475,Monitor,Schedule,Hydraulic group
10,2023-07-30,36.64716,41.985863,48.305492,0.0002674943,8.3111314e-05,0,79.6,76.67407,40.666666666666664,0,0,432,2.98125,0.007630081300813013,628.4381944444444,Monitor,Schedule,Hydraulic group
10,2023-07-31,37.417667,41.600555,44.265087,0.00026290375,0.00011218934,0,79.2,76.89166,39.666666666666664,0,0,432,4.302083333333333,0.06201388888888887,1014.2340277777777,Monitor,Schedule,Hydraulic group
10,2023-08-01,32.99579,37.66678,40.728336,0.0006835806,0.00025170596,0,81.7,79.07547,38.666666666666664,0,0,432,3.5520833333333335,0.02735230352303523,751.6979166666666,Monitor,Schedule,Hydraulic group
10,2023-08-02,34.74299,39.037743,43.094933,0.00066543114,0.00023408022,0,80.7,78.311104,37.666666666666664,0,0,432,3.495138888888889,0.06917716802168024,580.5506944444444,Monitor,Schedule,Hydraulic group
10,2023-08-03,33.070328,36.379417,40.161465,0.0001981655,7.957047e-05,0,81.6,79.789116,36.666666666666664,0,0,432,2.838888888888889,0.020641598915989177,478.6333333333333,Monitor,Schedule,Hydraulic group
10,2023-08-04,31.533123,35.607464,39.33388,0.00023532848,3.6696347e-05,0,82.5,80.21597,35.666666666666664,0,0,432,2.4298611111111112,0.002964769647696506,387.45902777777775,Monitor,Schedule,Hydraulic group
10,2023-08-05,31.436417,35.45339,38.43121,0.003547892,0.00028405842,0,82.5,80.302086,34.666666666666664,0,0,432,2.4166666666666665,-0.0010677506775067383,306.3854166666667,Monitor,Schedule,Hydraulic group
10,2023-08-06,30.726341,34.473843,38.28071,0.0006865518,0.00017816095,0,82.9,80.848145,33.666666666666664,0,0,432,2.607638888888889,0.006448848238482417,321.61597222222224,Monitor,Schedule,Hydraulic group
10,2023-08-07,29.687891,33.53381,39.66433,0.0006670519,0.00021472966,0,83.5,81.36898,32.666666666666664,0,0,432,4.320833333333333,0.06801388888888889,899.5215277777778,Warning,Plan Soon,Hydraulic group
10,2023-08-08,30.570934,33.318367,36.25205,0.0007596988,0.0003238792,0,83.0,81.4919,31.666666666666668,0,0,432,4.714583333333334,0.11523238482384822,1039.3444444444444,Monitor,Schedule,Hydraulic group
10,2023-08-09,28.694704,32.008705,36.551136,0.0022204851,0.000589177,0,84.1,82.21759,30.666666666666668,0,0,432,3.901388888888889,0.05425440379403793,789.2631944444445,Warning,Plan Soon,Hydraulic group
10,2023-08-10,26.266582,30.355215,40.520687,0.0039285403,0.0007795747,0,85.4,83.135185,29.666666666666668,0,0,432,6.971527777777777,0.36352574525745257,1250.7798611111111,Warning,Plan Soon,Hydraulic group
10,2023-08-11,24.193762,29.092922,36.961838,0.0006658397,0.00013648147,0,86.6,83.837265,28.666666666666668,0,0,432,11.610416666666666,0.8140582655826558,1631.8840277777779,Warning,Plan Soon,Hydraulic group
10,2023-08-12,23.615103,31.100624,36.701374,0.00039732995,3.772827e-05,0,86.9,82.720146,27.666666666666668,0,0,432,11.745138888888889,0.793640243902439,1628.0513888888888,Warning,Plan Soon,Hydraulic group
10,2023-08-13,24.143639,27.996948,32.109947,4.9907343e-05,1.0179866e-05,0,86.6,84.44584,26.666666666666668,0,0,432,11.51388888888889,0.8219728997289972,1639.8597222222222,Warning,Plan Soon,Hydraulic group
10,2023-08-14,23.865501,26.180458,29.80405,0.000109928544,2.1979726e-05,0,86.7,85.45347,25.666666666666668,0,0,432,10.36736111111111,0.7134017615176153,1623.8020833333333,Warning,Plan Soon,Hydraulic group
10,2023-08-15,21.551554,26.200356,31.160656,0.00059117225,0.00013487191,0,88.0,85.442825,24.666666666666668,0,0,432,5.592361111111111,0.16442276422764227,1194.2798611111111,Warning,Plan Soon,Hydraulic group
10,2023-08-16,19.84005,25.224422,30.523006,0.004355538,0.000735687,0,89.0,85.98843,23.666666666666668,0,0,432,2.776388888888889,0.025893631436314374,468.3979166666667,Warning,Plan Soon,Hydraulic group
10,2023-08-17,16.910852,21.91509,29.172535,0.0008845844,9.591393e-05,0,90.6,87.826004,22.666666666666668,0,0,423,5.540425531914893,0.1788482961425359,1057.7241134751773,Warning,Plan Soon,Hydraulic group
10,2023-08-18,15.616857,21.752794,26.882242,5.257661e-05,9.4665365e-06,0,91.3,87.916664,21.666666666666668,0,0,432,6.4847222222222225,0.2612676151761517,1277.6534722222223,Warning,Plan Soon,Hydraulic group
10,2023-08-19,14.690117,19.341545,24.175901,0.00012785241,4.4252607e-05,0,91.8,89.256485,20.666666666666668,0,0,432,5.16875,0.21940819783197832,842.925,Warning,Plan Soon,Hydraulic group
10,2023-08-20,13.077979,20.516897,27.877457,9.148473e-06,2.30708e-06,0,92.7,88.60301,19.666666666666668,0,0,432,10.479861111111111,0.7069139566395664,1623.7743055555557,Warning,Urgent,Hydraulic group
10,2023-08-21,15.172416,21.39735,27.779917,3.1070937e-05,3.2504386e-06,0,91.6,88.11297,18.666666666666668,0,0,432,9.783333333333333,0.62605081300813,1613.0833333333333,Warning,Plan Soon,Hydraulic group
10,2023-08-22,15.048958,18.289019,20.861856,6.788603e-05,1.6525639e-05,0,91.6,89.83796,17.666666666666668,0,0,432,8.311805555555555,0.43971002710027096,1537.5368055555557,Warning,Plan Soon,Hydraulic group
10,2023-08-23,6.2309422,17.063389,23.941683,0.0013056807,0.00024128053,0,96.5,90.5206,16.666666666666668,0,0,432,6.179166666666667,0.20038380758807584,1271.2979166666667,Critical,Urgent,Hydraulic group
10,2023-08-24,8.542351,16.287886,24.863966,0.0006256549,0.000119218086,0,95.3,90.95394,15.666666666666666,0,0,432,4.144444444444445,0.053546747967479665,906.2847222222222,Warning,Urgent,Hydraulic group
10,2023-08-25,8.23997,14.109142,18.841425,0.0056848875,0.0007835035,0,95.4,92.16088,14.666666666666666,0,0,432,4.759722222222222,0.10425711382113818,1006.8819444444445,Warning,Urgent,Hydraulic group
10,2023-08-26,9.1979065,14.5113,18.860771,0.0017717445,0.00068681006,0,94.9,91.939354,13.666666666666666,0,0,432,6.361111111111111,0.22950271002710027,1282.8819444444443,Warning,Urgent,Hydraulic group
10,2023-08-27,11.908982,15.330082,22.578238,0.0003155106,9.326874e-05,0,93.4,91.4831,12.666666666666666,0,0,432,6.741666666666667,0.2969485094850948,1334.5027777777777,Warning,Urgent,Hydraulic group
10,2023-08-28,7.8703384,12.581853,19.419691,0.00046265277,0.00011549228,0,95.6,93.00949,11.666666666666666,0,0,432,3.8104166666666663,0.05784078590785907,819.2791666666666,Warning,Urgent,Hydraulic group
10,2023-08-29,7.1901073,12.293392,20.257996,0.00077736605,0.00017974408,0,96.0,93.16922,10.666666666666666,0,0,432,3.738888888888889,0.056859078590785914,670.0715277777779,Warning,Urgent,Hydraulic group
10,2023-08-30,6.6925845,12.772072,18.576824,0.00017567571,7.172395e-05,0,96.3,92.90625,9.666666666666666,0,0,432,2.463194444444444,0.014017615176151785,372.65069444444447,Critical,Urgent,Hydraulic group
10,2023-08-31,5.066947,12.85562,20.584837,0.00019148298,9.280896e-05,0,97.2,92.85578,8.666666666666666,0,0,432,3.96875,0.05877676151761518,777.93125,Critical,Urgent,Hydraulic group
10,2023-09-01,0.2628514,6.4783635,14.43457,0.00149084,0.00015323775,0,99.9,96.402084,7.666666666666667,0,0,432,8.264583333333334,0.43886348238482387,1563.7430555555557,Critical,Urgent,Hydraulic group
10,2023-09-02,0.0,6.49553,22.286716,0.9999838,0.37736398,162,100.0,96.390045,6.666666666666667,162,0,432,9.849305555555555,0.6450172764227643,1611.7791666666667,Critical,Immediate,Hydraulic group
10,2023-09-03,0.0,6.20412,14.493879,0.9999857,0.9999488,432,100.0,96.55486,5.666666666666667,432,0,432,6.340972222222223,0.25028760162601627,1306.442361111111,Critical,Immediate,Hydraulic group
10,2023-09-04,0.0,7.7080755,17.110065,0.9999621,0.9998909,432,100.0,95.71899,4.666666666666667,432,0,432,3.9145833333333333,0.06814769647696477,812.911111111111,Critical,Immediate,Hydraulic group
10,2023-09-05,0.0,6.966177,18.542799,0.9999651,0.9998832,432,100.0,96.130325,3.6666666666666665,432,0,432,4.8486111111111105,0.10356775067750676,904.5680555555556,Critical,Immediate,Hydraulic group
10,2023-09-06,0.0,5.818173,23.914438,0.99998367,0.9998909,432,100.0,96.76713,2.6666666666666665,432,0,432,6.905555555555555,0.1634779810298103,920.8131944444444,Critical,Immediate,Hydraulic group
10,2023-09-07,0.0,3.0738895,8.391354,0.99998176,0.9999345,432,100.0,98.29097,1.6666666666666667,432,0,432,5.76875,0.16094986449864493,1261.2069444444444,Critical,Immediate,Hydraulic group
10,2023-09-08,0.0,1.9453354,11.361847,0.9999945,0.9999774,432,100.0,98.91991,0.6666666666666666,432,0,432,4.575694444444444,0.07376388888888886,991.9479166666666,Critical,Immediate,Hydraulic group
10,2023-09-09,0.0,11.893812,31.800835,0.99998856,0.64570117,270,100.0,93.39352,0.041666666666666664,270,147,432,5.370833333333333,0.21594918699186993,992.7680555555555,Critical,Immediate,Hydraulic group
10,2023-09-10,18.327602,43.47463,78.660645,0.008821222,0.0019860782,0,89.8,75.84722,30.333333333333332,0,432,432,5.176388888888888,0.1514850948509485,1078.2611111111112,Warning,Plan Soon,Gearbox failure
10,2023-09-11,29.94441,56.143692,90.02214,0.00071381946,5.9690716e-05,0,83.4,68.811806,29.333333333333332,0,432,432,2.6493055555555554,0.004481368563685661,431.17569444444445,Warning,Plan Soon,Gearbox failure
10,2023-09-12,30.264523,52.091503,69.7962,0.00027848355,8.357204e-05,0,83.2,71.0581,28.333333333333332,0,432,432,3.7201388888888887,0.05691666666666667,729.2555555555556,Monitor,Schedule,Gearbox failure
10,2023-09-13,34.446438,57.426014,77.52778,0.00028427257,4.0297222e-05,0,80.9,68.09601,27.333333333333332,0,426,426,9.011971830985916,0.3981040879422879,1168.6147887323943,Monitor,Schedule,Gearbox failure
10,2023-09-14,59.26941,75.90171,90.24691,0.010318019,0.0008984931,0,67.1,57.83472,26.333333333333332,0,432,432,3.6333333333333333,0.04910535230352304,721.7965277777777,Monitor,Schedule,Gearbox failure
10,2023-09-15,48.81278,60.570786,72.16883,0.016882323,0.002405947,0,72.9,66.34722,25.333333333333332,0,432,432,4.596527777777778,0.10635060975609756,839.9361111111111,Monitor,Schedule,Gearbox failure
10,2023-09-16,21.581911,57.328175,81.54373,0.009785867,0.0006765996,0,88.0,68.15162,24.333333333333332,0,288,432,4.081944444444445,0.039001693766937684,571.7902777777778,Warning,Plan Soon,Gearbox failure
10,2023-09-17,14.832635,27.86696,43.625957,0.0002456855,2.6036972e-05,0,91.8,84.51644,23.333333333333332,0,0,432,3.11875,0.021401084010840114,624.3680555555555,Warning,Plan Soon,Gearbox failure
10,2023-09-18,10.548324,24.124092,36.32778,0.00021802928,5.7671787e-05,0,94.1,86.59838,22.333333333333332,0,0,432,4.231944444444444,0.10995223577235773,746.3826388888889,Warning,Urgent,Gearbox failure
10,2023-09-19,9.435359,23.02421,42.800533,5.2185344e-05,1.4370885e-05,0,94.8,87.209724,21.333333333333332,0,0,432,2.5409722222222224,0.017586720867208687,460.9534722222222,Warning,Urgent,Gearbox failure
10,2023-09-20,9.089191,19.114748,31.63333,0.000117610725,2.6988288e-05,0,95.0,89.37839,20.333333333333332,0,0,384,4.438541666666667,0.10417530487804877,890.3005208333334,Warning,Urgent,Gearbox failure
10,2023-09-21,9.034969,18.507013,31.270674,0.00036811415,0.00010606395,0,95.0,89.72014,19.333333333333332,0,0,288,4.735416666666667,0.08887635501355012,1072.7312499999998,Warning,Urgent,Gearbox failure
10,2023-09-22,8.164763,16.09812,32.10346,0.014170741,0.0040992443,0,95.5,91.05451,18.333333333333332,0,0,288,5.237500000000001,0.15555250677506774,1066.2368055555555,Warning,Urgent,Gearbox failure
10,2023-09-23,7.4138765,17.526012,27.278555,0.012165827,0.002081175,0,95.9,90.26354,17.333333333333332,0,0,288,8.11111111111111,0.42452676151761515,1552.2763888888887,Warning,Urgent,Gearbox failure
10,2023-09-24,5.1547914,16.81446,30.31623,0.0069513484,0.0021301676,0,97.1,90.656944,16.333333333333332,0,0,288,6.009027777777778,0.18366294037940378,1287.5854166666666,Critical,Urgent,Gearbox failure
10,2023-09-25,0.0,14.105669,30.288408,0.017381454,0.0054163574,0,100.0,92.16562,15.333333333333334,0,0,288,3.3090277777777777,0.03739464769647696,623.4131944444445,Critical,Urgent,Gearbox failure
10,2023-09-26,6.4037914,16.981335,32.534878,0.029493395,0.0062387465,0,96.4,90.56597,14.333333333333334,0,0,288,2.5152777777777775,0.009455962059620624,348.0131944444445,Critical,Urgent,Gearbox failure
10,2023-09-27,8.743631,19.176353,35.128857,0.0020358602,0.00029007604,0,95.1,89.344795,13.333333333333334,0,0,288,7.54236111111111,0.4269132791327913,1312.6270833333333,Warning,Urgent,Gearbox failure
10,2023-09-28,4.393784,16.47475,31.031588,0.011256209,0.0010049089,0,97.6,90.847916,12.333333333333334,0,0,288,8.009027777777778,0.4204241192411924,1503.9090277777777,Critical,Urgent,Gearbox failure
10,2023-09-29,3.975399,19.360832,30.713062,0.009330538,0.0016871367,0,97.8,89.24479,11.333333333333334,0,0,288,8.741666666666667,0.5304278455284552,1572.8805555555555,Critical,Urgent,Gearbox failure
10,2023-09-30,10.080646,24.83191,42.462982,0.00054848864,0.00022363632,0,94.4,86.204865,10.333333333333334,0,0,288,5.158333333333333,0.1310281165311653,1057.6319444444443,Warning,Urgent,Gearbox failure
10,2023-10-01,2.23315,14.924611,23.927074,0.0022733752,0.00051824027,0,98.8,91.707985,9.333333333333334,0,0,288,5.580555555555556,0.1972239159891599,1118.6395833333333,Critical,Urgent,Gearbox failure
10,2023-10-02,2.7627006,16.372551,31.040382,0.0006664927,0.00018306074,0,98.5,90.90451,8.333333333333334,0,0,288,10.065277777777778,0.6469966124661246,1596.732638888889,Critical,Urgent,Gearbox failure
10,2023-10-03,3.256243,12.762476,22.240938,0.003378378,0.0008986821,0,98.2,92.90903,7.333333333333333,0,0,288,10.182638888888889,0.6891443089430894,1609.6298611111113,Critical,Urgent,Gearbox failure
10,2023-10-04,0.0,11.958424,27.092321,0.99997187,0.68299747,196,100.0,93.35868,6.333333333333333,194,0,288,9.513194444444444,0.5827964092140921,1559.0638888888889,Critical,Immediate,Gearbox failure
10,2023-10-05,0.0,6.071417,21.02381,0.99998033,0.99991226,288,100.0,96.62847,5.333333333333333,288,0,288,11.308333333333334,0.8012750677506775,1615.4465277777776,Critical,Immediate,Gearbox failure
10,2023-10-06,0.0,9.593857,28.57432,0.99999034,0.99991065,288,100.0,94.67153,4.333333333333333,288,0,288,4.277083333333334,0.09751829268292683,811.2194444444444,Critical,Immediate,Gearbox failure
10,2023-10-07,0.0,6.6549582,18.42127,0.9999851,0.999911,288,100.0,96.30243,3.3333333333333335,288,0,288,5.550694444444444,0.24239227642276426,1013.1368055555556,Critical,Immediate,Gearbox failure
10,2023-10-08,0.0,1.9597713,13.789714,0.99999213,0.9999285,288,100.0,98.91319,2.3333333333333335,288,0,288,7.5687500000000005,0.38066158536585365,1478.5694444444443,Critical,Immediate,Gearbox failure
10,2023-10-09,0.0,7.6396236,19.231628,0.999972,0.9998081,288,100.0,95.75729,1.3333333333333333,288,0,288,3.5159722222222225,0.03651456639566395,706.1013888888889,Critical,Immediate,Gearbox failure
10,2023-10-10,0.0,4.2714796,16.315996,0.9999615,0.99978095,288,100.0,97.627426,0.3333333333333333,288,0,288,5.715972222222223,0.1582584688346883,1141.9208333333333,Critical,Immediate,Gearbox failure
10,2023-10-11,0.0,34.46229,85.05038,0.9998919,0.7551579,220,100.0,80.85348,0.041666666666666664,94,184,288,7.427083333333333,0.30510806233062326,1325.9638888888887,Critical,Immediate,Gearbox failure
10,2023-10-12,27.793207,75.999435,109.55138,0.9594742,0.41935378,95,84.6,57.779167,180.0,0,288,288,6.519444444444444,0.1864237804878049,824.629861111111,Warning,Immediate,Healthy
10,2023-10-13,8.717086,43.533695,78.09169,0.9800009,0.52068925,145,95.2,75.81702,180.0,0,288,288,5.730555555555556,0.15437093495934956,1248.3743055555556,Warning,Immediate,Healthy
10,2023-10-14,1.8399751,22.082212,42.591003,0.91791886,0.30931923,85,99.0,87.732635,180.0,0,288,288,6.334722222222222,0.21623407859078586,1351.6069444444445,Critical,Immediate,Healthy
10,2023-10-15,7.606601,24.348717,39.644917,0.27008998,0.027476026,0,95.8,86.47414,180.0,0,232,232,10.076724137931036,0.6002973086627418,1551.3422413793105,Warning,Urgent,Healthy
10,2023-10-16,17.116367,24.7161,32.439514,0.8807205,0.5097781,148,90.5,86.26875,180.0,0,288,288,10.14236111111111,0.7188309620596206,1633.2229166666666,Warning,Immediate,Healthy
10,2023-10-17,26.664417,38.783405,59.109894,0.7951634,0.5158278,177,85.2,78.4566,180.0,0,288,288,8.077083333333333,0.4645443766937669,1491.048611111111,Warning,Immediate,Healthy
10,2023-10-18,42.910633,107.874374,180.0,0.48767948,0.08230257,0,76.2,40.069035,180.0,0,106,197,6.5654822335025385,0.2507183360158475,1235.1086294416243,Monitor,Schedule,Healthy
10,2023-10-19,166.25662,173.98741,180.0,0.0064974665,0.002330904,0,7.6,3.3375,180.0,0,0,144,6.091666666666667,0.23628861788617886,1199.5791666666667,Healthy,No Action,Healthy
10,2023-10-20,159.20721,172.2015,180.0,0.005885732,0.0009456781,0,11.6,4.332639,180.0,0,0,144,3.6805555555555554,0.03912771002710026,818.1833333333333,Healthy,No Action,Healthy
10,2023-10-21,157.40277,176.91426,180.0,0.006203858,0.00093220413,0,12.6,1.7131944,180.0,0,0,144,2.9076388888888887,0.024839430894308956,507.4194444444444,Healthy,No Action,Healthy
10,2023-10-22,145.77754,172.9787,180.0,0.00039317305,0.00016099958,0,19.0,3.9006946,180.0,0,0,144,2.9256944444444444,0.012526761517615196,465.56111111111113,Healthy,No Action,Healthy
10,2023-10-23,160.17307,174.70062,180.0,0.00047147652,0.00024151144,0,11.0,2.9479167,180.0,0,0,144,9.23611111111111,0.5974444444444444,1611.4868055555555,Healthy,No Action,Healthy
10,2023-10-24,153.97545,170.59969,180.0,0.00033606784,0.0001589588,0,14.5,5.2243056,180.0,0,0,144,10.083333333333334,0.7286023035230352,1644.8527777777776,Healthy,No Action,Healthy
10,2023-10-25,158.88878,176.05716,180.0,0.00050738116,0.00019174328,0,11.7,2.1930554,180.0,0,0,144,7.711805555555555,0.3764092140921409,1504.4020833333334,Healthy,No Action,Healthy
10,2023-10-26,159.88504,170.27943,180.0,0.0012364938,0.00043491845,0,11.2,5.398611,180.0,0,0,144,9.534027777777778,0.6027571138211383,1596.1930555555555,Healthy,No Action,Healthy
10,2023-10-27,158.54715,173.69167,180.0,0.0013645269,0.00042672883,0,11.9,3.5020833,180.0,0,0,144,7.865277777777777,0.40945020325203246,1503.1805555555557,Healthy,No Action,Healthy
10,2023-10-28,151.64513,171.69916,180.0,0.0016774548,0.00056729163,0,15.8,4.611111,180.0,0,0,144,6.341666666666667,0.3004244579945799,1198.5770833333333,Healthy,No Action,Healthy
10,2023-10-29,159.68704,172.25003,180.0,0.014414045,0.004505887,0,11.3,4.304167,180.0,0,0,144,7.154166666666667,0.33511890243902437,1406.4916666666666,Healthy,No Action,Healthy
10,2023-10-30,132.10371,169.3457,180.0,0.0047484823,0.002149435,0,26.6,5.917361,180.0,0,0,144,4.15,0.05763008130081299,937.1215277777778,Healthy,No Action,Healthy
10,2023-10-31,160.53847,172.4227,180.0,0.003913117,0.0016363568,0,10.8,4.20625,180.0,0,0,144,8.32638888888889,0.46885535230352304,1547.3034722222224,Healthy,No Action,Healthy
10,2023-11-01,177.64842,179.97504,180.0,0.0018930654,0.00081935513,0,1.3,0.013888889,180.0,0,0,144,8.59375,0.5069576558265583,1562.7798611111111,Healthy,No Action,Healthy
10,2023-11-02,173.6676,179.58553,180.0,0.002329063,0.00071296986,0,3.5,0.23055556,180.0,0,0,144,4.845138888888889,0.10400406504065038,1077.3583333333333,Healthy,No Action,Healthy
10,2023-11-03,164.71509,176.20085,180.0,0.0016516855,0.0005216719,0,8.5,2.117361,180.0,0,0,144,4.429166666666666,0.0792642276422764,1033.85,Healthy,No Action,Healthy
10,2023-11-04,160.75049,172.48973,179.9295,0.0013542301,0.0006548804,0,10.7,4.170833,180.0,0,0,144,7.078472222222222,0.33270359078590783,1452.8291666666667,Healthy,No Action,Healthy
10,2023-11-05,165.31303,174.73846,180.0,0.00034137056,9.2384274e-05,0,8.2,2.9236112,180.0,0,0,144,3.3756944444444446,0.026776084010840098,761.8777777777777,Healthy,No Action,Healthy
10,2023-11-06,167.25198,177.74095,180.0,0.00043737984,9.6018724e-05,0,7.1,1.2571428,180.0,0,0,133,4.651879699248121,0.11908490739042728,957.5954887218045,Healthy,No Action,Healthy
10,2023-11-07,164.13184,178.74551,180.0,2.1609181e-05,9.387394e-06,0,8.8,0.70000005,180.0,0,0,144,3.1381944444444443,0.011817073170731716,628.2729166666667,Healthy,No Action,Healthy
10,2023-11-08,158.51804,172.13643,180.0,1.2842604e-05,3.5706596e-06,0,11.9,4.367361,180.0,0,0,144,2.714583333333333,0.005346883468834723,359.45416666666665,Healthy,No Action,Healthy
10,2023-11-09,145.37675,170.46579,180.0,3.2994083e-06,1.5552602e-06,0,19.2,5.297222,180.0,0,0,144,3.4916666666666667,0.050069105691056916,676.8930555555556,Healthy,No Action,Healthy
10,2023-11-10,161.63397,174.50446,180.0,2.811068e-06,1.3396974e-06,0,10.2,3.0506945,180.0,0,0,144,4.875,0.21598407859078594,814.088888888889,Healthy,No Action,Healthy
10,2023-11-11,166.7945,176.25177,180.0,2.647732e-06,1.3206154e-06,0,7.3,2.0784721,180.0,0,0,144,3.4840277777777775,0.018630420054200552,646.3479166666667,Healthy,No Action,Healthy
10,2023-11-12,165.90169,177.24171,180.0,2.6251437e-06,1.4786289e-06,0,7.8,1.5319445,180.0,0,0,144,2.545138888888889,0.009917005420054213,514.4923611111111,Healthy,No Action,Healthy
10,2023-11-13,166.55472,176.23337,180.0,2.3509076e-06,8.073996e-07,0,7.5,2.0944057,180.0,0,0,143,2.651048951048951,0.015632270168855548,455.20909090909095,Healthy,No Action,Healthy
10,2023-11-14,165.1339,177.41225,180.0,1.7733023e-06,8.1971353e-07,0,8.3,1.4381945,180.0,0,0,144,2.4055555555555554,0.013987466124661266,337.09236111111113,Healthy,No Action,Healthy
10,2023-11-15,159.57281,172.74368,180.0,3.3814897e-06,1.436978e-06,0,11.3,4.0305557,180.0,0,0,144,7.942361111111111,0.43372967479674795,1540.1145833333333,Healthy,No Action,Healthy
10,2023-11-16,168.83678,177.17477,180.0,6.7619794e-06,3.0084007e-06,0,6.2,1.5701389,180.0,0,0,144,3.797222222222222,0.05620731707317074,779.7541666666667,Healthy,No Action,Healthy
10,2023-11-17,171.92157,177.72179,180.0,7.400601e-06,4.024793e-06,0,4.5,1.2645833,180.0,0,0,144,5.6930555555555555,0.15254471544715445,1306.163888888889,Healthy,No Action,Healthy
10,2023-11-18,167.43,175.95316,180.0,4.9804007e-06,2.3629934e-06,0,7.0,2.251389,180.0,0,0,144,6.903472222222223,0.26834485094850946,1441.1618055555555,Healthy,No Action,Healthy
10,2023-11-19,161.60585,173.64203,180.0,1.7048307e-05,7.964587e-06,0,10.2,3.532639,180.0,0,0,144,8.683333333333334,0.5356507452574526,1597.1062499999998,Healthy,No Action,Healthy
10,2023-11-20,169.06934,172.11356,174.71793,1.4020655e-05,1.2927344e-05,0,6.1,4.38,180.0,0,0,5,9.9,0.7380780487804878,1661.6,Healthy,No Action,Healthy
11,2022-04-04,166.54771,177.20076,180.0,0.00017173521,3.378802e-05,0,7.5,1.5558139,180.0,0,0,129,9.94186046511628,0.6928235961429381,1534.024031007752,Healthy,No Action,Healthy
11,2022-04-05,160.42195,177.45087,180.0,1.7997623e-05,9.162476e-06,0,10.9,1.4180555,180.0,0,0,144,7.584722222222222,0.40993733062330623,1481.1743055555555,Healthy,No Action,Healthy
11,2022-04-06,180.0,180.0,180.0,8.014507e-05,1.8046057e-05,0,0.0,0.0,180.0,0,0,144,3.395138888888889,0.05539634146341464,610.1534722222223,Healthy,No Action,Healthy
11,2022-04-07,174.75479,179.75482,180.0,2.5279702e-05,5.682895e-06,0,2.9,0.13541667,180.0,0,0,144,3.070138888888889,0.03656504065040651,494.7993055555556,Healthy,No Action,Healthy
11,2022-04-08,175.76099,179.59555,180.0,2.2348739e-05,1.04462515e-05,0,2.4,0.22430556,180.0,0,0,144,4.329861111111111,0.13124864498644986,824.682638888889,Healthy,No Action,Healthy
11,2022-04-09,179.6579,179.99762,180.0,2.9080002e-05,1.4134581e-05,0,0.2,0.0013888889,180.0,0,0,144,3.6597222222222223,0.06024559620596207,602.1034722222222,Healthy,No Action,Healthy
11,2022-04-10,176.42136,179.9634,180.0,0.00019940718,4.196389e-05,0,2.0,0.020833334,180.0,0,0,144,4.414583333333334,0.0959329268292683,895.2534722222222,Healthy,No Action,Healthy
11,2022-04-11,177.4814,179.26994,180.0,0.00032261392,0.000116775125,0,1.4,0.4048611,180.0,0,0,144,5.688194444444445,0.18162059620596202,1253.9034722222223,Healthy,No Action,Healthy
11,2022-04-12,175.02959,179.53827,180.0,3.6507805e-05,2.3944487e-05,0,2.8,0.25625002,180.0,0,0,144,5.7868055555555555,0.20866971544715446,1265.28125,Healthy,No Action,Healthy
11,2022-04-13,178.81084,179.9513,180.0,5.3118525e-05,2.3319308e-05,0,0.7,0.026388891,180.0,0,0,144,4.329861111111111,0.09461686991869918,883.0493055555556,Healthy,No Action,Healthy
11,2022-04-14,174.76802,179.39398,180.0,2.585954e-05,1.4551123e-05,0,2.9,0.33472222,180.0,0,0,144,2.5708333333333333,0.015189363143631448,442.62430555555557,Healthy,No Action,Healthy
11,2022-04-15,174.40665,178.28496,180.0,2.4109691e-05,1.0720909e-05,0,3.1,0.95000005,180.0,0,0,144,4.503472222222222,0.16890345528455286,814.1180555555555,Healthy,No Action,Healthy
11,2022-04-16,172.33737,177.81596,180.0,9.5908785e-05,3.5694397e-05,0,4.3,1.2145833,180.0,0,0,144,6.821527777777778,0.31295088075880756,1420.3090277777778,Healthy,No Action,Healthy
11,2022-04-17,173.97081,178.79797,180.0,4.640115e-05,1.8785388e-05,0,3.3,0.66597223,180.0,0,0,144,4.848611111111111,0.10202303523035228,1094.3368055555557,Healthy,No Action,Healthy
11,2022-04-18,176.23866,179.53441,180.0,5.7536483e-05,1.618974e-05,0,2.1,0.25833333,180.0,0,0,144,7.5062500000000005,0.46307181571815714,1086.521527777778,Healthy,No Action,Healthy
11,2022-04-19,171.77481,177.92352,180.0,1.9832933e-05,7.568469e-06,0,4.6,1.1527778,180.0,0,0,144,7.975694444444445,0.48645901084010845,1311.6694444444445,Healthy,No Action,Healthy
11,2022-04-20,178.59071,179.97841,180.0,4.8020365e-06,1.815036e-06,0,0.8,0.011805556,180.0,0,0,144,4.984722222222222,0.15773272357723578,1009.8479166666667,Healthy,No Action,Healthy
11,2022-04-21,180.0,180.0,180.0,2.8012973e-06,1.11944e-06,0,0.0,0.0,180.0,0,0,144,2.821527777777778,0.013658197831978348,390.0638888888889,Healthy,No Action,Healthy
11,2022-04-22,176.2516,179.41974,180.0,6.7782235e-06,1.8352576e-06,0,2.1,0.32222223,180.0,0,0,144,2.7083333333333335,0.013365853658536604,434.38680555555555,Healthy,No Action,Healthy
11,2022-04-23,174.09608,178.85983,180.0,3.359869e-06,1.6130931e-06,0,3.3,0.6326389,180.0,0,0,144,3.021527777777778,0.04151693766937671,515.7645833333333,Healthy,No Action,Healthy
11,2022-04-24,172.42079,177.66315,180.0,3.4677787e-06,9.948592e-07,0,4.2,1.3006945,180.0,0,0,144,4.002777777777777,0.10095088075880759,777.9284722222222,Healthy,No Action,Healthy
11,2022-04-25,176.5238,179.57388,180.0,8.78628e-07,2.654084e-07,0,1.9,0.23541668,180.0,0,0,144,5.189583333333333,0.15791090785907858,1043.9555555555555,Healthy,No Action,Healthy
11,2022-04-26,176.65913,179.65155,180.0,3.9742042e-07,2.3614325e-07,0,1.9,0.19305556,180.0,0,0,144,4.666666666666667,0.08711314363143628,1074.5395833333334,Healthy,No Action,Healthy
11,2022-04-27,179.87692,179.99915,180.0,3.001999e-07,1.4834829e-07,0,0.1,0.00069444446,180.0,0,0,144,3.2583333333333333,0.04315819783197832,579.6666666666666,Healthy,No Action,Healthy
11,2022-04-28,179.65321,179.99301,180.0,3.6445496e-07,2.035545e-07,0,0.2,0.004166667,180.0,0,0,144,3.7409722222222226,0.05180182926829267,742.4173611111112,Healthy,No Action,Healthy
11,2022-04-29,178.50482,179.98926,180.0,6.7076604e-07,3.0610576e-07,0,0.8,0.0055555557,180.0,0,0,144,7.644444444444444,0.5106280487804878,1220.4979166666667,Healthy,No Action,Healthy
11,2022-04-30,178.8107,179.97186,180.0,1.8378645e-06,7.9664505e-07,0,0.7,0.015972221,180.0,0,0,144,4.793055555555556,0.11725338753387532,1023.9625000000001,Healthy,No Action,Healthy
11,2022-05-01,176.83365,179.89473,180.0,1.651217e-06,7.776423e-07,0,1.8,0.05833333,180.0,0,0,144,7.359027777777778,0.4032493224932249,1343.7354166666667,Healthy,No Action,Healthy
11,2022-05-02,177.51009,179.97745,180.0,1.5089994e-06,3.9612303e-07,0,1.4,0.012499999,180.0,0,0,144,11.98125,0.8662638888888889,1636.9743055555555,Healthy,No Action,Healthy
11,2022-05-03,180.0,180.0,180.0,6.7925174e-07,2.410223e-07,0,0.0,0.0,180.0,0,0,144,13.597916666666666,0.916295054200542,1624.5152777777778,Healthy,No Action,Healthy
11,2022-05-04,176.14285,179.47217,180.0,2.9895824e-07,1.2510515e-07,0,2.1,0.29375,180.0,0,0,144,11.165972222222223,0.7888753387533876,1622.9951388888887,Healthy,No Action,Healthy
11,2022-05-05,174.38419,179.36124,180.0,7.1834125e-07,3.3841818e-07,0,3.1,0.35625,180.0,0,0,144,8.252083333333333,0.495369918699187,1505.0298611111111,Healthy,No Action,Healthy
11,2022-05-06,174.84328,179.11333,180.0,9.502254e-07,5.3920616e-07,0,2.9,0.49236113,180.0,0,0,144,5.666666666666667,0.17529539295392949,1266.0048611111113,Healthy,No Action,Healthy
11,2022-05-07,173.29272,178.14153,180.0,1.4951944e-06,6.451733e-07,0,3.7,1.0333333,180.0,0,0,144,4.035416666666666,0.04867953929539293,954.8715277777778,Healthy,No Action,Healthy
11,2022-05-08,171.43805,178.66959,180.0,1.4275017e-06,4.936802e-07,0,4.8,0.73749995,180.0,0,0,144,8.95,0.5574596883468835,1540.2333333333333,Healthy,No Action,Healthy
11,2022-05-09,179.3334,179.97955,180.0,7.422657e-07,3.6100903e-07,0,0.4,0.011805556,180.0,0,0,144,7.276388888888889,0.36621985094850945,1401.117361111111,Healthy,No Action,Healthy
11,2022-05-10,177.46378,179.8273,180.0,3.9814157e-07,1.2789397e-07,0,1.4,0.09583333,180.0,0,0,144,6.517361111111111,0.25105047425474253,1333.2722222222224,Healthy,No Action,Healthy
11,2022-05-11,180.0,180.0,180.0,4.833067e-07,2.098305e-07,0,0.0,0.0,180.0,0,0,144,6.924305555555556,0.3374051490514905,1399.0208333333333,Healthy,No Action,Healthy
11,2022-05-12,176.92213,179.78514,180.0,7.455291e-07,3.96852e-07,0,1.7,0.11944445,180.0,0,0,144,8.082638888888889,0.44995596205962063,1512.5583333333334,Healthy,No Action,Healthy
11,2022-05-13,180.0,180.0,180.0,6.486288e-07,3.1133465e-07,0,0.0,0.0,180.0,0,0,144,7.018750000000001,0.31803929539295395,1400.6444444444444,Healthy,No Action,Healthy
11,2022-05-14,180.0,180.0,180.0,4.4205328e-07,1.4825085e-07,0,0.0,0.0,180.0,0,0,144,4.521527777777778,0.08496070460704605,947.4409722222222,Healthy,No Action,Healthy
11,2022-05-15,178.45409,179.97722,180.0,3.4683563e-07,1.3565605e-07,0,0.9,0.013194445,180.0,0,0,144,3.223611111111111,0.06330453929539298,554.8326388888888,Healthy,No Action,Healthy
11,2022-05-16,176.56573,179.57683,180.0,6.977724e-07,2.9546112e-07,0,1.9,0.2361111,180.0,0,0,144,2.682638888888889,0.007776422764227671,360.6645833333333,Healthy,No Action,Healthy
11,2022-05-17,177.2659,179.67839,180.0,6.544896e-07,3.7539743e-07,0,1.5,0.17708333,180.0,0,0,144,8.044444444444444,0.45951321138211376,1487.5743055555556,Healthy,No Action,Healthy
11,2022-05-18,178.24213,179.9643,180.0,8.3945605e-07,3.4915996e-07,0,1.0,0.02013889,180.0,0,0,144,5.478472222222222,0.1889203929539295,1123.6576388888889,Healthy,No Action,Healthy
11,2022-05-19,175.37776,179.34242,180.0,4.453279e-07,2.2613716e-07,0,2.6,0.36666667,180.0,0,0,144,3.086111111111111,0.03382554200542007,549.4854166666667,Healthy,No Action,Healthy
11,2022-05-20,174.89944,179.36836,180.0,4.4502863e-07,1.8282887e-07,0,2.8,0.3487395,180.0,0,0,119,6.594117647058824,0.34351178520188563,1171.872268907563,Healthy,No Action,Healthy
11,2022-05-21,172.38019,178.4233,180.0,7.348631e-07,3.7060266e-07,0,4.2,0.87361115,180.0,0,0,144,7.447916666666667,0.37230657181571813,1406.865277777778,Healthy,No Action,Healthy
11,2022-05-22,169.93645,175.77614,180.0,1.06501e-06,4.211389e-07,0,5.6,2.3465278,180.0,0,0,144,4.484027777777778,0.08537940379403793,959.4923611111111,Healthy,No Action,Healthy
11,2022-05-23,166.88899,176.41501,180.0,3.376002e-06,1.0519524e-06,0,7.3,1.9890687,180.0,0,0,247,5.596356275303643,0.24680438431914684,973.2161943319837,Healthy,No Action,Healthy
11,2022-05-24,172.9927,177.57591,180.0,5.9294794e-06,1.8590849e-06,0,3.9,1.346875,180.0,0,0,288,5.331250000000001,0.14113516260162598,1195.4243055555555,Healthy,No Action,Healthy
11,2022-05-25,173.53476,179.52963,180.0,4.8807888e-06,1.4796082e-06,0,3.6,0.2611111,180.0,0,0,288,4.675694444444444,0.08906504065040649,1038.1409722222222,Healthy,No Action,Healthy
11,2022-05-26,175.26689,179.66104,180.0,3.559262e-06,1.5169009e-06,0,2.6,0.18784721,180.0,0,0,288,4.031944444444445,0.07019478319783197,766.0652777777777,Healthy,No Action,Healthy
11,2022-05-27,172.17793,179.04303,180.0,4.18936e-06,2.0750556e-06,0,4.3,0.53333336,180.0,0,0,288,3.6416666666666666,0.05736077235772357,718.4465277777778,Healthy,No Action,Healthy
11,2022-05-28,171.75754,178.58994,180.0,4.4142066e-06,1.6970791e-06,0,4.6,0.78194445,180.0,0,0,288,6.428472222222222,0.3460098238482385,1042.4652777777778,Healthy,No Action,Healthy
11,2022-05-29,173.2735,178.06912,180.0,6.5676013e-06,1.4315293e-06,0,3.7,1.0718751,180.0,0,0,288,4.636805555555556,0.11741429539295394,889.7263888888889,Healthy,No Action,Healthy
11,2022-05-30,172.63956,178.11522,180.0,6.807135e-06,2.2318595e-06,0,4.1,1.0465277,180.0,0,0,288,4.550000000000001,0.13649525745257451,864.7673611111111,Healthy,No Action,Healthy
11,2022-05-31,170.93217,178.31201,180.0,1.26182285e-05,2.8988486e-06,0,5.0,0.93958336,180.0,0,0,288,3.640972222222222,0.040556571815718166,650.2361111111111,Healthy,No Action,Healthy
11,2022-06-01,171.88867,178.75848,180.0,3.2127347e-05,1.5585123e-05,0,4.5,0.68819445,180.0,0,0,288,7.566666666666666,0.3826476964769647,1466.9222222222222,Healthy,No Action,Healthy
11,2022-06-02,167.87267,177.99014,180.0,1.9696807e-05,5.856842e-06,0,6.7,1.1156249,180.0,0,0,288,5.75,0.1694491869918699,1222.0131944444445,Healthy,No Action,Healthy
11,2022-06-03,165.27095,174.19864,180.0,8.86946e-06,2.476134e-06,0,8.2,3.2253473,180.0,0,0,288,5.856249999999999,0.1942964092140921,1231.8034722222224,Healthy,No Action,Healthy
11,2022-06-04,166.15623,177.88344,180.0,2.030837e-06,7.417267e-07,0,7.7,1.1767361,180.0,0,0,288,5.496527777777778,0.14888990514905145,1203.7534722222222,Healthy,No Action,Healthy
11,2022-06-05,176.95432,179.77275,180.0,7.08691e-06,2.175009e-06,0,1.7,0.12638889,180.0,0,0,288,3.3631944444444444,0.06323238482384824,599.911111111111,Healthy,No Action,Healthy
11,2022-06-06,172.09996,178.60338,180.0,0.005046398,0.00044576736,0,4.4,0.7767361,180.0,0,0,288,3.4055555555555554,0.033245257452574534,639.786111111111,Healthy,No Action,Healthy
11,2022-06-07,168.39532,176.79414,180.0,0.0053351778,0.0015972104,0,6.4,1.7819445,180.0,0,0,288,9.471527777777778,0.45852879403794033,1226.2611111111112,Healthy,No Action,Healthy
11,2022-06-08,166.81506,177.32793,180.0,0.00015618373,2.7365131e-05,0,7.3,1.4847223,180.0,0,0,288,9.963194444444445,0.6206131436314364,1563.3736111111111,Healthy,No Action,Healthy
11,2022-06-09,162.53542,176.54984,180.0,0.00027528277,5.379208e-05,0,9.7,1.9170138,180.0,0,0,288,3.796527777777778,0.035537601626016255,791.8868055555555,Healthy,No Action,Healthy
11,2022-06-10,169.70972,176.05174,180.0,0.00041923864,0.00012388831,0,5.7,2.1940973,180.0,0,0,288,5.386805555555556,0.14788550135501352,1234.7201388888889,Healthy,No Action,Healthy
11,2022-06-11,166.07855,178.27281,180.0,0.0027129177,0.00085012196,0,7.7,0.95590276,180.0,0,0,288,3.9791666666666665,0.06421646341463413,831.2625,Healthy,No Action,Healthy
11,2022-06-12,168.46652,174.56007,180.0,0.0011270618,0.00039971678,0,6.4,3.023264,180.0,0,0,288,3.41875,0.042270325203252045,607.8993055555555,Healthy,No Action,Healthy
11,2022-06-13,168.08167,178.4725,180.0,0.004310988,0.00044490304,0,6.6,0.8489583,180.0,0,0,288,4.058333333333334,0.12101456639566398,701.6104166666667,Healthy,No Action,Healthy
11,2022-06-14,179.28792,179.99522,180.0,6.975812e-05,2.4699855e-05,0,0.4,0.0024305554,180.0,0,0,288,5.884722222222222,0.18136077235772355,1285.0333333333333,Healthy,No Action,Healthy
11,2022-06-15,175.38979,179.82524,180.0,1.3461441e-05,3.4586524e-06,0,2.6,0.097222224,180.0,0,0,288,8.523611111111112,0.497819783197832,1523.6534722222223,Healthy,No Action,Healthy
11,2022-06-16,174.73611,179.60886,180.0,5.1763914e-06,2.4015783e-06,0,2.9,0.21597223,180.0,0,0,288,6.881944444444445,0.30085907859078587,1368.3694444444445,Healthy,No Action,Healthy
11,2022-06-17,176.85321,179.93434,180.0,4.4415788e-06,8.412943e-07,0,1.7,0.03611111,180.0,0,0,288,3.5888888888888886,0.05742784552845529,693.6465277777778,Healthy,No Action,Healthy
11,2022-06-18,180.0,180.0,180.0,8.965976e-06,3.0922772e-06,0,0.0,0.0,180.0,0,0,284,3.9457746478873235,0.09898282377189972,626.5535211267606,Healthy,No Action,Healthy
11,2022-06-19,180.0,180.0,180.0,7.800601e-06,3.429074e-06,0,0.0,0.0,180.0,0,0,288,6.383333333333334,0.3084762872628726,1152.8375,Healthy,No Action,Healthy
11,2022-06-20,178.0202,179.93346,180.0,4.617616e-05,1.388055e-05,0,1.1,0.037847225,180.0,0,0,288,7.140277777777778,0.3486141598915989,1272.107638888889,Healthy,No Action,Healthy
11,2022-06-21,172.725,179.57089,180.0,1.7144746e-05,4.7265326e-06,0,4.0,0.23750001,180.0,0,0,288,12.14375,0.7311185636856369,1589.0833333333333,Healthy,No Action,Healthy
11,2022-06-22,172.8523,178.53885,180.0,1.7797296e-05,4.8452075e-06,0,4.0,0.8125,180.0,0,0,288,10.827777777777778,0.7624542682926829,1601.851388888889,Healthy,No Action,Healthy
11,2022-06-23,175.82768,179.44075,180.0,1.1121141e-05,5.95308e-06,0,2.3,0.309375,180.0,0,0,288,7.14513888888889,0.302859756097561,1441.334027777778,Healthy,No Action,Healthy
11,2022-06-24,175.82413,179.62764,180.0,5.1026775e-05,1.1798347e-05,0,2.3,0.20555556,180.0,0,0,288,5.060416666666667,0.10853353658536584,1134.445138888889,Healthy,No Action,Healthy
11,2022-06-25,173.40022,179.55016,180.0,8.058462e-06,1.4244993e-06,0,3.7,0.25034723,180.0,0,0,288,3.714583333333333,0.06798204607046071,657.3444444444444,Healthy,No Action,Healthy
11,2022-06-26,180.0,180.0,180.0,8.763025e-05,2.7335094e-05,0,0.0,0.0,180.0,0,0,288,3.9194444444444443,0.04367852303523035,859.4972222222223,Healthy,No Action,Healthy
11,2022-06-27,172.4567,179.6236,180.0,7.951211e-05,3.2011092e-05,0,4.2,0.21041666,180.0,0,0,288,8.261111111111111,0.5157642276422765,1037.2444444444445,Healthy,No Action,Healthy
11,2022-06-28,168.64009,178.843,180.0,1.4331939e-05,3.927973e-06,0,6.3,0.64305556,180.0,0,0,288,8.372222222222222,0.45701016260162597,1501.6229166666667,Healthy,No Action,Healthy
11,2022-06-29,167.91083,177.56117,180.0,3.5179946e-05,4.383432e-06,0,6.7,1.3545139,180.0,0,0,288,4.313194444444445,0.08851117886178862,806.4277777777778,Healthy,No Action,Healthy
11,2022-06-30,173.9249,179.17438,180.0,0.0001921148,3.7589423e-05,0,3.4,0.45868057,180.0,0,0,288,3.7395833333333335,0.038816395663956636,795.8097222222223,Healthy,No Action,Healthy
11,2022-07-01,160.60826,169.0079,178.35265,0.004125263,0.0005373659,0,10.8,6.1055555,180.0,0,0,288,3.8041666666666663,0.049703929539295394,759.3833333333333,Healthy,No Action,Healthy
11,2022-07-02,168.83244,176.54094,180.0,0.003042658,0.0004059816,0,6.2,1.9215279,180.0,0,0,288,3.926388888888889,0.09831097560975612,634.8583333333333,Healthy,No Action,Healthy
11,2022-07-03,175.28862,179.76562,180.0,0.0011936385,0.0002748131,0,2.6,0.13090278,180.0,0,0,288,9.325,0.4932943766937669,1287.225,Healthy,No Action,Healthy
11,2022-07-04,179.52914,179.9983,180.0,0.0012410051,0.0001704726,0,0.3,0.0010416667,180.0,0,0,288,4.617361111111111,0.07235704607046071,833.4847222222222,Healthy,No Action,Healthy
11,2022-07-05,175.41408,179.89917,180.0,0.0001629064,3.35694e-05,0,2.5,0.055555556,180.0,0,0,288,3.0027777777777778,0.03875745257452576,572.7361111111111,Healthy,No Action,Healthy
11,2022-07-06,160.87732,174.46167,180.0,0.0019091499,0.00021328095,0,10.6,3.0770833,180.0,0,0,288,4.525,0.1403709349593496,846.4006944444444,Healthy,No Action,Healthy
11,2022-07-07,150.99165,175.45082,180.0,0.001668343,0.000473705,0,16.1,2.53125,180.0,0,0,288,3.4347222222222222,0.04065277777777779,668.8291666666667,Healthy,No Action,Healthy
11,2022-07-08,162.36014,178.41052,180.0,0.003539596,0.001168275,0,9.8,0.8826389,180.0,0,0,288,3.7180555555555554,0.03349051490514906,736.5854166666667,Healthy,No Action,Healthy
11,2022-07-09,165.06633,177.83078,180.0,0.006073785,0.0020872012,0,8.3,1.2052083,180.0,0,0,288,8.780555555555557,0.530559620596206,1423.6048611111112,Healthy,No Action,Healthy
11,2022-07-10,163.95908,176.31873,180.0,0.00022598468,5.0233622e-05,0,8.9,2.0461805,180.0,0,0,288,9.03263888888889,0.35769613821138213,1187.2173611111111,Healthy,No Action,Healthy
11,2022-07-11,163.87332,174.65184,180.0,0.00025380045,8.40794e-05,0,9.0,2.9718752,180.0,0,0,288,4.311805555555555,0.07951659891598915,867.5659722222222,Healthy,No Action,Healthy
11,2022-07-12,170.8385,179.53477,180.0,0.0005384512,0.00013456744,0,5.1,0.25763887,180.0,0,0,288,4.260416666666667,0.10756741192411927,726.48125,Healthy,No Action,Healthy
11,2022-07-13,162.64513,175.93527,180.0,0.00082336646,0.00012557149,0,9.6,2.257639,180.0,0,0,288,2.9631944444444445,0.03712432249322495,550.4652777777778,Healthy,No Action,Healthy
11,2022-07-14,167.56552,177.34607,180.0,0.0005654457,6.500274e-05,0,6.9,1.4725695,180.0,0,0,288,12.349305555555555,0.810154810298103,1551.4965277777778,Healthy,No Action,Healthy
11,2022-07-15,170.82043,179.4386,180.0,1.0601798e-05,2.3601365e-06,0,5.1,0.31284723,180.0,0,0,288,14.506944444444445,0.5731270325203252,1080.6069444444445,Healthy,No Action,Healthy
11,2022-07-16,174.71777,179.37628,180.0,2.1244205e-05,3.6553258e-06,0,2.9,0.34930554,180.0,0,0,288,16.51111111111111,0.747194783197832,1294.6208333333334,Healthy,No Action,Healthy
11,2022-07-17,171.31705,178.37712,180.0,6.1866385e-06,1.8994205e-06,0,4.8,0.90173614,180.0,0,0,288,15.431249999999999,0.45583401084010844,829.8201388888889,Healthy,No Action,Healthy
11,2022-07-18,166.47581,179.43404,180.0,0.00088666106,0.00022287511,0,7.5,0.31493056,180.0,0,0,288,11.40486111111111,0.012624661246612507,82.89513888888888,Healthy,No Action,Healthy
11,2022-07-19,167.93097,177.40982,180.0,0.0016167469,0.0003387791,0,6.7,1.4395106,180.0,0,0,286,10.416083916083917,0.26617329012450963,769.4993006993006,Healthy,No Action,Healthy
11,2022-07-20,170.23375,178.6255,180.0,0.0009574057,0.0002661162,0,5.4,0.76382977,180.0,0,0,282,5.267375886524823,0.1347683791731534,1034.1787234042554,Healthy,No Action,Healthy
11,2022-07-21,162.72069,177.62311,180.0,0.0030703524,0.00034807035,0,9.6,1.3187499,180.0,0,0,288,3.867361111111111,0.08016565040650409,693.2069444444445,Healthy,No Action,Healthy
11,2022-07-22,167.9943,177.85477,180.0,0.002042166,0.00024531904,0,6.7,1.1909722,180.0,0,0,288,4.188194444444445,0.10414735772357725,809.2111111111111,Healthy,No Action,Healthy
11,2022-07-23,161.46007,173.07468,180.0,0.0057325563,0.0017689081,0,10.3,3.848611,180.0,0,0,288,6.279166666666667,0.28749728997289975,1105.1201388888887,Healthy,No Action,Healthy
11,2022-07-24,164.16579,177.50153,180.0,0.004609896,0.00089439325,0,8.8,1.3899305,180.0,0,0,288,13.966666666666667,0.7087879403794038,1290.9888888888888,Healthy,No Action,Healthy
11,2022-07-25,170.03885,177.77538,180.0,0.000873515,0.00027760898,0,5.5,1.234375,180.0,0,0,288,13.190277777777778,0.701120596205962,1403.7395833333333,Healthy,No Action,Healthy
11,2022-07-26,169.20314,177.28922,180.0,3.405173e-05,1.0388755e-05,0,6.0,1.5079861,180.0,0,0,288,9.220833333333333,0.5400813008130082,1370.93125,Healthy,No Action,Healthy
11,2022-07-27,169.06665,176.38745,180.0,0.00086277915,6.948913e-05,0,6.1,2.0052083,180.0,0,0,288,3.3194444444444446,0.03407079945799459,660.0291666666667,Healthy,No Action,Healthy
11,2022-07-28,165.89911,175.86595,180.0,0.0020635475,0.00026134672,0,7.8,2.2980115,180.0,0,0,352,4.6625000000000005,0.13428298226164082,795.56875,Healthy,No Action,Healthy
11,2022-07-29,162.15178,173.82014,180.0,0.0004238415,9.1571565e-05,0,9.9,3.4319444,180.0,0,0,432,6.290277777777778,0.21215074525745253,1356.9319444444443,Healthy,No Action,Healthy
11,2022-07-30,170.8305,179.13173,180.0,0.00013032887,2.367144e-05,0,5.1,0.4824074,180.0,0,0,432,3.394444444444445,0.03523509485094853,614.0034722222222,Healthy,No Action,Healthy
11,2022-07-31,164.3142,177.70193,180.0,5.4448694e-05,1.0924546e-05,0,8.7,1.274537,180.0,0,0,432,3.6798611111111112,0.05051964769647697,711.8305555555555,Healthy,No Action,Healthy
11,2022-08-01,166.74713,175.51723,180.0,8.711809e-05,1.0773966e-05,0,7.4,2.4891205,180.0,0,0,432,2.943055555555556,0.04906910569105694,495.0340277777778,Healthy,No Action,Healthy
11,2022-08-02,161.29826,176.63808,180.0,0.00025682908,6.1899074e-05,0,10.4,1.8678241,180.0,0,0,432,5.465972222222223,0.16527540650406503,1125.9083333333333,Healthy,No Action,Healthy
11,2022-08-03,166.48627,177.69621,180.0,4.40793e-05,5.7928355e-06,0,7.5,1.2789173,180.0,0,0,351,3.841025641025641,0.04027141963727329,756.5880341880343,Healthy,No Action,Healthy
11,2022-08-04,166.77748,177.67918,180.0,9.7552205e-05,1.513345e-05,0,7.3,1.2895833,180.0,0,0,432,3.5638888888888887,0.05808502710027102,645.6805555555555,Healthy,No Action,Healthy
11,2022-08-05,173.59406,179.23766,180.0,8.504882e-05,1.8631916e-05,0,3.6,0.4236111,180.0,0,0,432,3.4555555555555553,0.04104810298102982,604.9868055555555,Healthy,No Action,Healthy
11,2022-08-06,152.94417,173.6653,180.0,0.00017299117,2.288324e-05,0,15.0,3.51875,180.0,0,0,432,12.49236111111111,0.6741392276422764,1340.713888888889,Healthy,No Action,Healthy
11,2022-08-07,172.97862,178.78944,180.0,1.0412758e-05,2.5569043e-06,0,3.9,0.6736111,180.0,0,0,432,12.95347222222222,0.7112676151761518,1364.5513888888888,Healthy,No Action,Healthy
11,2022-08-08,175.286,179.14192,180.0,5.316381e-06,1.5938589e-06,0,2.6,0.4763889,180.0,0,0,432,13.790972222222221,0.6770084688346883,1248.1138888888888,Healthy,No Action,Healthy
11,2022-08-09,171.59482,178.34055,180.0,6.601082e-06,2.7411909e-06,0,4.7,0.9243055,180.0,0,0,432,8.827083333333334,0.5069495257452574,1546.8284722222222,Healthy,No Action,Healthy
11,2022-08-10,164.21173,174.41399,180.0,2.0068243e-05,6.037486e-06,0,8.8,3.1046295,180.0,0,0,432,8.947916666666666,0.5397296747967479,1365.9569444444444,Healthy,No Action,Healthy
11,2022-08-11,169.003,176.1491,180.0,4.597e-06,1.1169313e-06,0,6.1,2.1407406,180.0,0,0,432,12.831944444444444,0.6674098915989161,1326.9944444444443,Healthy,No Action,Healthy
11,2022-08-12,170.58084,179.09824,180.0,7.208205e-06,2.439848e-06,0,5.2,0.50162035,180.0,0,0,432,14.740972222222224,0.5829640921409214,1097.4451388888888,Healthy,No Action,Healthy
11,2022-08-13,172.45296,179.20349,180.0,1.5940115e-05,5.2879072e-06,0,4.2,0.44328704,180.0,0,0,432,13.244444444444445,0.6374010840108402,1242.25,Healthy,No Action,Healthy
11,2022-08-14,170.11209,178.86862,180.0,2.9108192e-05,1.048413e-05,0,5.5,0.6275463,180.0,0,0,432,12.603472222222221,0.6736876693766938,1247.1729166666667,Healthy,No Action,Healthy
11,2022-08-15,174.7481,179.03746,180.0,2.9099616e-05,8.105896e-06,0,2.9,0.5347222,180.0,0,0,432,8.766666666666666,0.4914319105691057,1505.0611111111111,Healthy,No Action,Healthy
11,2022-08-16,170.55379,177.68573,180.0,7.2155875e-05,1.5553142e-05,0,5.2,1.2858796,180.0,0,0,432,4.010416666666667,0.04256876693766937,855.1895833333334,Healthy,No Action,Healthy
11,2022-08-17,162.84918,174.85504,180.0,0.00084410654,0.00011636616,0,9.5,2.8578703,180.0,0,0,432,3.8756944444444446,0.07172222222222221,733.88125,Healthy,No Action,Healthy
11,2022-08-18,163.3019,173.70468,180.0,0.0026333104,0.0007525367,0,9.3,3.4986112,180.0,0,0,432,3.60625,0.06957046070460705,649.8291666666667,Healthy,No Action,Healthy
11,2022-08-19,168.97427,174.77048,180.0,0.0026227965,0.0004980093,0,6.1,2.9041667,180.0,0,0,432,3.925694444444445,0.06634959349593497,677.3680555555555,Healthy,No Action,Healthy
11,2022-08-20,167.28816,178.07756,180.0,0.00096502923,0.00016240512,0,7.1,1.0668981,180.0,0,0,432,3.901388888888889,0.09520630081300815,656.4479166666666,Healthy,No Action,Healthy
11,2022-08-21,159.61365,174.98386,180.0,0.0022687141,0.00057852786,0,11.3,2.787963,180.0,0,0,432,6.688888888888889,0.3962516937669377,948.1131944444445,Healthy,No Action,Healthy
11,2022-08-22,169.7883,179.03249,180.0,9.945793e-05,1.8816649e-05,0,5.7,0.5384259,180.0,0,0,432,12.17361111111111,0.48198238482384825,1235.5638888888889,Healthy,No Action,Healthy
11,2022-08-23,173.38754,179.63147,180.0,3.6155758e-05,7.643114e-06,0,3.7,0.2048611,180.0,0,0,432,13.23402777777778,0.6468387533875338,1289.179861111111,Healthy,No Action,Healthy
11,2022-08-24,175.761,179.88701,180.0,8.9023815e-06,2.327992e-06,0,2.4,0.062962964,180.0,0,0,432,12.786111111111111,0.47136686991869925,1001.5034722222222,Healthy,No Action,Healthy
11,2022-08-25,174.48055,179.39795,180.0,8.101165e-06,3.721502e-06,0,3.1,0.33356482,180.0,0,0,432,12.442361111111111,0.5974989837398375,1126.7027777777778,Healthy,No Action,Healthy
11,2022-08-26,173.4742,179.45476,180.0,1.6659425e-05,6.9021307e-06,0,3.6,0.3013889,180.0,0,0,432,11.572916666666666,0.6123573848238482,1249.2930555555556,Healthy,No Action,Healthy
11,2022-08-27,169.63512,178.78957,180.0,3.1319072e-05,6.3515854e-06,0,5.8,0.6731481,180.0,0,0,432,7.260416666666667,0.3157876016260162,1467.0555555555557,Healthy,No Action,Healthy
11,2022-08-28,163.85149,176.16995,180.0,4.3607142e-05,7.3045658e-06,0,9.0,2.1300926,180.0,0,0,432,3.9645833333333336,0.0711260162601626,745.2708333333334,Healthy,No Action,Healthy
11,2022-08-29,168.33498,178.40533,180.0,1.0784752e-05,3.4064244e-06,0,6.5,0.8854167,180.0,0,0,432,3.2347222222222225,0.03853455284552846,579.0673611111112,Healthy,No Action,Healthy
11,2022-08-30,167.39374,179.61917,180.0,0.00020726697,2.4541592e-05,0,7.0,0.21157408,180.0,0,0,216,2.2333333333333334,-0.0017947154471544334,174.98055555555558,Healthy,No Action,Healthy
11,2022-08-31,171.85184,179.18315,180.0,0.00042947917,0.00011753946,0,4.5,0.45223883,180.0,0,0,201,3.1283582089552238,0.017417546414270135,477.84776119402983,Healthy,No Action,Healthy
11,2022-09-01,163.89188,177.49237,180.0,0.000119178716,1.7820968e-05,0,8.9,1.3921297,180.0,0,0,432,9.76736111111111,0.6176429539295393,1545.1375,Healthy,No Action,Healthy
11,2022-09-02,163.87337,175.04074,180.0,4.0521823e-05,8.393871e-06,0,9.0,2.7557871,180.0,0,0,432,8.424305555555556,0.4735921409214092,1522.3458333333333,Healthy,No Action,Healthy
11,2022-09-03,169.51027,178.33632,180.0,1.773659e-05,2.7788094e-06,0,5.8,0.9243432,180.0,0,0,571,10.390893169877408,0.5824936995429499,1540.9343257443081,Healthy,No Action,Healthy
11,2022-09-04,169.43059,178.0065,180.0,2.815119e-06,1.1415719e-06,0,5.9,1.1072917,180.0,0,0,576,8.536111111111111,0.46278523035230346,1527.8756944444444,Healthy,No Action,Healthy
11,2022-09-05,168.30545,178.2767,180.0,1.6624621e-05,2.8620866e-06,0,6.5,0.9567708,180.0,0,0,576,6.239583333333333,0.1573390921409214,1083.5256944444445,Healthy,No Action,Healthy
11,2022-09-06,166.21922,176.96391,180.0,0.000542984,2.5876043e-05,0,7.7,1.6863096,180.0,0,0,504,2.965873015873016,0.005463801780874969,490.72857142857146,Healthy,No Action,Healthy
11,2022-09-07,166.13701,176.8293,180.0,0.003087136,0.0005055082,0,7.7,1.7625,180.0,0,0,576,3.447222222222222,0.03349220867208672,650.3569444444444,Healthy,No Action,Healthy
11,2022-09-08,168.81381,176.98703,180.0,0.0020439366,0.0005266054,0,6.2,1.6751736,180.0,0,0,576,4.104861111111111,0.062402100271002715,793.6854166666667,Healthy,No Action,Healthy
11,2022-09-09,174.42429,179.55573,180.0,0.0010971104,0.00025269843,0,3.1,0.24704862,180.0,0,0,576,3.461111111111111,0.03956537940379404,679.8673611111111,Healthy,No Action,Healthy
11,2022-09-10,171.42743,179.47385,180.0,0.00094169634,8.013817e-05,0,4.8,0.29149306,180.0,0,0,576,3.6666666666666665,0.05696917344173443,651.057638888889,Healthy,No Action,Healthy
11,2022-09-11,171.83592,178.25691,180.0,7.118796e-05,8.846219e-06,0,4.5,0.96892357,180.0,0,0,576,4.872222222222223,0.13220257452574524,898.0979166666667,Healthy,No Action,Healthy
11,2022-09-12,171.40181,178.29591,180.0,2.2157743e-05,4.604275e-06,0,4.8,0.9465278,180.0,0,0,576,6.478472222222222,0.25088008130081296,1355.5326388888889,Healthy,No Action,Healthy
11,2022-09-13,169.61703,178.6648,180.0,7.996201e-06,2.1917106e-06,0,5.8,0.7421875,180.0,0,0,576,6.052777777777778,0.2176622628726287,1306.7034722222222,Healthy,No Action,Healthy
11,2022-09-14,177.62141,179.74805,180.0,9.4028144e-07,3.2648484e-07,0,1.3,0.14045139,180.0,0,0,576,5.560416666666667,0.17398983739837398,1232.5590277777778,Healthy,No Action,Healthy
11,2022-09-15,172.24072,177.28923,180.0,9.653949e-06,2.4018095e-06,0,4.3,1.5052084,180.0,0,0,576,4.030555555555555,0.08900474254742548,699.425,Healthy,No Action,Healthy
11,2022-09-16,167.00734,175.04472,180.0,7.973204e-06,2.4400897e-06,0,7.2,2.7529514,180.0,0,0,576,2.879861111111111,0.03229471544715448,499.15486111111113,Healthy,No Action,Healthy
11,2022-09-17,164.1823,174.7039,180.0,5.196371e-05,7.3648803e-06,0,8.8,2.9416666,180.0,0,0,576,7.8187500000000005,0.41633604336043356,1460.4194444444445,Healthy,No Action,Healthy
11,2022-09-18,173.03795,178.88867,180.0,2.1103264e-05,4.489456e-06,0,3.9,0.61684024,180.0,0,0,576,4.479861111111111,0.06335636856368561,1061.6875,Healthy,No Action,Healthy
11,2022-09-19,169.81357,178.81328,180.0,4.9206832e-05,8.239177e-06,0,5.7,0.65909094,180.0,0,0,572,3.8146853146853146,0.007516288589459342,389.5293706293706,Healthy,No Action,Healthy
11,2022-09-20,167.61697,176.8753,180.0,0.0001066541,2.7965492e-05,0,6.9,1.7340277,180.0,0,0,576,3.5673611111111114,0.046470528455284564,624.4819444444444,Healthy,No Action,Healthy
11,2022-09-21,168.93578,175.57166,180.0,4.437466e-05,1.2503627e-05,0,6.1,2.4576387,180.0,0,0,576,3.127083333333333,0.042652100271002726,528.2826388888889,Healthy,No Action,Healthy
11,2022-09-22,171.05809,177.40202,180.0,2.0642941e-05,9.992601e-06,0,5.0,1.4425348,180.0,0,0,576,4.245138888888889,0.08177642276422764,679.5229166666667,Healthy,No Action,Healthy
11,2022-09-23,173.58922,179.19225,180.0,3.413431e-05,1.1021433e-05,0,3.6,0.44635418,180.0,0,0,576,2.5868055555555554,0.013776084010840135,430.4430555555556,Healthy,No Action,Healthy
11,2022-09-24,174.30505,179.82352,180.0,8.68082e-05,2.284663e-05,0,3.2,0.09791667,180.0,0,0,576,5.759722222222222,0.2051581978319783,1220.1604166666666,Healthy,No Action,Healthy
11,2022-09-25,167.06993,178.62668,180.0,3.462303e-06,6.6295763e-07,0,7.2,0.76371527,180.0,0,0,576,4.738194444444444,0.0944332655826558,1070.9520833333333,Healthy,No Action,Healthy
11,2022-09-26,172.58391,179.35492,180.0,2.305375e-05,2.1063615e-06,0,4.1,0.35850695,180.0,0,0,576,5.453472222222222,0.16069783197831977,1127.3145833333333,Healthy,No Action,Healthy
11,2022-09-27,175.51003,179.57123,180.0,4.8707523e-05,1.279758e-05,0,2.5,0.23802084,180.0,0,0,576,7.939583333333333,0.41856673441734416,1401.329861111111,Healthy,No Action,Healthy
11,2022-09-28,173.8728,179.19594,180.0,9.598958e-05,1.4564362e-05,0,3.4,0.44809029,180.0,0,0,576,12.703472222222222,0.7609596883468835,1477.4402777777777,Healthy,No Action,Healthy
11,2022-09-29,175.58844,179.76952,180.0,1.8646519e-05,2.0139476e-06,0,2.5,0.12864584,180.0,0,0,576,14.501388888888888,0.7794525745257452,1413.9125,Healthy,No Action,Healthy
11,2022-09-30,175.05101,179.2743,180.0,2.2879782e-05,8.210572e-06,0,2.7,0.40329862,180.0,0,0,576,10.031944444444443,0.6963980352303523,1582.2131944444445,Healthy,No Action,Healthy
11,2022-10-01,175.50597,179.83002,180.0,0.0001499905,3.4546152e-05,0,2.5,0.09409723,180.0,0,0,576,4.522222222222222,0.10678556910569105,974.1805555555555,Healthy,No Action,Healthy
11,2022-10-02,171.65117,179.56555,180.0,4.519722e-05,1.2129693e-05,0,4.6,0.24097222,180.0,0,0,576,2.9375,0.023690379403794065,465.31458333333336,Healthy,No Action,Healthy
11,2022-10-03,174.83739,179.52641,180.0,2.095492e-05,4.45619e-06,0,2.9,0.26440972,180.0,0,0,576,5.045833333333333,0.1655728319783198,886.1638888888889,Healthy,No Action,Healthy
11,2022-10-04,169.70917,178.67352,180.0,2.5986608e-05,4.6315454e-06,0,5.7,0.7355903,180.0,0,0,576,7.263194444444445,0.3375189701897019,1434.2791666666667,Healthy,No Action,Healthy
11,2022-10-05,177.13065,179.90654,180.0,1.9577292e-05,3.4619673e-06,0,1.6,0.052430555,180.0,0,0,576,9.079166666666667,0.5592689701897018,1569.673611111111,Healthy,No Action,Healthy
11,2022-10-06,175.05188,179.85754,180.0,1.6514185e-05,6.4056226e-06,0,2.7,0.07827869,180.0,0,0,488,5.7901639344262295,0.21770531787285086,1106.0803278688525,Healthy,No Action,Healthy
11,2022-10-07,168.62724,178.56766,180.0,3.3245346e-05,6.391403e-06,0,6.3,0.79618055,180.0,0,0,576,2.4701388888888887,0.01318021680216805,395.47013888888887,Healthy,No Action,Healthy
11,2022-10-08,174.64943,179.54205,180.0,0.0001290903,2.1192676e-05,0,3.0,0.2545139,180.0,0,0,576,2.435416666666667,0.014225609756097586,448.81180555555557,Healthy,No Action,Healthy
11,2022-10-09,174.88388,179.48378,180.0,3.3980847e-05,5.1997986e-06,0,2.8,0.28663194,180.0,0,0,576,3.189583333333333,0.03741937669376696,550.3270833333333,Healthy,No Action,Healthy
11,2022-10-10,177.9995,179.77655,180.0,1.3200422e-05,5.214819e-06,0,1.1,0.124479175,180.0,0,0,576,3.1722222222222225,0.026519647696476977,569.4986111111111,Healthy,No Action,Healthy
11,2022-10-11,176.22423,179.50502,180.0,1.2154434e-05,4.424532e-06,0,2.1,0.275,180.0,0,0,524,4.4961832061068705,0.10556358220070751,852.7832061068702,Healthy,No Action,Healthy
11,2022-10-12,170.49272,178.27866,180.0,5.23653e-05,5.200742e-06,0,5.3,0.9555556,180.0,0,0,576,8.129861111111111,0.45607621951219507,1485.076388888889,Healthy,No Action,Healthy
11,2022-10-13,177.56458,179.8487,180.0,6.711451e-05,1.2545925e-05,0,1.4,0.083333336,180.0,0,0,576,4.6,0.12950542005420054,856.3465277777777,Healthy,No Action,Healthy
11,2022-10-14,178.7511,179.9831,180.0,8.199857e-05,2.9939123e-05,0,0.7,0.009201389,180.0,0,0,576,4.522222222222222,0.07041836043360432,877.2770833333333,Healthy,No Action,Healthy
11,2022-10-15,176.13058,179.73305,180.0,0.00013541305,3.7736183e-05,0,2.1,0.14826389,180.0,0,0,576,2.7256944444444446,0.01343191056910572,359.35555555555555,Healthy,No Action,Healthy
11,2022-10-16,177.34866,179.83014,180.0,0.00021216899,6.0188162e-05,0,1.5,0.09479167,180.0,0,0,576,4.043055555555556,0.049430216802168005,916.2437500000001,Healthy,No Action,Healthy
11,2022-10-17,176.58554,179.84547,180.0,0.0013900105,0.00033749896,0,1.9,0.085243054,180.0,0,0,576,3.0875000000000004,0.01168089430894311,536.3638888888888,Healthy,No Action,Healthy
11,2022-10-18,175.53809,179.92137,180.0,0.0024397576,0.00034042986,0,2.5,0.04357639,180.0,0,0,576,3.6513888888888886,0.0677689701897019,623.2097222222222,Healthy,No Action,Healthy
11,2022-10-19,173.37456,179.4135,180.0,0.0015150843,0.00031317552,0,3.7,0.32708332,180.0,0,0,576,6.0875,0.2061792005420054,1327.3479166666666,Healthy,No Action,Healthy
11,2022-10-20,174.31468,178.80069,180.0,0.00071688317,0.00016383988,0,3.2,0.66597223,180.0,0,0,576,4.214583333333334,0.06358943089430893,861.0402777777778,Healthy,No Action,Healthy
11,2022-10-21,175.38156,179.5816,180.0,0.0010809746,0.00029758544,0,2.6,0.23090278,180.0,0,0,576,2.9840277777777775,0.04044647696476966,521.2729166666667,Healthy,No Action,Healthy
11,2022-10-22,175.3781,179.68222,180.0,0.00012689679,4.1625808e-05,0,2.6,0.17638889,180.0,0,0,576,6.281944444444445,0.2525301490514905,1334.9729166666666,Healthy,No Action,Healthy
11,2022-10-23,175.69003,178.78133,180.0,4.562794e-05,9.070154e-06,0,2.4,0.6767361,180.0,0,0,576,5.34375,0.2409349593495935,972.8125,Healthy,No Action,Healthy
11,2022-10-24,177.30801,179.40054,180.0,3.438362e-05,1.2005852e-05,0,1.5,0.33298612,180.0,0,0,576,3.55,0.036688685636856365,724.95625,Healthy,No Action,Healthy
11,2022-10-25,180.0,180.0,180.0,1.0882832e-05,4.055598e-06,0,0.0,0.0,180.0,0,0,576,3.665972222222222,0.04325406504065041,748.9145833333333,Healthy,No Action,Healthy
11,2022-10-26,173.2007,179.68626,180.0,2.198458e-05,8.405286e-06,0,3.8,0.17430556,180.0,0,0,576,6.949305555555556,0.3037876016260162,1415.4618055555557,Healthy,No Action,Healthy
11,2022-10-27,170.49585,177.2629,180.0,0.00014064713,2.5427655e-05,0,5.3,1.5201389,180.0,0,0,576,11.653472222222222,0.7761646341463415,1612.1902777777777,Healthy,No Action,Healthy
11,2022-10-28,173.36086,178.7036,180.0,1.0283353e-05,1.1732749e-06,0,3.7,0.7204861,180.0,0,0,576,12.61111111111111,0.8641710704607046,1639.4756944444443,Healthy,No Action,Healthy
11,2022-10-29,177.8228,179.67796,180.0,1.1203598e-05,3.0583146e-06,0,1.2,0.1779514,180.0,0,0,576,12.727083333333333,0.9145680894308943,1651.117361111111,Healthy,No Action,Healthy
11,2022-10-30,175.08032,179.72057,180.0,1.4277563e-05,1.975433e-06,0,2.7,0.15520833,180.0,0,0,576,9.457638888888889,0.6062276422764228,1601.1805555555557,Healthy,No Action,Healthy
11,2022-10-31,174.87003,179.66425,180.0,6.621245e-06,8.559296e-07,0,2.8,0.1857639,180.0,0,0,576,8.684027777777779,0.5331063685636857,1536.5916666666667,Healthy,No Action,Healthy
11,2022-11-01,180.0,180.0,180.0,1.0644261e-06,3.5189245e-07,0,0.0,0.0,180.0,0,0,576,8.239583333333334,0.4906283875338754,1536.3159722222222,Healthy,No Action,Healthy
11,2022-11-02,177.43596,179.91132,180.0,3.999762e-06,7.677608e-07,0,1.4,0.049305554,180.0,0,0,576,3.863194444444444,0.04484857723577235,844.4409722222222,Healthy,No Action,Healthy
11,2022-11-03,180.0,180.0,180.0,3.2511348e-06,1.0692133e-06,0,0.0,0.0,180.0,0,0,576,4.057638888888889,0.0467821815718157,964.9812499999999,Healthy,No Action,Healthy
11,2022-11-04,177.39728,179.93057,180.0,5.940001e-06,2.1703288e-06,0,1.4,0.038020834,180.0,0,0,576,3.8506944444444446,0.05706571815718158,765.1152777777778,Healthy,No Action,Healthy
11,2022-11-05,176.72057,179.77184,180.0,1.0306641e-05,3.5162593e-06,0,1.8,0.12760417,180.0,0,0,576,6.013888888888889,0.2517228997289973,1295.9604166666666,Healthy,No Action,Healthy
11,2022-11-06,176.50797,178.84644,180.0,1.1606811e-05,3.7182244e-06,0,1.9,0.63836807,180.0,0,0,576,4.215972222222223,0.0667110433604336,923.8319444444444,Healthy,No Action,Healthy
11,2022-11-07,178.57013,179.9002,180.0,3.9074795e-05,1.3121357e-05,0,0.8,0.05434028,180.0,0,0,576,4.893750000000001,0.13858367208672087,1004.8145833333333,Healthy,No Action,Healthy
11,2022-11-08,177.16513,179.82623,180.0,2.749127e-05,9.921303e-06,0,1.6,0.096354164,180.0,0,0,576,3.5305555555555554,0.03601897018970189,714.2347222222222,Healthy,No Action,Healthy
11,2022-11-09,178.5222,179.94377,180.0,1.5499681e-05,6.3876887e-06,0,0.8,0.031770837,180.0,0,0,576,4.157638888888889,0.11167784552845528,757.6486111111111,Healthy,No Action,Healthy
11,2022-11-10,179.031,179.96112,180.0,1.003371e-05,6.1600754e-06,0,0.5,0.021354167,180.0,0,0,576,4.692361111111111,0.10281571815718155,1067.8805555555555,Healthy,No Action,Healthy
11,2022-11-11,178.16382,179.83588,180.0,1.770647e-05,7.4556083e-06,0,1.0,0.08888889,180.0,0,0,576,3.415277777777778,0.02615345528455285,661.7625,Healthy,No Action,Healthy
11,2022-11-12,180.0,180.0,180.0,9.271905e-06,4.6471305e-06,0,0.0,0.0,180.0,0,0,576,3.23125,0.021600271002710038,563.4576388888888,Healthy,No Action,Healthy
11,2022-11-13,176.81183,179.87463,180.0,8.537011e-06,4.5266224e-06,0,1.8,0.06909722,180.0,0,0,576,4.511111111111111,0.10852100271002708,957.4263888888888,Healthy,No Action,Healthy
11,2022-11-14,179.05779,179.97057,180.0,8.449994e-06,3.3993108e-06,0,0.5,0.016493056,180.0,0,0,576,6.133333333333334,0.22914295392953926,1346.2854166666666,Healthy,No Action,Healthy
11,2022-11-15,179.63005,179.9992,180.0,2.2895061e-05,5.939413e-06,0,0.2,0.00034722223,180.0,0,0,576,9.651388888888889,0.6761758130081301,1597.2937499999998,Healthy,No Action,Healthy
11,2022-11-16,178.49963,179.89594,180.0,1.1804215e-05,3.0501385e-06,0,0.8,0.05746528,180.0,0,0,576,6.788888888888889,0.2965623306233062,1419.78125,Healthy,No Action,Healthy
11,2022-11-17,175.91472,179.73804,180.0,5.521806e-06,1.8050295e-06,0,2.3,0.14652778,180.0,0,0,576,4.164583333333334,0.07378556910569106,901.1965277777778,Healthy,No Action,Healthy
11,2022-11-18,176.76033,179.85759,180.0,7.405395e-06,3.7045259e-06,0,1.8,0.07847223,180.0,0,0,576,2.9743055555555555,0.015755420054200553,540.2645833333333,Healthy,No Action,Healthy
11,2022-11-19,179.99442,179.99998,180.0,5.1718866e-06,2.4249903e-06,0,0.0,0.0,180.0,0,0,576,3.0027777777777778,0.03996781842818429,476.15277777777777,Healthy,No Action,Healthy
11,2022-11-20,177.62949,179.8269,180.0,2.6665735e-05,6.607194e-06,0,1.3,0.09583333,180.0,0,0,576,5.8493055555555555,0.34446138211382116,936.2874999999999,Healthy,No Action,Healthy
11,2022-11-21,178.83174,179.99152,180.0,1.5472553e-05,4.923993e-06,0,0.6,0.004340278,180.0,0,0,576,7.206250000000001,0.42930250677506776,1237.7173611111111,Healthy,No Action,Healthy
11,2022-11-22,177.1497,179.95306,180.0,6.3491025e-06,2.410784e-06,0,1.6,0.027083334,180.0,0,0,576,2.022222222222222,-0.0018133468834688011,123.55277777777776,Healthy,No Action,Healthy
11,2022-11-23,178.59581,179.95697,180.0,7.273037e-06,2.4460755e-06,0,0.8,0.023611112,180.0,0,0,576,2.9847222222222225,0.033651761517615196,488.6784722222222,Healthy,No Action,Healthy
11,2022-11-24,176.90254,179.75507,180.0,1.1308582e-05,3.4813393e-06,0,1.7,0.13645834,180.0,0,0,576,2.33125,0.0034871273712737388,304.02986111111113,Healthy,No Action,Healthy
11,2022-11-25,175.57675,178.75026,180.0,2.2254608e-05,8.343228e-06,0,2.5,0.6953125,180.0,0,0,576,6.254861111111111,0.29535264227642277,1257.8694444444445,Healthy,No Action,Healthy
11,2022-11-26,176.09193,178.73587,180.0,7.065247e-05,2.0826848e-05,0,2.2,0.7022569,180.0,0,0,576,5.045833333333333,0.14323238482384823,1001.6486111111111,Healthy,No Action,Healthy
11,2022-11-27,175.84799,178.60185,180.0,1.4639899e-05,6.8169666e-06,0,2.3,0.7763889,180.0,0,0,576,4.969444444444445,0.15581199186991868,889.4534722222222,Healthy,No Action,Healthy
11,2022-11-28,176.80196,178.96198,180.0,1.2345554e-05,5.767542e-06,0,1.8,0.57500005,180.0,0,0,576,2.459027777777778,0.012171070460704633,347.4513888888889,Healthy,No Action,Healthy
11,2022-11-29,178.49377,179.94727,180.0,1.187587e-05,6.5556587e-06,0,0.8,0.029861113,180.0,0,0,576,5.600694444444445,0.24204640921409215,967.7895833333334,Healthy,No Action,Healthy
11,2022-11-30,177.2378,179.8525,180.0,1.3098097e-05,4.383737e-06,0,1.5,0.081597224,180.0,0,0,576,12.036805555555555,0.9259590108401083,1656.7465277777778,Healthy,No Action,Healthy
11,2022-12-01,170.35281,179.54558,180.0,1.260768e-05,4.4078383e-06,0,5.4,0.25364584,180.0,0,0,576,5.828472222222222,0.2248892276422764,1209.978472222222,Healthy,No Action,Healthy
11,2022-12-02,179.07202,179.99545,180.0,1.274468e-05,3.5085525e-06,0,0.5,0.0024305556,180.0,0,0,576,5.265972222222222,0.14530081300813003,1232.8451388888889,Healthy,No Action,Healthy
11,2022-12-03,179.57825,179.99844,180.0,1.5564709e-05,5.835473e-06,0,0.2,0.00069444446,180.0,0,0,576,8.529166666666667,0.530645325203252,1528.9618055555557,Healthy,No Action,Healthy
11,2022-12-04,178.0617,179.87021,180.0,1.6523321e-05,4.526466e-06,0,1.1,0.07239583,180.0,0,0,576,6.788888888888889,0.3281741192411924,1379.9493055555556,Healthy,No Action,Healthy
11,2022-12-05,178.35416,179.98994,180.0,9.582202e-06,3.843963e-06,0,0.9,0.0055555557,180.0,0,0,576,6.980555555555556,0.3502689701897019,1357.6513888888887,Healthy,No Action,Healthy
11,2022-12-06,178.24796,179.78241,180.0,5.6778033e-05,1.6209233e-05,0,1.0,0.12204862,180.0,0,0,576,4.282638888888889,0.08098170731707316,850.4659722222223,Healthy,No Action,Healthy
11,2022-12-07,178.95204,179.97964,180.0,4.72042e-05,1.7398917e-05,0,0.6,0.011284722,180.0,0,0,576,7.708333333333333,0.4284417344173442,1493.3631944444444,Healthy,No Action,Healthy
11,2022-12-08,179.8699,179.99919,180.0,1.7567341e-05,5.8828023e-06,0,0.1,0.00034722223,180.0,0,0,576,11.601388888888888,0.8772960704607047,1646.11875,Healthy,No Action,Healthy
11,2022-12-09,176.64157,179.7075,180.0,9.09847e-06,3.14758e-06,0,1.9,0.16354166,180.0,0,0,576,10.281944444444443,0.7637096883468835,1627.884722222222,Healthy,No Action,Healthy
11,2022-12-10,176.3463,179.54208,180.0,7.124528e-05,1.19001015e-05,0,2.0,0.25277779,180.0,0,0,576,7.211111111111112,0.3533441734417344,1465.0368055555555,Healthy,No Action,Healthy
11,2022-12-11,175.25943,178.41472,180.0,8.856764e-06,4.5378297e-06,0,2.6,0.8822917,180.0,0,0,576,5.140972222222222,0.12528895663956638,1239.1541666666667,Healthy,No Action,Healthy
11,2022-12-12,173.59024,177.05638,179.75432,2.2201062e-05,8.334952e-06,0,3.6,1.6348958,180.0,0,0,576,2.3055555555555554,-0.000727981029810257,228.15555555555557,Healthy,No Action,Healthy
11,2022-12-13,174.49033,178.50359,180.0,1.161526e-05,6.000597e-06,0,3.1,0.83368057,180.0,0,0,576,3.209722222222222,0.008547425474254765,497.1118055555556,Healthy,No Action,Healthy
11,2022-12-14,176.87129,178.68314,180.0,5.1310224e-05,1.2871376e-05,0,1.7,0.73211807,180.0,0,0,576,3.865277777777778,0.07625338753387534,737.8416666666667,Healthy,No Action,Healthy
11,2022-12-15,178.93196,179.93802,180.0,3.2246935e-05,1.2687751e-05,0,0.6,0.032986112,180.0,0,0,576,3.2930555555555556,0.028680216802168035,618.4840277777778,Healthy,No Action,Healthy
11,2022-12-16,176.93398,179.52559,180.0,3.8305494e-05,1.92324e-05,0,1.7,0.26336804,180.0,0,0,576,5.09375,0.19390311653116532,938.3145833333333,Healthy,No Action,Healthy
11,2022-12-17,176.61952,179.54958,180.0,4.4843026e-05,2.1576096e-05,0,1.9,0.24982637,180.0,0,0,576,4.6618055555555555,0.1323370596205962,928.9506944444444,Healthy,No Action,Healthy
11,2022-12-18,175.5621,178.53494,180.0,8.4670595e-05,2.914187e-05,0,2.5,0.8123264,180.0,0,0,576,5.667361111111111,0.2183590785907859,1213.273611111111,Healthy,No Action,Healthy
11,2022-12-19,176.73793,178.06242,179.67163,5.0515257e-05,2.4120047e-05,0,1.8,1.0748264,180.0,0,0,576,3.7104166666666663,0.04473983739837398,821.1479166666667,Healthy,No Action,Healthy
11,2022-12-20,177.02461,179.29108,180.0,7.270318e-05,4.217141e-05,0,1.7,0.3951389,180.0,0,0,576,2.928472222222222,0.03228658536585369,473.52777777777777,Healthy,No Action,Healthy
11,2022-12-21,177.65276,179.76282,180.0,9.6087664e-05,4.3120115e-05,0,1.3,0.13142362,180.0,0,0,576,3.6770833333333335,0.12009993224932251,623.9354166666667,Healthy,No Action,Healthy
11,2022-12-22,178.81514,179.86603,180.0,6.2861196e-05,2.2002952e-05,0,0.7,0.07430556,180.0,0,0,576,4.402083333333334,0.07505657181571812,1067.0743055555556,Healthy,No Action,Healthy
11,2022-12-23,178.90825,179.93626,180.0,3.271175e-05,1.520255e-05,0,0.6,0.034375,180.0,0,0,576,6.041666666666667,0.207940379403794,1333.11875,Healthy,No Action,Healthy
11,2022-12-24,174.2361,179.47313,180.0,6.1559425e-05,1.6126858e-05,0,3.2,0.2921875,180.0,0,0,576,9.370833333333334,0.6339735772357724,1560.6479166666666,Healthy,No Action,Healthy
11,2022-12-25,176.22952,178.77371,180.0,3.265515e-05,9.289085e-06,0,2.1,0.6805556,180.0,0,0,576,8.73125,0.5718529810298103,1544.601388888889,Healthy,No Action,Healthy
11,2022-12-26,175.9489,178.42017,180.0,8.879353e-06,2.9242563e-06,0,2.3,0.87604165,180.0,0,0,576,5.391666666666667,0.1437564363143631,1288.2555555555555,Healthy,No Action,Healthy
11,2022-12-27,177.04626,179.52477,180.0,3.6108722e-05,7.989936e-06,0,1.6,0.26354167,180.0,0,0,576,7.976388888888888,0.4584444444444444,1434.5375,Healthy,No Action,Healthy
11,2022-12-28,177.55206,179.61812,180.0,9.4284245e-05,1.5482743e-05,0,1.4,0.21041667,180.0,0,0,576,9.845833333333333,0.6912933604336043,1587.1368055555556,Healthy,No Action,Healthy
11,2022-12-29,175.90569,179.37842,180.0,1.331408e-05,6.0753696e-06,0,2.3,0.34444442,180.0,0,0,576,9.447222222222223,0.6271890243902439,1548.4916666666666,Healthy,No Action,Healthy
11,2022-12-30,175.90276,178.43915,180.0,4.4281576e-05,1.2880766e-05,0,2.3,0.8638889,180.0,0,0,576,7.903472222222222,0.45201490514905146,1488.11875,Healthy,No Action,Healthy
11,2022-12-31,175.57881,178.49248,180.0,8.72472e-05,2.0946114e-05,0,2.5,0.8364583,180.0,0,0,576,7.946527777777778,0.4618235094850949,1501.0034722222222,Healthy,No Action,Healthy
11,2023-01-01,175.44504,178.56592,180.0,1.4595527e-05,2.8676955e-06,0,2.5,0.7953125,180.0,0,0,576,5.668749999999999,0.15869952574525742,1305.7312499999998,Healthy,No Action,Healthy
11,2023-01-02,174.40942,179.01129,180.0,5.038185e-06,1.8321493e-06,0,3.1,0.5480903,180.0,0,0,576,8.149305555555555,0.4988340108401084,1509.170138888889,Healthy,No Action,Healthy
11,2023-01-03,174.79626,177.31169,180.0,8.0079835e-06,1.8994124e-06,0,2.9,1.4949652,180.0,0,0,576,3.2243055555555555,0.030029810298102984,601.9715277777777,Healthy,No Action,Healthy
11,2023-01-04,173.50983,176.96642,180.0,1.4689294e-05,3.6216293e-06,0,3.6,1.6871527,180.0,0,0,576,2.173611111111111,0.002768292682926852,314.29999999999995,Healthy,No Action,Healthy
11,2023-01-05,174.67384,178.06543,180.0,3.5354628e-06,1.9826941e-06,0,3.0,1.0743055,180.0,0,0,576,4.170138888888889,0.06489193766937668,862.4041666666667,Healthy,No Action,Healthy
11,2023-01-06,176.6043,179.12067,180.0,7.109343e-06,2.889247e-06,0,1.9,0.4888889,180.0,0,0,576,7.288194444444445,0.4048868563685637,1373.9215277777778,Healthy,No Action,Healthy
11,2023-01-07,177.14793,179.34521,180.0,1.6836349e-06,8.908731e-07,0,1.6,0.36267364,180.0,0,0,576,7.800000000000001,0.42979302168021677,1523.7229166666666,Healthy,No Action,Healthy
11,2023-01-08,178.39163,179.86156,180.0,5.7041643e-06,1.8524918e-06,0,0.9,0.075520836,180.0,0,0,576,5.430555555555555,0.17813075880758805,1157.61875,Healthy,No Action,Healthy
11,2023-01-09,176.83224,179.13068,180.0,2.1995972e-06,1.2533004e-06,0,1.8,0.48420137,180.0,0,0,576,2.321527777777778,-0.0007100271002709605,196.75972222222222,Healthy,No Action,Healthy
11,2023-01-10,177.74237,179.48132,180.0,5.5478968e-06,2.754681e-06,0,1.3,0.28611112,180.0,0,0,576,3.459027777777778,0.07401659891598918,627.098611111111,Healthy,No Action,Healthy
11,2023-01-11,176.43515,179.26604,180.0,1.23684395e-05,5.6986905e-06,0,2.0,0.4097222,180.0,0,0,576,4.115277777777778,0.08945731707317073,820.5659722222222,Healthy,No Action,Healthy
11,2023-01-12,177.38646,179.56934,180.0,5.500027e-06,3.3381175e-06,0,1.5,0.23940971,180.0,0,0,576,4.907638888888889,0.10495257452574523,1131.5368055555555,Healthy,No Action,Healthy
11,2023-01-13,177.07355,179.33179,180.0,8.752904e-06,3.4953368e-06,0,1.6,0.37083334,180.0,0,0,576,4.401388888888889,0.09870968834688347,886.0645833333333,Healthy,No Action,Healthy
11,2023-01-14,176.47882,179.60606,180.0,1.0676096e-05,4.844685e-06,0,2.0,0.21892361,180.0,0,0,576,5.35,0.22230216802168024,977.3493055555555,Healthy,No Action,Healthy
11,2023-01-15,175.6701,178.67973,180.0,8.100879e-06,3.67399e-06,0,2.4,0.7310764,180.0,0,0,576,3.9555555555555557,0.08563346883468835,761.4027777777778,Healthy,No Action,Healthy
11,2023-01-16,174.77934,178.76227,180.0,5.2934683e-06,3.1287016e-06,0,2.9,0.6909722,180.0,0,0,576,3.3465277777777778,0.04886754742547426,649.7881944444445,Healthy,No Action,Healthy
11,2023-01-17,178.82962,179.8575,180.0,6.8128043e-06,3.3768538e-06,0,0.7,0.079513885,180.0,0,0,576,3.9166666666666665,0.04990040650406503,887.6444444444445,Healthy,No Action,Healthy
11,2023-01-18,178.12021,179.49216,180.0,7.495345e-06,3.5275489e-06,0,1.0,0.28159723,180.0,0,0,576,4.550000000000001,0.1393760162601626,934.8166666666667,Healthy,No Action,Healthy
11,2023-01-19,178.10559,179.44952,180.0,3.911388e-06,2.0428672e-06,0,1.1,0.30364582,180.0,0,0,576,3.4145833333333333,0.03785602981029812,590.5722222222222,Healthy,No Action,Healthy
11,2023-01-20,177.39696,178.99803,180.0,4.0103155e-06,2.327034e-06,0,1.4,0.55399305,180.0,0,0,576,3.634722222222222,0.04408807588075882,709.5444444444444,Healthy,No Action,Healthy
11,2023-01-21,177.1619,179.1772,180.0,4.8724223e-06,2.3273528e-06,0,1.6,0.45954862,180.0,0,0,576,3.236111111111111,0.039379403794037954,581.1472222222222,Healthy,No Action,Healthy
11,2023-01-22,177.91454,179.3692,180.0,7.0837677e-06,3.6174097e-06,0,1.2,0.35069445,180.0,0,0,576,3.454861111111111,0.07527811653116533,571.5166666666667,Healthy,No Action,Healthy
11,2023-01-23,178.96947,179.85295,180.0,8.453395e-06,4.558482e-06,0,0.6,0.081597224,180.0,0,0,576,2.3180555555555555,0.012809620596205985,361.6145833333333,Healthy,No Action,Healthy
11,2023-01-24,177.96669,179.49068,180.0,1.2915893e-05,6.4865576e-06,0,1.1,0.28246528,180.0,0,0,576,2.71875,0.027252032520325226,439.0083333333333,Healthy,No Action,Healthy
11,2023-01-25,179.81927,179.9958,180.0,1.2003546e-05,5.489632e-06,0,0.1,0.0019097222,180.0,0,0,576,2.5694444444444446,0.02184146341463417,390.7840277777778,Healthy,No Action,Healthy
11,2023-01-26,172.3963,179.24008,180.0,1.5390611e-05,6.9659313e-06,0,4.2,0.42239583,180.0,0,0,576,5.602083333333334,0.24747527100271002,934.0812500000001,Healthy,No Action,Healthy
11,2023-01-27,171.22607,177.64374,180.0,4.562305e-06,1.810898e-06,0,4.9,1.3076389,180.0,0,0,576,9.18611111111111,0.6073499322493225,1582.329861111111,Healthy,No Action,Healthy
11,2023-01-28,172.69077,178.6629,180.0,3.323374e-06,1.5885103e-06,0,4.1,0.7434028,180.0,0,0,576,2.9972222222222222,0.022897696476964782,506.75208333333336,Healthy,No Action,Healthy
11,2023-01-29,172.73291,178.17033,180.0,3.6826889e-06,1.4670553e-06,0,4.0,1.0164931,179.54166666666666,0,0,576,2.213888888888889,0.002427845528455324,208.21180555555554,Healthy,No Action,Healthy
11,2023-01-30,173.27464,178.65558,180.0,6.5376494e-06,2.097376e-06,0,3.7,0.74583334,178.54166666666666,0,0,576,3.013888888888889,0.010840447154471558,479.6076388888889,Healthy,No Action,Transformer failure
11,2023-01-31,174.76091,179.12267,180.0,1.4018142e-05,2.935198e-06,0,2.9,0.48663193,177.54166666666666,0,0,576,5.011111111111111,0.12302168021680214,1227.822222222222,Healthy,No Action,Transformer failure
11,2023-02-01,168.15526,173.79681,177.59454,5.8382084e-06,2.8190375e-06,0,6.6,3.4456596,176.54166666666666,0,0,576,3.395138888888889,0.03711856368563686,620.3395833333333,Healthy,No Action,Transformer failure
11,2023-02-02,159.68584,171.27084,177.4941,4.208726e-06,1.8435811e-06,0,11.3,4.849653,175.54166666666666,0,0,576,6.770138888888889,0.3040609756097561,1132.361111111111,Healthy,No Action,Transformer failure
11,2023-02-03,164.31868,169.88876,175.39218,4.2397332e-06,1.1589601e-06,0,8.7,5.6184025,174.54166666666666,0,0,576,5.621527777777778,0.18284247967479672,1251.857638888889,Healthy,No Action,Transformer failure
11,2023-02-04,158.188,168.30591,175.58006,4.07753e-06,1.3083486e-06,0,12.1,6.498958,173.54166666666666,0,0,576,8.086111111111112,0.478820460704607,1518.5187500000002,Healthy,No Action,Transformer failure
11,2023-02-05,161.73628,171.40872,176.19882,3.4901836e-06,1.3631213e-06,0,10.1,4.7744794,172.54166666666666,0,0,576,8.868055555555555,0.5748116531165312,1550.125,Healthy,No Action,Transformer failure
11,2023-02-06,158.44238,165.74774,171.19284,3.0509277e-06,1.1367056e-06,0,12.0,7.9184027,171.54166666666666,0,0,576,2.8451388888888887,0.0075931571815718284,473.48819444444445,Healthy,No Action,Transformer failure
11,2023-02-07,166.81042,169.32896,171.69006,3.7643267e-06,1.8034667e-06,0,7.3,5.929167,170.54166666666666,0,0,576,3.417361111111111,0.030714769647696483,678.3263888888889,Healthy,No Action,Transformer failure
11,2023-02-08,167.80461,169.58679,171.49173,6.930247e-06,3.227585e-06,0,6.8,5.78559,169.54166666666666,0,0,576,5.344444444444445,0.18877032520325202,1134.4986111111111,Healthy,No Action,Transformer failure
11,2023-02-09,163.53992,168.94508,174.541,4.4099697e-06,2.1449275e-06,0,9.1,6.142014,168.54166666666666,0,0,576,4.884722222222222,0.1491280487804878,930.2756944444445,Healthy,No Action,Transformer failure
11,2023-02-10,159.68289,165.58981,170.52083,4.452355e-06,1.9975034e-06,0,11.3,8.005208,167.54166666666666,0,0,576,3.827777777777778,0.04995765582655826,745.9020833333333,Healthy,No Action,Transformer failure
11,2023-02-11,162.54277,167.1086,170.96953,7.685218e-06,2.7845838e-06,0,9.7,7.164236,166.54166666666666,0,0,576,7.918749999999999,0.4476836043360433,1508.4180555555556,Healthy,No Action,Transformer failure
11,2023-02-12,156.69237,162.63072,170.8137,2.651947e-06,7.005226e-07,0,12.9,9.650173,165.54166666666666,0,0,576,8.99861111111111,0.5952533875338752,1559.9812499999998,Healthy,No Action,Transformer failure
11,2023-02-13,154.05179,161.633,166.40973,3.3531564e-06,1.1929459e-06,0,14.4,10.202604,164.54166666666666,0,0,576,6.478472222222222,0.2937110433604336,1217.6958333333334,Healthy,No Action,Transformer failure
11,2023-02-14,154.23651,160.259,166.31335,9.319163e-06,2.471384e-06,0,14.3,10.967361,163.54166666666666,0,0,576,3.695138888888889,0.03858062330623307,718.8402777777778,Healthy,No Action,Transformer failure
11,2023-02-15,150.66582,160.74977,168.25388,1.0166215e-05,2.9795895e-06,0,16.3,10.693577,162.54166666666666,0,0,576,11.179166666666667,0.7325657181571815,1595.2243055555555,Healthy,No Action,Transformer failure
11,2023-02-16,154.33054,160.55304,164.56158,2.9573541e-06,9.2331965e-07,0,14.3,10.804861,161.54166666666666,0,0,576,11.722916666666666,0.876765921409214,1651.2104166666666,Healthy,No Action,Transformer failure
11,2023-02-17,153.53387,160.65198,165.58096,1.677143e-06,4.6990212e-07,0,14.7,10.748611,160.54166666666666,0,0,576,9.15763888888889,0.6228089430894309,1590.2805555555556,Healthy,No Action,Transformer failure
11,2023-02-18,156.93214,160.57262,165.60541,3.957671e-06,1.5351403e-06,0,12.8,10.794965,159.54166666666666,0,0,576,3.9736111111111114,0.06155386178861788,898.85625,Healthy,No Action,Transformer failure
11,2023-02-19,149.41246,158.46764,164.64603,1.0181332e-05,2.815531e-06,0,17.0,11.964062,158.54166666666666,0,0,576,7.127083333333333,0.44925237127371276,1139.2166666666667,Healthy,No Action,Transformer failure
11,2023-02-20,149.51067,157.2565,162.81819,4.663424e-06,1.312653e-06,0,16.9,12.636285,157.54166666666666,0,0,576,11.25138888888889,0.6814271680216802,1562.704861111111,Healthy,No Action,Transformer failure
11,2023-02-21,149.85736,156.6869,163.8394,7.415115e-07,2.6911363e-07,0,16.7,12.951736,156.54166666666666,0,0,576,12.225694444444445,0.7663733062330623,1505.4083333333333,Healthy,No Action,Transformer failure
11,2023-02-22,144.71747,154.16312,162.60837,1.8003329e-06,4.5145796e-07,0,19.6,14.352951,155.54166666666666,0,0,576,8.26736111111111,0.37719241192411923,1170.7145833333334,Healthy,No Action,Transformer failure
11,2023-02-23,146.15431,153.3193,160.2033,4.0269097e-06,1.1262924e-06,0,18.8,14.822569,154.54166666666666,0,0,576,2.7131944444444445,0.010150745257452586,409.56319444444443,Healthy,No Action,Transformer failure
11,2023-02-24,149.13959,153.75557,157.01776,3.8648936e-06,1.6899899e-06,0,17.1,14.582465,153.54166666666666,0,0,576,3.08125,0.023093157181571823,521.9180555555555,Healthy,No Action,Transformer failure
11,2023-02-25,148.62698,153.93585,156.88026,3.985822e-06,2.067747e-06,0,17.4,14.478472,152.54166666666666,0,0,576,3.5277777777777777,0.03246680216802168,704.7513888888889,Healthy,No Action,Transformer failure
11,2023-02-26,147.41222,153.07336,155.46306,7.082154e-06,2.1489889e-06,0,18.1,14.958854,151.54166666666666,0,0,576,2.1041666666666665,0.0003543360433604632,217.94722222222222,Healthy,No Action,Transformer failure
11,2023-02-27,146.01053,150.51125,153.68094,4.663558e-06,2.0841612e-06,0,18.9,16.384377,150.54166666666666,0,0,576,3.578472222222222,0.06171985094850948,689.9243055555556,Healthy,No Action,Transformer failure
11,2023-02-28,148.31549,151.70963,154.87999,4.9307264e-06,2.5632603e-06,0,17.6,15.717187,149.54166666666666,0,0,576,4.676388888888889,0.10136043360433603,1004.0500000000001,Healthy,No Action,Transformer failure
11,2023-03-01,142.41762,146.84158,150.1073,6.3287057e-06,2.4358317e-06,0,20.9,18.42066,148.54166666666666,0,0,576,3.0027777777777778,0.008441734417344198,429.2138888888889,Healthy,No Action,Transformer failure
11,2023-03-02,139.25745,145.70264,149.28847,5.2469522e-06,2.1067808e-06,0,22.6,19.056252,147.54166666666666,0,0,576,2.676388888888889,0.0009247967479675109,338.6090277777778,Healthy,No Action,Transformer failure
11,2023-03-03,139.96631,144.93929,148.95299,8.761757e-06,2.6102296e-06,0,22.2,19.476042,146.54166666666666,0,0,576,6.659027777777777,0.40569241192411926,872.3041666666667,Healthy,No Action,Transformer failure
11,2023-03-04,134.38972,144.30919,150.03542,5.7222314e-06,1.1664283e-06,0,25.3,19.825521,145.54166666666666,0,0,576,9.92361111111111,0.644715108401084,1578.5395833333334,Healthy,No Action,Transformer failure
11,2023-03-05,136.93185,143.72545,149.70625,3.5100577e-06,1.2683915e-06,0,23.9,20.150002,144.54166666666666,0,0,576,3.979861111111111,0.1047018970189702,690.7013888888889,Healthy,No Action,Transformer failure
11,2023-03-06,139.76663,143.1694,146.74121,1.18419985e-05,3.4513441e-06,0,22.4,20.461285,143.54166666666666,0,0,576,4.221527777777777,0.08823543360433603,845.8708333333333,Healthy,No Action,Transformer failure
11,2023-03-07,135.61925,141.60156,145.83214,1.2963291e-05,5.96022e-06,0,24.7,21.332813,142.54166666666666,0,0,576,4.185416666666667,0.08372527100271002,911.4215277777779,Healthy,No Action,Transformer failure
11,2023-03-08,129.47627,135.79105,143.60184,7.978727e-06,2.934047e-06,0,28.1,24.559723,141.54166666666666,0,0,576,6.213888888888889,0.2932222222222222,1198.8909722222222,Healthy,No Action,Transformer failure
11,2023-03-09,129.57674,136.2218,143.31055,7.165744e-06,1.268677e-06,0,28.0,24.320139,140.54166666666666,0,0,576,9.065277777777778,0.5851856368563686,1593.1201388888887,Healthy,No Action,Transformer failure
11,2023-03-10,131.69481,137.0125,144.32788,3.2593143e-05,3.538476e-06,0,26.8,23.878992,139.54166666666666,0,0,576,4.8694444444444445,0.1343492547425474,985.5083333333334,Healthy,No Action,Transformer failure
11,2023-03-11,128.65118,134.74098,139.5623,3.1585238e-05,5.842439e-06,0,28.5,25.144966,138.54166666666666,0,0,576,2.6708333333333334,0.01737906504065042,476.7090277777778,Healthy,No Action,Transformer failure
11,2023-03-12,124.98419,132.18007,137.92577,1.5503821e-05,6.7905203e-06,0,30.6,26.564583,137.54166666666666,0,0,576,5.865277777777778,0.23627269647696478,1186.9812499999998,Healthy,No Action,Transformer failure
11,2023-03-13,121.532715,130.98055,139.21938,1.2905021e-05,3.6529664e-06,0,32.5,27.234375,136.54166666666666,0,0,576,7.833333333333333,0.4588296070460704,1443.5819444444444,Healthy,No Action,Transformer failure
11,2023-03-14,131.66252,136.70439,143.45361,3.501342e-06,1.2605068e-06,0,26.9,24.054514,135.54166666666666,0,0,576,8.097222222222221,0.48475169376693766,1496.7937499999998,Healthy,No Action,Transformer failure
11,2023-03-15,123.58495,136.17648,144.62125,5.9527774e-06,9.908015e-07,0,31.3,24.346006,134.54166666666666,0,0,576,13.290972222222223,0.9132642276422764,1653.53125,Healthy,No Action,Transformer failure
11,2023-03-16,125.27187,132.73518,135.80128,8.017681e-07,2.0626119e-07,0,30.4,26.256424,133.54166666666666,0,0,576,12.365277777777777,0.8675684281842818,1648.0569444444445,Healthy,No Action,Transformer failure
11,2023-03-17,123.97418,131.94176,138.51172,2.9308046e-06,8.7797383e-07,0,31.1,26.699133,132.54166666666666,0,0,576,9.738194444444444,0.6462892953929539,1549.1062499999998,Healthy,No Action,Transformer failure
11,2023-03-18,126.64418,134.70624,142.1726,3.5720545e-06,7.1848797e-07,0,29.6,25.163368,131.54166666666666,0,0,576,8.461111111111112,0.5201266937669377,1532.9972222222223,Healthy,No Action,Transformer failure
11,2023-03-19,122.44471,130.2154,136.20596,1.1209937e-05,3.5478229e-06,0,32.0,27.657639,130.54166666666666,0,0,576,4.540277777777778,0.13864939024390244,925.7638888888889,Healthy,No Action,Transformer failure
11,2023-03-20,125.25459,129.78532,133.52661,3.1747747e-06,1.3567887e-06,0,30.4,27.896528,129.54166666666666,0,0,576,3.9305555555555554,0.10463516260162602,748.9298611111111,Healthy,No Action,Transformer failure
11,2023-03-21,122.800735,127.24461,132.1046,1.0391003e-05,2.2435204e-06,0,31.8,29.30955,128.54166666666666,0,0,576,6.601388888888889,0.28488685636856365,1339.1611111111113,Healthy,No Action,Transformer failure
11,2023-03-22,118.65081,125.96706,133.28888,3.8382304e-06,1.7843145e-06,0,34.1,30.017883,127.54166666666667,0,0,576,6.177777777777778,0.25188448509485095,1248.4930555555557,Healthy,No Action,Transformer failure
11,2023-03-23,118.95132,125.16614,129.10374,4.2136576e-06,2.0081584e-06,0,33.9,30.462847,126.54166666666667,0,0,576,5.695833333333334,0.23738346883468836,1094.8625000000002,Healthy,No Action,Transformer failure
11,2023-03-24,120.59153,124.74772,128.5523,8.492529e-06,4.2478996e-06,0,33.0,30.696526,125.54166666666667,0,0,576,3.2083333333333335,0.044908536585365866,519.6583333333333,Healthy,No Action,Transformer failure
11,2023-03-25,124.00001,125.81137,127.605354,6.6419634e-06,2.8217241e-06,0,31.1,30.10382,124.54166666666667,0,0,576,5.586805555555555,0.2073092818428184,1240.2465277777778,Healthy,No Action,Transformer failure
11,2023-03-26,121.240326,126.69071,133.69844,5.742672e-06,2.6730138e-06,0,32.6,29.615217,123.54166666666667,0,0,552,6.492028985507246,0.2925401201838105,1359.977536231884,Healthy,No Action,Transformer failure
11,2023-03-27,117.65089,122.52562,126.92079,2.0866403e-06,9.656519e-07,0,34.6,31.92882,122.54166666666667,0,0,576,5.679166666666666,0.2015731707317073,1212.2798611111111,Healthy,No Action,Transformer failure
11,2023-03-28,119.3043,122.84059,125.63919,6.2233444e-06,2.7581473e-06,0,33.7,31.752604,121.54166666666667,0,0,576,2.679861111111111,0.013263888888888907,456.9791666666667,Healthy,No Action,Transformer failure
11,2023-03-29,115.51139,121.648125,126.08245,4.635309e-06,1.3647737e-06,0,35.8,32.41632,120.54166666666667,0,0,576,8.327083333333333,0.4766239837398374,1514.9791666666667,Healthy,No Action,Transformer failure
11,2023-03-30,110.232956,120.41631,128.15468,1.0914063e-05,1.4686372e-06,0,38.8,33.104862,119.54166666666667,0,0,576,6.925000000000001,0.29601659891598914,1432.2944444444445,Healthy,No Action,Transformer failure
11,2023-03-31,112.11527,118.98702,123.33826,1.908383e-06,8.0293995e-07,0,37.7,33.897396,118.54166666666667,0,0,576,3.9305555555555554,0.06433604336043358,871.4708333333333,Healthy,No Action,Transformer failure
11,2023-04-01,113.00131,118.26846,121.39017,3.951023e-06,1.650465e-06,0,37.2,34.295834,117.54166666666667,0,0,576,4.783333333333333,0.09343733062330621,1110.5,Healthy,No Action,Transformer failure
11,2023-04-02,113.07924,117.57022,121.83209,1.1143117e-05,3.3253198e-06,0,37.2,34.68125,116.54166666666667,0,0,576,2.4124999999999996,0.01641124661246615,314.01944444444445,Healthy,No Action,Transformer failure
11,2023-04-03,108.71738,114.24063,122.58332,4.1878898e-06,1.5298253e-06,0,39.6,36.53368,115.54166666666667,0,0,576,7.815972222222222,0.4803194444444444,1283.4965277777778,Healthy,No Action,Transformer failure
11,2023-04-04,105.3351,115.333984,124.35782,4.2657057e-06,1.2689802e-06,0,41.5,35.925003,114.54166666666667,0,0,576,7.694444444444445,0.4101432926829268,1492.9430555555555,Healthy,No Action,Transformer failure
11,2023-04-05,106.0242,112.296524,117.91919,6.3294847e-06,1.6181367e-06,0,41.1,37.610764,113.54166666666667,0,0,576,5.906944444444445,0.20906571815718156,1228.7222222222222,Healthy,No Action,Transformer failure
11,2023-04-06,101.65142,111.44119,116.27296,2.1217258e-05,2.9892315e-06,0,43.5,38.085068,112.54166666666667,0,0,576,12.580555555555556,0.9044305555555555,1648.3493055555555,Healthy,No Action,Transformer failure
11,2023-04-07,105.52793,110.56296,115.74631,6.020454e-06,8.9328034e-07,0,41.4,38.576912,111.54166666666667,0,0,576,14.09513888888889,0.954495596205962,1659.24375,Healthy,No Action,Transformer failure
11,2023-04-08,104.30953,110.14944,114.19516,3.1099032e-06,8.9049144e-07,0,42.1,38.807987,110.54166666666667,0,0,576,11.911111111111111,0.8473509485094851,1639.1437500000002,Healthy,No Action,Transformer failure
11,2023-04-09,105.50854,109.31826,113.273994,8.6395e-07,4.2339698e-07,0,41.4,39.266666,109.54166666666667,0,0,576,12.809722222222222,0.9320528455284554,1656.6729166666667,Healthy,No Action,Transformer failure
11,2023-04-10,103.7983,109.863106,112.90942,4.208593e-06,1.5177961e-06,0,42.3,38.96649,108.54166666666667,0,0,576,13.211805555555555,0.9526121273712737,1658.1750000000002,Healthy,No Action,Transformer failure
11,2023-04-11,100.64371,107.01676,113.510765,3.999167e-06,8.4698723e-07,0,44.1,40.548958,107.54166666666667,0,0,576,7.885416666666667,0.42480860433604334,1485.06875,Healthy,No Action,Transformer failure
11,2023-04-12,98.3057,105.78604,112.71737,2.800189e-05,3.8280264e-06,0,45.4,41.230034,106.54166666666667,0,0,576,4.225694444444445,0.07429166666666666,899.9798611111112,Healthy,No Action,Transformer failure
11,2023-04-13,92.922554,103.721146,109.90858,8.4034495e-05,3.6838836e-05,0,48.4,42.37639,105.54166666666667,0,0,576,4.417361111111111,0.07869342818428184,926.1999999999999,Healthy,No Action,Transformer failure
11,2023-04-14,97.42043,103.44345,107.48477,8.525182e-05,2.8268123e-05,0,45.9,42.5342,104.54166666666667,0,0,576,3.5381944444444446,0.03740853658536586,686.5798611111111,Healthy,No Action,Transformer failure
11,2023-04-15,100.79823,103.96268,109.82187,7.906225e-06,4.0164236e-06,0,44.0,42.24236,103.54166666666667,0,0,576,3.379166666666667,0.0558458672086721,581.5701388888889,Healthy,No Action,Transformer failure
11,2023-04-16,99.46969,104.01601,110.04131,7.044271e-06,3.3601611e-06,0,44.7,42.21237,102.54166666666667,0,0,493,5.139553752535497,0.22616128234304655,869.1056795131846,Healthy,No Action,Transformer failure
11,2023-04-17,98.59279,103.564995,107.582596,9.748863e-06,3.4365166e-06,0,45.2,42.463192,101.54166666666667,0,0,432,4.607638888888889,0.10630047425474254,980.8881944444445,Healthy,No Action,Transformer failure
11,2023-04-18,84.64648,100.99034,109.46335,1.9850795e-05,4.137194e-06,0,53.0,43.89676,100.54166666666667,0,0,432,9.540972222222221,0.5895894308943089,1536.554861111111,Monitor,Schedule,Transformer failure
11,2023-04-19,92.332985,100.05136,108.34981,2.5537554e-06,9.1319407e-07,0,48.7,44.417595,99.54166666666667,0,0,432,12.82013888888889,0.7572279810298104,1588.8333333333333,Healthy,No Action,Transformer failure
11,2023-04-20,89.733925,97.00198,106.1146,5.3056556e-07,1.18054054e-07,0,50.1,46.11181,98.54166666666667,0,0,432,20.40833333333333,0.8307483062330624,1431.820138888889,Monitor,Schedule,Transformer failure
11,2023-04-21,92.64593,98.76289,103.46742,1.1983046e-06,2.7714046e-07,0,48.5,45.13287,97.54166666666667,0,0,432,15.741666666666665,0.9203245257452575,1651.5618055555553,Healthy,No Action,Transformer failure
11,2023-04-22,91.4831,97.22178,104.04431,1.055604e-06,4.2686247e-07,0,49.2,45.986343,96.54166666666667,0,0,432,13.670833333333334,0.8870738482384823,1637.670138888889,Healthy,No Action,Transformer failure
11,2023-04-23,90.04946,96.38376,106.93644,3.1723869e-06,7.908573e-07,0,50.0,46.455788,95.54166666666667,0,0,432,8.2875,0.4630470867208672,1533.8090277777778,Healthy,No Action,Transformer failure
11,2023-04-24,89.43632,97.33167,102.43983,5.2991554e-06,1.6004086e-06,0,50.3,45.927544,94.54166666666667,0,0,432,6.517361111111111,0.24454302168021677,1342.1,Monitor,Schedule,Transformer failure
11,2023-04-25,92.11226,96.57762,100.15838,3.942054e-06,9.84386e-07,0,48.8,46.342823,93.54166666666667,0,0,432,4.8798611111111105,0.08560467479674798,782.3416666666666,Healthy,No Action,Transformer failure
11,2023-04-26,89.01422,94.10736,101.25913,3.3028628e-05,1.32804225e-05,0,50.5,47.716434,92.54166666666667,0,0,432,4.540277777777778,0.08481063685636855,968.7694444444445,Monitor,Schedule,Transformer failure
11,2023-04-27,85.72957,92.20932,97.89157,2.0650306e-05,6.113361e-06,0,52.4,48.77199,91.54166666666667,0,0,432,3.3625,0.01194546070460705,639.0416666666666,Monitor,Schedule,Transformer failure
11,2023-04-28,82.07908,90.344154,97.59292,2.9709297e-05,8.292419e-06,0,54.4,49.809956,90.54166666666667,0,0,432,9.54722222222222,0.6751497289972899,1567.9263888888888,Monitor,Schedule,Transformer failure
11,2023-04-29,82.76235,88.083206,92.878204,6.2726026e-06,2.6804414e-06,0,54.0,51.064117,89.54166666666667,0,0,432,5.236111111111111,0.16010772357723577,1136.1173611111112,Monitor,Schedule,Transformer failure
11,2023-04-30,80.94777,91.23784,101.657906,1.3131452e-05,4.5955003e-06,0,55.0,49.311573,88.54166666666667,0,0,432,5.690972222222222,0.221210027100271,1138.1159722222221,Monitor,Schedule,Transformer failure
11,2023-05-01,82.89657,86.22045,89.75943,8.410615e-06,3.6026222e-06,0,53.9,52.101154,87.54166666666667,0,0,432,3.986111111111111,0.0494071815718157,950.1638888888889,Monitor,Schedule,Transformer failure
11,2023-05-02,80.28409,86.26422,91.11112,1.273399e-05,4.095749e-06,0,55.4,52.07338,86.54166666666667,0,0,432,11.318055555555555,0.7706016260162601,1581.0208333333333,Monitor,Schedule,Transformer failure
11,2023-05-03,77.40853,84.4456,90.31184,4.6878686e-06,1.3030035e-06,0,57.0,53.086575,85.54166666666667,0,0,432,9.939583333333333,0.6934332655826558,1592.5513888888888,Monitor,Schedule,Transformer failure
11,2023-05-04,77.63984,83.36259,87.90944,4.28945e-07,2.409671e-07,0,56.9,53.6875,84.54166666666667,0,0,432,7.467361111111111,0.3843252032520325,1381.3326388888888,Monitor,Schedule,Transformer failure
11,2023-05-05,76.68455,82.91449,87.16584,1.2361943e-06,4.9820636e-07,0,57.4,53.939117,83.54166666666667,0,0,432,5.267361111111111,0.15198136856368563,1131.2555555555557,Monitor,Schedule,Transformer failure
11,2023-05-06,68.83121,79.31465,87.30623,7.02217e-06,3.2943722e-06,0,61.8,55.935184,82.54166666666667,0,0,432,3.0784722222222225,0.020631775067750692,560.8208333333333,Monitor,Schedule,Transformer failure
11,2023-05-07,76.84811,81.53242,86.58207,8.20959e-06,3.7444577e-06,0,57.3,54.705322,81.54166666666667,0,0,432,6.0472222222222225,0.2458929539295393,1229.6291666666668,Monitor,Schedule,Transformer failure
11,2023-05-08,78.50142,84.5004,89.991104,2.2752818e-06,7.2476865e-07,0,56.4,53.05301,80.54166666666667,0,0,432,6.71875,0.26671883468834684,1399.8354166666668,Monitor,Schedule,Transformer failure
11,2023-05-09,75.02818,80.978195,87.25802,4.2072588e-07,1.6816365e-07,0,58.3,55.010723,79.54166666666667,0,0,345,5.011304347826087,0.12030922587486743,1080.02,Monitor,Schedule,Transformer failure
11,2023-05-10,76.17275,80.011086,84.98863,1.4016493e-06,6.6739585e-07,0,57.7,55.55,78.54166666666667,0,0,432,6.586805555555555,0.25968936314363145,1046.607638888889,Monitor,Schedule,Transformer failure
11,2023-05-11,74.746,78.94615,83.28423,1.3103491e-06,5.833939e-07,0,58.5,56.139816,77.54166666666667,0,0,432,8.084027777777779,0.4523611111111111,1532.2993055555557,Monitor,Schedule,Transformer failure
11,2023-05-12,72.3352,76.774414,80.237335,5.3431722e-06,1.2519993e-06,0,59.8,57.350925,76.54166666666667,0,0,432,7.729166666666667,0.4083323170731707,1485.8638888888888,Monitor,Schedule,Transformer failure
11,2023-05-13,73.14362,77.5897,83.217705,5.123003e-06,1.2006965e-06,0,59.4,56.891205,75.54166666666667,0,0,432,3.5951388888888887,0.05015040650406505,700.5027777777779,Monitor,Schedule,Transformer failure
11,2023-05-14,73.00531,76.48658,82.453384,1.5738733e-05,4.341413e-06,0,59.4,57.506016,74.54166666666667,0,0,432,3.0583333333333336,0.045965785907859096,475.86388888888894,Monitor,Schedule,Transformer failure
11,2023-05-15,66.34818,74.71375,80.212036,5.025253e-06,1.7671612e-06,0,63.1,58.49051,73.54166666666667,0,0,432,9.052777777777779,0.5385829945799459,1441.6847222222223,Monitor,Schedule,Transformer failure
11,2023-05-16,65.80002,74.16844,81.4802,2.9312969e-06,6.8351903e-07,0,63.4,58.797222,72.54166666666667,0,0,432,11.7375,0.7868373983739837,1612.0006944444447,Monitor,Schedule,Transformer failure
11,2023-05-17,60.889988,70.530975,76.2514,8.9360645e-07,2.6242216e-07,0,66.2,60.81736,71.54166666666667,0,0,432,10.230555555555556,0.6942886178861789,1586.0777777777778,Monitor,Schedule,Transformer failure
11,2023-05-18,57.197735,68.777916,77.11068,4.70684e-06,5.402175e-07,0,68.2,61.791435,70.54166666666667,0,0,432,5.525,0.18387872628726287,1129.4284722222221,Monitor,Schedule,Transformer failure
11,2023-05-19,62.473675,70.566444,77.105194,5.2579476e-06,1.7053819e-06,0,65.3,60.79861,69.54166666666667,0,0,432,4.211805555555555,0.05822459349593494,972.6625,Monitor,Schedule,Transformer failure
11,2023-05-20,60.335373,67.914375,75.59825,3.6895824e-06,9.3579985e-07,0,66.5,62.269676,68.54166666666667,0,0,432,13.70277777777778,0.8987083333333333,1648.4618055555557,Monitor,Schedule,Transformer failure
11,2023-05-21,63.162754,68.87082,77.72243,1.7079268e-06,4.1391297e-07,0,64.9,61.737965,67.54166666666667,0,0,432,14.582638888888889,0.7736365176151762,1484.8541666666667,Monitor,Schedule,Transformer failure
11,2023-05-22,61.86507,66.7955,71.53776,1.536162e-05,2.1533026e-06,0,65.6,62.8919,66.54166666666667,0,0,432,4.104166666666667,0.08767953929539295,813.8229166666666,Monitor,Schedule,Transformer failure
11,2023-05-23,62.984486,68.00563,75.85225,1.7707333e-05,3.9366405e-06,0,65.0,62.219677,65.54166666666667,0,0,432,11.5625,0.6368980352303523,1546.8604166666667,Monitor,Schedule,Transformer failure
11,2023-05-24,61.556694,66.55602,71.86788,2.076029e-06,8.749298e-07,0,65.8,63.02708,64.54166666666667,0,0,432,12.052083333333334,0.8184065040650407,1631.2826388888889,Monitor,Schedule,Transformer failure
11,2023-05-25,59.28125,65.74649,72.48994,4.4022406e-07,1.268613e-07,0,67.1,63.474075,63.541666666666664,0,0,432,6.895138888888888,0.34642615176151764,1268.6993055555556,Monitor,Schedule,Transformer failure
11,2023-05-26,53.641186,61.309673,67.37573,3.4174176e-05,5.178755e-06,0,70.2,65.93889,62.541666666666664,0,0,432,3.2944444444444447,0.021870934959349612,571.2902777777778,Monitor,Schedule,Transformer failure
11,2023-05-27,51.637222,58.211693,64.8981,2.4625535e-05,7.799049e-06,0,71.3,67.65903,61.541666666666664,0,0,432,4.425,0.13089634146341464,749.1263888888889,Monitor,Schedule,Transformer failure
11,2023-05-28,52.743736,58.936626,65.14534,4.6325637e-05,1.1150467e-05,0,70.7,67.25625,60.541666666666664,0,0,432,4.886805555555555,0.1126100948509485,1022.4069444444444,Monitor,Schedule,Transformer failure
11,2023-05-29,54.66016,60.729717,64.866486,8.450669e-05,2.5001526e-05,0,69.6,66.26065,59.541666666666664,0,0,432,4.074305555555555,0.07233976964769646,856.8888888888889,Monitor,Schedule,Transformer failure
11,2023-05-30,56.320576,60.999302,64.76545,0.00016381078,6.067758e-05,0,68.7,66.112495,58.541666666666664,0,0,432,3.727777777777778,0.056243902439024406,654.9694444444444,Monitor,Schedule,Transformer failure
11,2023-05-31,50.776627,58.38272,64.047455,4.5175373e-05,1.432195e-05,0,71.8,67.56481,57.541666666666664,0,0,432,8.865972222222222,0.5538018292682927,1509.6256944444447,Monitor,Schedule,Transformer failure
11,2023-06-01,48.02758,55.13708,60.892414,7.2264997e-06,2.1626201e-06,0,73.3,69.36991,56.541666666666664,0,0,432,9.459722222222222,0.6271876693766937,1593.103472222222,Monitor,Schedule,Transformer failure
11,2023-06-02,49.27173,54.645016,62.644707,3.8536138e-05,8.109362e-06,0,72.6,69.64306,55.541666666666664,0,0,432,7.732638888888889,0.43022459349593495,1370.3583333333333,Monitor,Schedule,Transformer failure
11,2023-06-03,47.272675,53.74285,59.599308,0.00016113934,4.5476514e-05,0,73.7,70.140045,54.541666666666664,0,0,432,3.5381944444444446,0.04386653116531166,679.5958333333334,Monitor,Schedule,Transformer failure
11,2023-06-04,42.492935,51.466038,59.987724,0.00032841234,0.00013121811,0,76.4,71.41134,53.541666666666664,0,0,432,4.270833333333333,0.12307723577235773,815.7791666666666,Monitor,Schedule,Transformer failure
11,2023-06-05,44.159115,50.946823,54.64053,0.00039375894,0.00012256707,0,75.5,71.6919,52.541666666666664,0,0,432,3.9402777777777778,0.07225440379403793,790.5229166666667,Monitor,Schedule,Transformer failure
11,2023-06-06,47.747204,52.44392,57.69964,0.0012527562,0.0003215438,0,73.5,70.8632,51.541666666666664,0,0,432,3.9527777777777775,0.07126626016260162,764.5368055555556,Monitor,Schedule,Transformer failure
11,2023-06-07,47.195827,52.993393,60.06805,0.0011841486,0.00027391448,0,73.8,70.55856,50.541666666666664,0,0,432,7.294444444444444,0.4200877371273713,977.0611111111111,Monitor,Schedule,Transformer failure
11,2023-06-08,42.400497,49.756863,59.367435,1.4251812e-05,4.0536665e-06,0,76.4,72.35648,49.541666666666664,0,0,432,10.941666666666666,0.7035599593495936,1512.4597222222221,Monitor,Schedule,Transformer failure
11,2023-06-09,40.44198,48.552387,56.183773,3.925504e-05,7.307391e-06,0,77.5,73.02796,48.541666666666664,0,0,304,3.8259868421052627,0.0775250320924262,687.0963815789473,Monitor,Schedule,Transformer failure
11,2023-06-10,40.395016,47.70618,54.391388,9.567531e-05,2.06852e-05,0,77.6,73.49792,47.541666666666664,0,0,288,7.752083333333333,0.44641023035230354,1319.490277777778,Monitor,Schedule,Transformer failure
11,2023-06-11,44.130188,48.637394,55.04237,5.230336e-06,1.7994403e-06,0,75.5,72.98195,46.541666666666664,0,0,288,11.199305555555556,0.6997428861788618,1383.552777777778,Monitor,Schedule,Transformer failure
11,2023-06-12,41.406975,46.52136,56.570957,4.047948e-06,1.3710696e-06,0,77.0,74.15591,45.541666666666664,0,0,288,9.933333333333334,0.6257042682926829,1566.5361111111113,Monitor,Schedule,Transformer failure
11,2023-06-13,39.410526,44.15884,50.134796,7.6640055e-07,2.1619957e-07,0,78.1,75.464935,44.541666666666664,0,0,288,7.262499999999999,0.3595779132791328,1300.6180555555557,Monitor,Schedule,Transformer failure
11,2023-06-14,37.8766,43.341785,50.154034,9.463065e-06,1.3194195e-06,0,79.0,75.92049,43.541666666666664,0,0,288,3.1458333333333335,0.038324864498645014,565.7152777777778,Monitor,Schedule,Transformer failure
11,2023-06-15,36.727753,42.10764,46.647625,1.5707064e-05,3.0170866e-06,0,79.6,76.6066,42.541666666666664,0,0,288,3.0430555555555556,0.027981368563685667,474.5631944444445,Monitor,Schedule,Transformer failure
11,2023-06-16,36.061615,41.882065,48.368195,1.7852151e-05,3.3863564e-06,0,80.0,76.727776,41.541666666666664,0,0,288,9.73125,0.4303919376693767,1159.0520833333333,Monitor,Schedule,Transformer failure
11,2023-06-17,30.999495,41.71825,46.22963,3.6602412e-07,8.5939796e-08,0,82.8,76.82257,40.541666666666664,0,0,288,10.729166666666666,0.7091819105691057,1612.1902777777777,Monitor,Schedule,Transformer failure
11,2023-06-18,35.218994,40.663006,47.00655,2.1146393e-07,5.9825446e-08,0,80.4,77.410416,39.541666666666664,0,0,288,9.777083333333334,0.6487852303523035,1598.2312499999998,Monitor,Schedule,Transformer failure
11,2023-06-19,31.501087,37.950375,41.935825,9.283029e-07,1.3849632e-07,0,82.5,78.915276,38.541666666666664,0,0,288,10.714583333333334,0.4681581978319783,1235.1229166666667,Monitor,Schedule,Transformer failure
11,2023-06-20,34.108364,38.001587,43.1633,2.8127363e-07,4.8263807e-08,0,81.1,78.88854,37.541666666666664,0,0,288,10.27986111111111,0.4879837398373984,1021.3256944444444,Monitor,Schedule,Transformer failure
11,2023-06-21,35.16816,38.446728,41.793514,1.1970322e-06,3.2900027e-07,0,80.5,78.64271,36.541666666666664,0,0,288,5.016666666666667,0.12701084010840105,1060.3736111111111,Monitor,Schedule,Transformer failure
11,2023-06-22,32.414036,36.754547,42.73565,5.7622066e-07,1.9514532e-07,0,82.0,79.58071,35.541666666666664,0,0,254,3.269291338582677,0.042060687536009216,659.440157480315,Monitor,Schedule,Transformer failure
11,2023-06-23,30.504053,36.348736,42.999123,1.7069538e-05,2.382233e-06,0,83.1,79.808334,34.541666666666664,0,0,288,3.084027777777778,0.03166192411924121,545.401388888889,Monitor,Schedule,Transformer failure
11,2023-06-24,26.836218,35.766056,43.32407,0.00010092781,1.5813348e-05,0,85.1,80.12847,33.541666666666664,0,0,288,4.565277777777777,0.09121646341463413,931.3055555555555,Warning,Plan Soon,Transformer failure
11,2023-06-25,23.838942,32.90582,38.29204,1.2709204e-05,4.604161e-06,0,86.8,81.72083,32.541666666666664,0,0,288,4.667361111111111,0.11145359078590784,929.9840277777779,Warning,Plan Soon,Transformer failure
11,2023-06-26,27.907572,33.11236,42.092876,4.655371e-05,8.697246e-06,0,84.5,81.60486,31.541666666666668,0,0,288,3.686111111111111,0.042707994579945806,742.3298611111111,Warning,Plan Soon,Transformer failure
11,2023-06-27,23.881063,31.879543,37.24463,0.00015543643,5.979104e-05,0,86.7,82.29062,30.541666666666668,0,0,288,6.246527777777778,0.24052676151761515,1254.7465277777778,Warning,Plan Soon,Transformer failure
11,2023-06-28,22.585262,30.56086,39.89331,5.9999566e-05,1.09910425e-05,0,87.5,83.02361,29.541666666666668,0,0,288,6.38125,0.28356842818428185,1173.3347222222224,Warning,Plan Soon,Transformer failure
11,2023-06-29,25.952778,30.159224,35.563786,6.3973735e-06,2.7465694e-06,0,85.6,83.243744,28.541666666666668,0,0,288,7.986805555555555,0.413904810298103,1498.7270833333334,Warning,Plan Soon,Transformer failure
11,2023-06-30,24.721418,28.302711,31.212925,3.6456518e-06,1.0096393e-06,0,86.3,84.27535,27.541666666666668,0,0,288,6.768750000000001,0.28652676151761514,1391.759722222222,Warning,Plan Soon,Transformer failure
11,2023-07-01,18.79515,26.33001,32.72053,2.089372e-05,7.795051e-06,0,89.6,85.37292,26.541666666666668,0,0,288,4.804166666666666,0.14374017615176152,931.7236111111112,Warning,Plan Soon,Transformer failure
11,2023-07-02,22.02135,26.20677,33.142006,3.8980816e-05,1.3354897e-05,0,87.8,85.44097,25.541666666666668,0,0,288,12.722222222222221,0.7827540650406504,1528.517361111111,Warning,Plan Soon,Transformer failure
11,2023-07-03,19.600492,24.499674,29.278135,4.062803e-06,1.27456e-06,0,89.1,86.388885,24.541666666666668,0,0,288,12.134722222222223,0.5867886178861789,1254.8590277777778,Warning,Plan Soon,Transformer failure
11,2023-07-04,20.17484,24.466774,34.189255,2.9155754e-06,9.192441e-07,0,88.8,86.406944,23.541666666666668,0,0,288,10.96875,0.7992415311653116,1636.5826388888888,Warning,Plan Soon,Transformer failure
11,2023-07-05,18.270685,22.665527,28.5088,1.3135347e-06,6.8007165e-07,0,89.8,87.40903,22.541666666666668,0,0,144,5.304166666666666,0.15742276422764226,1084.5749999999998,Warning,Plan Soon,Transformer failure
11,2023-07-06,18.325396,22.759052,26.454863,3.1884133e-06,8.5753004e-07,0,89.8,87.35634,21.541666666666668,0,0,142,3.7014084507042253,0.031134318103744413,761.1859154929577,Warning,Plan Soon,Transformer failure
11,2023-07-07,14.2152195,21.22584,27.213219,2.2310323e-05,6.6014236e-06,0,92.1,88.208336,20.541666666666668,0,0,288,4.170138888888889,0.10405962059620597,761.3763888888889,Warning,Plan Soon,Transformer failure
11,2023-07-08,13.592727,20.169407,26.27704,4.85744e-05,1.4583661e-05,0,92.4,88.79306,19.541666666666668,0,0,288,4.638194444444444,0.07946273712737124,1077.3423611111111,Warning,Urgent,Transformer failure
11,2023-07-09,15.492634,19.490957,24.074736,0.00017012203,9.2473056e-05,0,91.4,89.17326,18.541666666666668,0,0,288,3.752083333333333,0.03189939024390243,810.8673611111111,Warning,Plan Soon,Transformer failure
11,2023-07-10,13.231097,17.76804,20.699371,0.001151654,0.00021297767,0,92.6,90.12986,17.541666666666668,0,0,288,3.3305555555555557,0.04711212737127373,573.5006944444444,Warning,Urgent,Transformer failure
11,2023-07-11,12.457832,17.634151,20.995916,0.0051794723,0.0012293607,0,93.1,90.20174,16.541666666666668,0,0,288,3.7430555555555554,0.06506537940379405,723.6493055555555,Warning,Urgent,Transformer failure
11,2023-07-12,9.826203,15.909668,22.942924,0.037678283,0.004578866,0,94.5,91.15938,15.541666666666666,0,0,288,5.248611111111111,0.10870121951219512,756.6909722222222,Warning,Urgent,Transformer failure
11,2023-07-13,9.148871,16.482347,21.978323,0.002906699,0.0006435373,0,94.9,90.84549,14.541666666666666,0,0,288,4.028472222222223,0.0578600948509485,782.91875,Warning,Urgent,Transformer failure
11,2023-07-14,8.377051,13.800621,19.949247,0.0025737958,0.00060808135,0,95.3,92.3316,13.541666666666666,0,0,288,3.45,0.02236415989159891,714.9923611111111,Warning,Urgent,Transformer failure
11,2023-07-15,9.577483,13.932538,19.336277,0.00294227,0.0005707198,0,94.7,92.25868,12.541666666666666,0,0,288,6.621527777777778,0.24973170731707317,1392.4958333333334,Warning,Urgent,Transformer failure
11,2023-07-16,2.3650165,11.64747,18.895657,0.00014452105,2.9648267e-05,0,98.7,93.52847,11.541666666666666,0,0,288,11.300694444444444,0.7282811653116531,1541.4972222222223,Critical,Urgent,Transformer failure
11,2023-07-17,4.534201,10.34536,17.529333,1.7736082e-05,5.4202046e-06,0,97.5,94.253815,10.541666666666666,0,0,288,12.814583333333333,0.6972320460704607,1270.0826388888888,Critical,Urgent,Transformer failure
11,2023-07-18,5.573901,10.854906,17.35512,7.553434e-05,1.7644474e-05,0,96.9,93.96875,9.541666666666666,0,0,288,7.747222222222222,0.28827947154471545,1187.0708333333334,Critical,Urgent,Transformer failure
11,2023-07-19,7.5898533,11.08807,17.002419,0.00024918787,8.842195e-05,0,95.8,93.84236,8.541666666666666,0,0,288,4.667361111111111,0.09487228997289972,983.5694444444445,Warning,Urgent,Transformer failure
11,2023-07-20,6.744048,10.300465,14.476131,0.00091665296,0.00020660541,0,96.3,94.27927,7.708333333333333,0,0,246,4.699186991869919,0.12147213959944479,878.5170731707318,Critical,Urgent,Transformer failure
11,2023-07-21,2.71,9.293637,17.713774,0.9999176,0.7358632,138,98.5,94.83947,6.541666666666667,138,0,190,4.932631578947369,0.09453299101412065,1053.5894736842106,Critical,Immediate,Transformer failure
11,2023-07-22,2.7496324,7.6554923,13.910057,0.99992895,0.99980575,288,98.5,95.744446,5.541666666666667,288,0,288,4.2444444444444445,0.06750982384823849,827.3138888888889,Critical,Immediate,Transformer failure
11,2023-07-23,2.664711,5.9118423,9.34934,0.99996364,0.99992615,288,98.5,96.71215,4.541666666666667,288,0,288,3.638888888888889,0.059278116531165326,646.9729166666667,Critical,Immediate,Transformer failure
11,2023-07-24,0.0,3.7436724,10.33178,0.99998474,0.9999383,288,100.0,97.920135,3.5416666666666665,288,0,288,3.6458333333333335,0.07877100271002713,585.9534722222222,Critical,Immediate,Transformer failure
11,2023-07-25,0.0,2.637677,6.7934294,0.9999819,0.9999397,288,100.0,98.537506,2.5416666666666665,288,0,288,3.3680555555555554,0.02175508130081302,617.7506944444444,Critical,Immediate,Transformer failure
11,2023-07-26,0.0,3.1804118,9.915865,0.99998426,0.99993294,288,100.0,98.23507,1.5416666666666667,288,0,288,3.473611111111111,0.03234518970189703,622.901388888889,Critical,Immediate,Transformer failure
11,2023-07-27,0.0,2.0065155,5.4734716,0.9999676,0.9998807,288,100.0,98.88264,0.5416666666666666,288,0,288,3.7395833333333335,0.03821951219512196,728.7118055555555,Critical,Immediate,Transformer failure
11,2023-07-28,0.0,49.428116,122.32001,0.9999056,0.8412995,266,100.0,72.53993,0.041666666666666664,150,128,288,3.152083333333333,0.03629098915989161,576.4034722222223,Critical,Immediate,Transformer failure
11,2023-07-29,89.8749,105.59124,123.04701,0.9201925,0.54763734,168,50.1,41.335766,180.0,0,288,288,3.0597222222222222,0.020950880758807605,550.0465277777778,Monitor,Immediate,Healthy
11,2023-07-30,84.235916,100.348045,117.2909,0.8597504,0.5634049,201,53.2,44.248264,180.0,0,288,288,3.2215277777777778,0.024835704607046087,585.2826388888889,Monitor,Immediate,Healthy
11,2023-07-31,93.61831,115.67304,143.51846,0.89478076,0.7464677,276,48.0,35.739437,180.0,0,284,284,4.379577464788732,0.06867536928890415,902.019014084507,Healthy,Immediate,Healthy
11,2023-08-01,129.59854,149.75882,165.92735,0.79331607,0.21684243,36,28.0,16.800695,180.0,0,288,288,3.619444444444445,0.03796612466124662,675.89375,Healthy,Immediate,Healthy
11,2023-08-02,146.60774,159.12703,172.09639,0.16349033,0.052382533,0,18.6,11.59618,180.0,0,288,288,3.540972222222222,0.06471747967479677,557.4395833333333,Healthy,No Action,Healthy
11,2023-08-03,126.94227,151.69492,168.96013,0.4039899,0.111385435,0,29.5,15.723958,180.0,0,288,288,2.935416666666667,0.029356368563685658,491.9479166666667,Healthy,No Action,Healthy
11,2023-08-04,80.02541,127.61586,142.87192,0.3097176,0.1083032,0,55.5,29.102085,180.0,0,288,288,2.6937499999999996,0.01718766937669379,461.9604166666667,Monitor,Schedule,Healthy
11,2023-08-05,59.111336,72.96799,92.10214,0.91392475,0.52587676,178,67.2,59.46285,180.0,0,288,288,2.979861111111111,0.022633807588075903,456.7805555555555,Monitor,Immediate,Healthy
11,2023-08-06,58.35126,71.13118,100.10291,0.9825252,0.7901252,248,67.6,60.48333,180.0,0,288,288,2.995833333333333,0.03086822493224935,462.6826388888889,Monitor,Immediate,Healthy
11,2023-08-07,61.269062,82.13623,104.19578,0.9461732,0.5499196,166,66.0,54.366665,180.0,0,288,288,4.405555555555555,0.07345697831978319,923.0090277777776,Monitor,Immediate,Healthy
11,2023-08-08,62.1189,81.794655,102.1796,0.37954754,0.056357443,0,65.5,54.558334,180.0,0,288,288,4.807638888888889,0.11920697831978318,987.1513888888888,Monitor,Schedule,Healthy
11,2023-08-09,81.280975,98.7463,114.07645,0.00413147,0.0011103409,0,54.8,45.13993,180.0,0,288,288,4.140972222222222,0.08114769647696478,793.0256944444444,Monitor,Schedule,Healthy
11,2023-08-10,85.78644,110.40203,129.10802,0.006066894,0.001415287,0,52.3,38.666668,180.0,0,288,288,6.643055555555556,0.35355386178861786,1026.4250000000002,Monitor,Schedule,Healthy
11,2023-08-11,125.275085,154.22931,180.0,0.020717332,0.0019286853,0,30.4,14.317647,180.0,0,160,272,12.370588235294118,0.8618507890961263,1636.4698529411764,Healthy,No Action,Healthy
11,2023-08-12,163.53992,173.45306,180.0,0.024132213,0.0066607757,0,9.1,3.6381946,180.0,0,0,288,12.943055555555555,0.8799878048780488,1640.6104166666667,Healthy,No Action,Healthy
11,2023-08-13,168.11021,178.21228,180.0,0.004515853,0.0013351642,0,6.6,0.9937778,180.0,0,0,225,13.200444444444445,0.9283189159891598,1650.4137777777776,Healthy,No Action,Healthy
11,2023-08-14,161.23578,176.40723,180.0,0.0017654886,0.0006679488,0,10.4,1.9958333,180.0,0,0,144,11.406944444444443,0.823265243902439,1638.1479166666666,Healthy,No Action,Healthy
11,2023-08-15,165.49542,174.92902,180.0,0.0024497607,0.0008444114,0,8.1,2.8152778,180.0,0,0,144,5.836111111111111,0.1757472899728997,1219.4659722222223,Healthy,No Action,Healthy
11,2023-08-16,167.499,176.60307,180.0,0.0003750635,6.177011e-05,0,6.9,1.8854166,180.0,0,0,144,2.9368055555555554,0.033775745257452604,422.6076388888889,Healthy,No Action,Healthy
11,2023-08-17,167.41125,177.85654,180.0,0.003554552,0.0007280837,0,7.0,1.1918519,180.0,0,0,135,5.562962962962963,0.16683252032520327,880.8133333333334,Healthy,No Action,Healthy
11,2023-08-18,168.8309,176.43463,180.0,0.0029799729,0.0008623301,0,6.2,1.9805557,180.0,0,0,144,6.081250000000001,0.20696883468834687,1241.4597222222224,Healthy,No Action,Healthy
11,2023-08-19,158.62964,176.68877,180.0,0.00036915758,9.421151e-05,0,11.9,1.8395833,180.0,0,0,144,5.082638888888889,0.20836449864498646,836.2611111111112,Healthy,No Action,Healthy
11,2023-08-20,159.11209,170.20502,180.0,0.0002709644,8.5394204e-05,0,11.6,5.4416666,180.0,0,0,144,10.856944444444444,0.5969769647696477,1289.7034722222222,Healthy,No Action,Healthy
11,2023-08-21,164.0491,177.6591,180.0,0.0002758558,8.1276245e-05,0,8.9,1.3013889,180.0,0,0,144,10.078472222222222,0.5447476287262872,1406.8701388888887,Healthy,No Action,Healthy
11,2023-08-22,171.64317,178.84528,180.0,0.00018018857,9.6248325e-05,0,4.6,0.64027774,180.0,0,0,144,9.241666666666667,0.5540904471544715,1587.275,Healthy,No Action,Healthy
11,2023-08-23,155.5177,177.10071,180.0,0.00053126,0.00014344342,0,13.6,1.6083333,180.0,0,0,144,5.827083333333333,0.1580182926829268,1235.8041666666666,Healthy,No Action,Healthy
11,2023-08-24,160.80293,178.35071,180.0,0.0006660225,0.00024502177,0,10.7,0.9159722,180.0,0,0,144,4.178472222222222,0.04990277777777777,914.2548611111112,Healthy,No Action,Healthy
11,2023-08-25,157.09004,177.8953,180.0,0.00068516115,0.0002515346,0,12.7,1.16875,180.0,0,0,144,5.168749999999999,0.12263685636856365,1064.5555555555557,Healthy,No Action,Healthy
11,2023-08-26,152.46387,176.03406,180.0,0.0009764517,0.00024666297,0,15.3,2.2027779,180.0,0,0,144,6.796527777777778,0.25782960704607044,1347.5736111111112,Healthy,No Action,Healthy
11,2023-08-27,156.13805,172.91855,180.0,0.0005845875,0.00025228542,0,13.3,3.9305556,180.0,0,0,144,6.540277777777778,0.26828353658536586,1324.2055555555555,Healthy,No Action,Healthy
11,2023-08-28,146.35587,161.25562,176.9235,0.0031597957,0.00075971725,0,18.7,10.415973,180.0,0,0,144,4.134027777777778,0.07957994579945799,887.5138888888889,Healthy,No Action,Healthy
11,2023-08-29,152.66664,163.57788,179.90115,0.0029606759,0.0004103831,0,15.2,9.125694,180.0,0,0,144,3.6958333333333337,0.05257926829268293,696.2916666666666,Healthy,No Action,Healthy
11,2023-08-30,155.06207,168.26512,180.0,0.0074073146,0.0020382272,0,13.9,6.5180554,180.0,0,0,144,2.4243055555555557,0.015412262872628757,387.8208333333334,Healthy,No Action,Healthy
11,2023-08-31,162.5738,173.30179,180.0,0.00758801,0.002126043,0,9.7,3.720139,180.0,0,0,144,3.908333333333333,0.052432926829268284,773.9826388888889,Healthy,No Action,Healthy
11,2023-09-01,160.73274,170.89221,180.0,0.003575242,0.00093169895,0,10.7,5.0555553,180.0,0,0,144,8.098611111111111,0.4459217479674797,1528.8138888888889,Healthy,No Action,Healthy
11,2023-09-02,155.97775,168.26894,180.0,0.0017684553,0.00045229282,0,13.3,6.5180554,180.0,0,0,144,10.323611111111111,0.6911392276422764,1602.3243055555556,Healthy,No Action,Healthy
11,2023-09-03,162.13235,173.66731,180.0,0.00067085575,0.0001784263,0,9.9,3.5152779,180.0,0,0,144,6.588888888888889,0.28487567750677506,1306.6472222222224,Healthy,No Action,Healthy
11,2023-09-04,174.24973,179.42496,180.0,0.00015049578,2.1740443e-05,0,3.2,0.31805554,180.0,0,0,144,3.9819444444444443,0.08068529810298103,776.348611111111,Healthy,No Action,Healthy
11,2023-09-05,170.26256,178.5655,180.0,2.1780967e-05,6.829115e-06,0,5.4,0.7986111,180.0,0,0,144,4.513194444444444,0.10349661246612465,916.8708333333333,Healthy,No Action,Healthy
11,2023-09-06,158.60066,170.4814,180.0,3.0385692e-05,1.3092613e-05,0,11.9,5.289583,180.0,0,0,144,6.465972222222223,0.24329776422764227,1358.2826388888889,Healthy,No Action,Healthy
11,2023-09-07,149.56024,167.13322,176.05922,2.0492089e-05,9.051127e-06,0,16.9,7.145139,180.0,0,0,144,5.588888888888889,0.14942750677506772,1251.5430555555556,Healthy,No Action,Healthy
11,2023-09-08,137.18842,170.11238,180.0,1.917209e-05,8.764411e-06,0,23.8,5.4951386,180.0,0,0,144,4.584722222222222,0.07171070460704605,1023.8173611111112,Healthy,No Action,Healthy
11,2023-09-09,157.12766,168.22891,180.0,2.0750907e-05,6.5011745e-06,0,12.7,6.54375,180.0,0,0,144,5.585416666666666,0.26253963414634146,988.1527777777778,Healthy,No Action,Healthy
11,2023-09-10,150.71986,167.91185,177.11357,3.2822884e-06,1.0089824e-06,0,16.3,6.715972,180.0,0,0,144,5.293749999999999,0.15887567750677506,1104.0909722222223,Healthy,No Action,Healthy
11,2023-09-11,168.50227,175.31647,180.0,1.7791577e-05,5.598571e-06,0,6.4,2.6034722,180.0,0,0,144,3.1708333333333334,0.03353252032520326,548.7125000000001,Healthy,No Action,Healthy
11,2023-09-12,156.60341,169.94823,180.0,5.2155738e-05,1.0881329e-05,0,13.0,5.58125,180.0,0,0,144,3.703472222222222,0.07460975609756099,725.7,Healthy,No Action,Healthy
11,2023-09-13,153.90594,167.24515,180.0,4.4993463e-05,1.3564115e-05,0,14.5,7.0868053,180.0,0,0,144,10.375,0.7093929539295393,1577.3951388888888,Healthy,No Action,Healthy
11,2023-09-14,160.16313,174.66669,180.0,8.275233e-06,2.1092512e-06,0,11.0,2.9652777,180.0,0,0,144,3.744444444444445,0.06417378048780488,720.1708333333333,Healthy,No Action,Healthy
11,2023-09-15,169.22086,176.43231,180.0,7.7877274e-05,2.0366091e-05,0,6.0,1.9826388,180.0,0,0,144,4.860416666666667,0.15384247967479675,963.4319444444445,Healthy,No Action,Healthy
11,2023-09-16,168.90794,175.0788,179.93456,0.00011620809,2.6029402e-05,0,6.2,2.7333333,180.0,0,0,144,4.248611111111111,0.09008773712737127,834.1909722222222,Healthy,No Action,Healthy
11,2023-09-17,167.62045,174.20715,180.0,1.9683492e-05,8.905091e-06,0,6.9,3.220139,180.0,0,0,144,3.3979166666666667,0.027773373983739844,641.5791666666667,Healthy,No Action,Healthy
11,2023-09-18,167.90065,174.54388,179.13423,6.888583e-06,1.3254239e-06,0,6.7,3.029861,180.0,0,0,144,4.093055555555555,0.11942886178861789,725.245138888889,Healthy,No Action,Healthy
11,2023-09-19,168.03632,175.35577,180.0,7.1080024e-07,3.0364555e-07,0,6.6,2.5784721,180.0,0,0,144,2.8319444444444444,0.03736077235772359,488.1361111111112,Healthy,No Action,Healthy
11,2023-09-20,144.72394,158.52373,174.25212,2.559556e-06,1.130062e-06,0,19.6,11.929167,180.0,0,0,144,4.518750000000001,0.10448848238482383,918.6736111111111,Healthy,No Action,Healthy
11,2023-09-21,144.06888,147.01103,148.72736,9.919983e-07,8.72607e-07,0,20.0,18.35,180.0,0,0,6,6.183333333333334,0.17535772357723575,1343.6833333333334,Healthy,No Action,Healthy
13,2022-03-03,170.97256,178.07526,180.0,0.00021632282,4.4315613e-05,0,5.0,1.0754386,180.0,0,0,57,3.0473684210526315,-0.001530166880616135,140.62105263157895,Healthy,No Action,Healthy
13,2022-03-04,159.59407,176.19691,180.0,0.0018272601,0.00027233886,0,11.3,2.1145833,180.0,0,0,144,3.863888888888889,0.0833079268292683,717.4430555555556,Healthy,No Action,Healthy
13,2022-03-05,172.73453,177.9298,180.0,0.0003239713,0.00013737645,0,4.0,1.1465278,180.0,0,0,144,7.825694444444445,0.4535396341463414,1515.7506944444444,Healthy,No Action,Healthy
13,2022-03-06,171.91827,177.01164,180.0,0.0002655028,0.00014564762,0,4.5,1.65625,180.0,0,0,144,5.314583333333333,0.14303624661246608,1294.0333333333333,Healthy,No Action,Healthy
13,2022-03-07,171.51138,177.8659,180.0,0.0004062376,0.0001689647,0,4.7,1.1854167,180.0,0,0,144,7.493055555555555,0.3989620596205962,1420.9347222222223,Healthy,No Action,Healthy
13,2022-03-08,173.17557,178.73167,180.0,0.00020944548,0.00012891635,0,3.8,0.70208335,180.0,0,0,144,4.253472222222222,0.08399491869918697,981.0618055555556,Healthy,No Action,Healthy
13,2022-03-09,174.84792,178.9196,180.0,0.0010716051,0.00033520313,0,2.9,0.6006944,180.0,0,0,144,4.924305555555556,0.22832317073170735,827.9993055555556,Healthy,No Action,Healthy
13,2022-03-10,176.63377,179.84517,180.0,0.00093370024,0.00021040865,0,1.9,0.086111106,180.0,0,0,144,5.820138888888889,0.22241598915989158,1220.2604166666667,Healthy,No Action,Healthy
13,2022-03-11,170.50764,177.9131,180.0,0.00022807808,9.172037e-05,0,5.3,1.1576389,180.0,0,0,144,3.0951388888888887,0.016758468834688355,548.1847222222223,Healthy,No Action,Healthy
13,2022-03-12,176.65836,179.60986,180.0,0.0005431998,0.00021128013,0,1.9,0.21805555,180.0,0,0,144,3.4986111111111113,0.04028827913279134,666.4229166666667,Healthy,No Action,Healthy
13,2022-03-13,174.25156,178.68657,180.0,0.00088274386,0.00039613497,0,3.2,0.7298611,180.0,0,0,144,2.966666666666667,0.008347560975609769,534.95625,Healthy,No Action,Healthy
13,2022-03-14,173.70508,179.15302,180.0,0.0012780579,0.000454201,0,3.5,0.47291666,180.0,0,0,144,3.365972222222222,0.02835433604336043,750.4277777777778,Healthy,No Action,Healthy
13,2022-03-15,175.63841,179.87196,180.0,0.0007013538,0.00037499054,0,2.4,0.07152778,180.0,0,0,144,3.806944444444445,0.101119918699187,669.7784722222223,Healthy,No Action,Healthy
13,2022-03-16,171.39882,177.77617,180.0,0.0011806245,0.00055814977,0,4.8,1.2333333,180.0,0,0,144,4.979861111111111,0.13216463414634144,1203.4916666666666,Healthy,No Action,Healthy
13,2022-03-17,167.91354,176.6921,180.0,0.0010242347,0.0005545957,0,6.7,1.8361111,180.0,0,0,144,2.879166666666667,0.0142808265582656,508.47499999999997,Healthy,No Action,Healthy
13,2022-03-18,176.4269,179.57465,180.0,0.00071396,0.0003929095,0,2.0,0.23750001,180.0,0,0,144,2.9131944444444446,0.019659552845528477,456.1513888888889,Healthy,No Action,Healthy
13,2022-03-19,169.93353,176.32178,180.0,0.00096188945,0.00051018543,0,5.6,2.0451388,180.0,0,0,144,4.290972222222222,0.08631741192411922,981.5277777777778,Healthy,No Action,Healthy
13,2022-03-20,170.39369,177.39221,180.0,0.0005529317,0.00026631623,0,5.3,1.4479166,180.0,0,0,144,4.021527777777778,0.06701422764227642,854.7770833333333,Healthy,No Action,Healthy
13,2022-03-21,165.63681,175.87668,180.0,0.00094683474,0.0003307116,0,8.0,2.288889,180.0,0,0,144,4.106944444444444,0.07718360433604335,902.4347222222223,Healthy,No Action,Healthy
13,2022-03-22,169.37825,177.0052,180.0,0.000544868,0.00026601722,0,5.9,1.6645833,180.0,0,0,144,5.284722222222222,0.20080962059620594,1049.8090277777778,Healthy,No Action,Healthy
13,2022-03-23,168.20123,175.47195,180.0,0.0007304473,0.00039339767,0,6.6,2.5152779,180.0,0,0,144,4.757638888888889,0.09714126016260159,1183.1576388888889,Healthy,No Action,Healthy
13,2022-03-24,167.86313,178.81203,180.0,0.00041153844,0.00015329292,0,6.7,0.6597222,180.0,0,0,144,3.351388888888889,0.08355149051490515,630.7215277777777,Healthy,No Action,Healthy
13,2022-03-25,165.21896,175.74939,180.0,0.0007914452,0.0003644202,0,8.2,2.3590279,180.0,0,0,144,4.415972222222222,0.08570054200542003,1151.2666666666667,Healthy,No Action,Healthy
13,2022-03-26,164.81773,177.34186,180.0,0.000532988,0.00018668134,0,8.4,1.4756944,180.0,0,0,144,4.409722222222222,0.0858441734417344,978.1069444444444,Healthy,No Action,Healthy
13,2022-03-27,164.83725,175.00217,180.0,9.382702e-05,3.164789e-05,0,8.4,2.773913,180.0,0,0,138,4.878985507246377,0.048726051608342175,696.3478260869565,Healthy,No Action,Healthy
13,2022-03-28,173.79933,179.03087,180.0,4.3367025e-05,6.4217948e-06,0,3.4,0.5381944,180.0,0,0,144,3.7895833333333337,0.06150745257452574,830.6479166666667,Healthy,No Action,Healthy
13,2022-03-29,178.58948,179.97096,180.0,2.8869827e-06,1.5346674e-06,0,0.8,0.016666668,180.0,0,0,144,2.222916666666667,-0.00016294037940375416,215.42083333333332,Healthy,No Action,Healthy
13,2022-03-30,176.13103,179.8222,180.0,4.270867e-06,2.319187e-06,0,2.1,0.097222224,180.0,0,0,144,3.564583333333333,0.05118123306233063,646.2625,Healthy,No Action,Healthy
13,2022-03-31,171.0246,178.52637,180.0,4.9195237e-06,2.984491e-06,0,5.0,0.8194444,180.0,0,0,144,7.188888888888889,0.37884180216802166,1432.7465277777778,Healthy,No Action,Healthy
13,2022-04-01,172.1763,178.17714,180.0,9.172699e-06,3.8407984e-06,0,4.3,1.0118055,180.0,0,0,144,4.757638888888889,0.10587195121951216,1139.2444444444445,Healthy,No Action,Healthy
13,2022-04-02,174.428,178.65475,180.0,4.541672e-06,2.437698e-06,0,3.1,0.74791664,180.0,0,0,144,3.302777777777778,0.026078929539295394,653.5201388888888,Healthy,No Action,Healthy
13,2022-04-03,174.68576,179.35971,180.0,3.4115815e-06,1.955748e-06,0,3.0,0.3548611,180.0,0,0,144,4.024305555555555,0.0789139566395664,799.4534722222222,Healthy,No Action,Healthy
13,2022-04-04,162.9174,174.29153,180.0,1.346853e-05,4.4788853e-06,0,9.5,3.1729167,180.0,0,0,144,9.98125,0.6550816395663956,1543.632638888889,Healthy,No Action,Healthy
13,2022-04-05,173.46793,178.86844,180.0,2.4352798e-06,9.3836167e-07,0,3.6,0.6277778,180.0,0,0,144,7.28125,0.38772391598915984,1461.2298611111112,Healthy,No Action,Healthy
13,2022-04-06,170.58905,178.13931,180.0,3.5452201e-06,1.1154101e-06,0,5.2,1.0326389,180.0,0,0,144,3.4749999999999996,0.04200508130081301,676.6729166666667,Healthy,No Action,Healthy
13,2022-04-07,175.75209,179.63614,180.0,9.410924e-07,3.305082e-07,0,2.4,0.20277779,180.0,0,0,144,2.8916666666666666,0.030624322493224956,494.55902777777777,Healthy,No Action,Healthy
13,2022-04-08,175.96254,179.70093,180.0,1.545247e-06,5.927148e-07,0,2.2,0.16597222,180.0,0,0,144,4.559722222222223,0.12601253387533873,880.6652777777778,Healthy,No Action,Healthy
13,2022-04-09,176.14363,179.92967,180.0,2.454574e-06,8.3498696e-07,0,2.1,0.038888887,180.0,0,0,144,3.6333333333333337,0.053769308943089435,690.8951388888888,Healthy,No Action,Healthy
13,2022-04-10,169.68861,175.11124,180.0,4.054926e-06,1.0997497e-06,0,5.7,2.717361,180.0,0,0,144,5.070138888888889,0.14907350948509482,1148.1868055555556,Healthy,No Action,Healthy
13,2022-04-11,170.431,174.0142,178.05287,1.4923387e-05,7.958872e-06,0,5.3,3.3270833,180.0,0,0,144,6.356944444444444,0.25453523035230347,1390.2298611111112,Healthy,No Action,Healthy
13,2022-04-12,169.20514,173.34825,177.45828,1.1513577e-05,3.9430206e-06,0,6.0,3.6937501,180.0,0,0,144,6.804166666666666,0.3295115176151761,1433.3194444444443,Healthy,No Action,Healthy
13,2022-04-13,169.23302,173.54999,180.0,9.824987e-06,3.1893169e-06,0,6.0,3.5812502,180.0,0,0,144,4.993055555555555,0.14258875338753385,1124.545138888889,Healthy,No Action,Healthy
13,2022-04-14,172.55272,178.52983,180.0,4.6767186e-06,2.4553447e-06,0,4.1,0.81666666,180.0,0,0,144,2.3854166666666665,0.013978658536585389,427.7965277777778,Healthy,No Action,Healthy
13,2022-04-15,175.21474,179.45633,180.0,5.318703e-06,2.3415914e-06,0,2.7,0.30069444,180.0,0,0,144,5.033333333333333,0.2083909214092141,880.7833333333333,Healthy,No Action,Healthy
13,2022-04-16,169.23662,176.27414,180.0,1.40433385e-05,5.2856367e-06,0,6.0,2.0715084,180.0,0,0,179,7.612849162011173,0.4298296770677204,1491.7664804469275,Healthy,No Action,Healthy
13,2022-04-17,166.37909,172.70255,180.0,8.071468e-06,2.7251083e-06,0,7.6,4.0531254,180.0,0,0,288,4.799305555555556,0.10810840108401082,1110.048611111111,Healthy,No Action,Healthy
13,2022-04-18,164.82265,174.89383,180.0,3.9567363e-05,1.313326e-05,0,8.4,2.8368056,180.0,0,0,288,7.2243055555555555,0.42854878048780487,1179.2291666666667,Healthy,No Action,Healthy
13,2022-04-19,162.43625,171.14246,177.01768,1.7850365e-05,3.4656211e-06,0,9.8,4.9180555,180.0,0,0,288,7.607638888888889,0.45649288617886175,1367.7701388888888,Healthy,No Action,Healthy
13,2022-04-20,168.37454,176.00488,180.0,5.8510955e-06,3.0579256e-06,0,6.5,2.2190971,180.0,0,0,288,5.672222222222222,0.19405657181571814,1262.7430555555557,Healthy,No Action,Healthy
13,2022-04-21,169.44626,173.82092,180.0,5.276704e-06,9.579084e-07,0,5.9,3.4333334,180.0,0,0,288,2.8194444444444446,0.01567920054200544,419.2472222222222,Healthy,No Action,Healthy
13,2022-04-22,169.79298,176.81528,180.0,3.4316656e-06,1.1230867e-06,0,5.7,1.7690972,180.0,0,0,288,2.7083333333333335,0.007217479674796763,443.0680555555556,Healthy,No Action,Healthy
13,2022-04-23,172.0785,178.20834,180.0,6.8854306e-06,2.9895943e-06,0,4.4,0.99548614,180.0,0,0,288,3.4659722222222222,0.04908841463414634,648.7590277777778,Healthy,No Action,Healthy
13,2022-04-24,160.9214,172.57594,180.0,0.0004167719,7.5585085e-05,0,10.6,4.123611,180.0,0,0,288,4.074999999999999,0.08875474254742546,861.0381944444445,Healthy,No Action,Healthy
13,2022-04-25,157.25461,173.95403,180.0,0.0016035158,0.00035497395,0,12.6,3.3576388,180.0,0,0,288,5.197916666666667,0.16061957994579945,1094.9291666666666,Healthy,No Action,Healthy
13,2022-04-26,159.60567,175.27568,180.0,0.0025097989,0.0005370896,0,11.3,2.6239583,180.0,0,0,288,4.406944444444445,0.07914939024390241,1047.1722222222222,Healthy,No Action,Healthy
13,2022-04-27,160.52968,173.62141,180.0,0.0026349488,0.00082827243,0,10.8,3.5458333,180.0,0,0,288,3.254166666666667,0.030140921409214108,592.9680555555556,Healthy,No Action,Healthy
13,2022-04-28,155.59279,176.6169,180.0,0.00428413,0.0010232485,0,13.6,1.8812499,180.0,0,0,288,3.827777777777778,0.04250101626016259,848.0423611111112,Healthy,No Action,Healthy
13,2022-04-29,163.71701,173.24417,180.0,0.0013283007,0.0005211059,0,9.0,3.7541666,180.0,0,0,288,7.2333333333333325,0.42537940379403794,1214.6437500000002,Healthy,No Action,Healthy
13,2022-04-30,168.35794,173.31541,180.0,0.0010656655,0.00018247034,0,6.5,3.7124999,180.0,0,0,288,5.160416666666666,0.178880081300813,1035.9562500000002,Healthy,No Action,Healthy
13,2022-05-01,161.187,172.85431,180.0,8.282136e-05,2.4338515e-05,0,10.5,3.970139,180.0,0,0,288,7.324305555555556,0.3931609078590786,1392.8180555555555,Healthy,No Action,Healthy
13,2022-05-02,169.5199,177.45152,180.0,5.8443333e-05,1.9610212e-05,0,5.8,1.4124999,180.0,0,0,288,11.116666666666667,0.8288550135501356,1632.679861111111,Healthy,No Action,Healthy
13,2022-05-03,159.57678,172.04286,180.0,5.0992137e-05,9.244893e-06,0,11.3,4.4194446,180.0,0,0,288,11.261111111111111,0.7877591463414634,1631.4493055555556,Healthy,No Action,Healthy
13,2022-05-04,162.28879,173.57047,180.0,9.888297e-05,2.3413157e-05,0,9.8,3.573264,180.0,0,0,288,10.77986111111111,0.7473163956639567,1605.6791666666666,Healthy,No Action,Healthy
13,2022-05-05,167.34056,176.89581,180.0,6.0353173e-05,2.5755173e-05,0,7.0,1.7256944,180.0,0,0,288,8.253472222222221,0.5120938346883468,1512.4715277777777,Healthy,No Action,Healthy
13,2022-05-06,168.31844,177.43512,180.0,6.143691e-05,1.3411566e-05,0,6.5,1.4253472,180.0,0,0,288,5.979166666666667,0.21438279132791324,1343.711111111111,Healthy,No Action,Healthy
13,2022-05-07,165.65306,173.38075,180.0,4.248964e-05,2.0086227e-05,0,8.0,3.6798613,180.0,0,0,288,4.675694444444444,0.09654810298102977,1174.5375,Healthy,No Action,Healthy
13,2022-05-08,166.29303,176.77335,180.0,4.439663e-05,1.5608013e-05,0,7.6,1.796875,180.0,0,0,288,9.431944444444445,0.6396822493224933,1577.4263888888888,Healthy,No Action,Healthy
13,2022-05-09,171.29895,176.91025,180.0,1.2523737e-05,6.9876646e-06,0,4.8,1.7142361,180.0,0,0,288,7.881944444444445,0.4575853658536585,1487.2229166666666,Healthy,No Action,Healthy
13,2022-05-10,171.2117,178.30121,180.0,2.3515722e-05,9.636965e-06,0,4.9,0.94027776,180.0,0,0,288,7.142361111111111,0.3500525067750677,1451.9673611111111,Healthy,No Action,Healthy
13,2022-05-11,173.64955,178.21632,180.0,3.0710908e-06,1.6512954e-06,0,3.5,0.99062496,180.0,0,0,288,7.7555555555555555,0.4329789972899729,1481.6354166666667,Healthy,No Action,Healthy
13,2022-05-12,174.5952,178.9532,180.0,3.0795516e-06,1.4639041e-06,0,3.0,0.57951385,180.0,0,0,288,8.75138888888889,0.5822320460704608,1569.2347222222222,Healthy,No Action,Healthy
13,2022-05-13,170.21564,177.14183,180.0,2.4651401e-06,5.219538e-07,0,5.4,1.5857639,180.0,0,0,288,6.721527777777777,0.3012672764227642,1349.4291666666666,Healthy,No Action,Healthy
13,2022-05-14,170.19952,176.99515,180.0,9.326029e-07,5.214337e-07,0,5.4,1.6708333,180.0,0,0,288,4.647916666666666,0.09127845528455282,1138.8951388888888,Healthy,No Action,Healthy
13,2022-05-15,168.40181,174.9665,180.0,5.9909416e-07,2.5280121e-07,0,6.4,2.795486,180.0,0,0,288,3.2645833333333334,0.0714037940379404,606.0923611111111,Healthy,No Action,Healthy
13,2022-05-16,168.0587,177.40433,180.0,2.1672602e-06,7.720396e-07,0,6.6,1.440625,180.0,0,0,288,2.9402777777777778,0.009230352303523065,446.9118055555556,Healthy,No Action,Healthy
13,2022-05-17,169.88374,177.91132,180.0,2.6115222e-05,8.219611e-06,0,5.6,1.159375,180.0,0,0,288,8.76388888888889,0.5796510840108401,1559.5590277777778,Healthy,No Action,Healthy
13,2022-05-18,157.73456,174.17784,180.0,0.0011038497,9.683558e-05,0,12.4,3.234375,180.0,0,0,288,5.784722222222222,0.23727506775067753,1183.3909722222222,Healthy,No Action,Healthy
13,2022-05-19,160.6526,174.33913,180.0,0.00035072365,4.5884823e-05,0,10.7,3.1458333,180.0,0,0,288,3.107638888888889,0.0245978997289973,578.7270833333333,Healthy,No Action,Healthy
13,2022-05-20,163.55278,173.99495,180.0,4.7768073e-05,1.6568922e-05,0,9.1,3.3382354,180.0,0,0,238,5.73781512605042,0.22671244107399055,1007.9966386554622,Healthy,No Action,Healthy
13,2022-05-21,165.19269,177.16872,180.0,7.581868e-05,3.3608263e-05,0,8.2,1.5722222,180.0,0,0,288,7.6625000000000005,0.40073712737127365,1442.2388888888888,Healthy,No Action,Healthy
13,2022-05-22,165.61797,175.14246,180.0,6.262217e-05,2.8887785e-05,0,8.0,2.7003472,180.0,0,0,288,4.398611111111111,0.08783570460704605,1004.2333333333333,Healthy,No Action,Healthy
13,2022-05-23,164.61395,174.92589,180.0,0.00013629849,9.7046695e-06,0,8.5,2.8177083,180.0,0,0,288,5.102777777777778,0.21003048780487807,889.0930555555556,Healthy,No Action,Healthy
13,2022-05-24,162.98607,174.55939,180.0,9.063042e-06,3.996898e-06,0,9.5,3.0253472,180.0,0,0,288,5.723611111111111,0.19009451219512194,1274.7770833333334,Healthy,No Action,Healthy
13,2022-05-25,163.5525,173.12726,179.56894,6.2732906e-06,2.4922024e-06,0,9.1,3.8180554,180.0,0,0,288,4.774305555555555,0.09849254742547423,1135.0708333333334,Healthy,No Action,Healthy
13,2022-05-26,163.69666,172.08289,180.0,1.1191126e-05,5.3252347e-06,0,9.1,4.3993006,180.0,0,0,286,4.463636363636363,0.06922804025243047,1028.258041958042,Healthy,No Action,Healthy
13,2022-05-27,166.68817,175.36087,180.0,3.733958e-05,8.809496e-06,0,7.4,2.5760417,180.0,0,0,288,3.636111111111111,0.050504742547425464,798.6291666666667,Healthy,No Action,Healthy
13,2022-05-28,164.90063,174.00356,180.0,2.8632176e-05,1.2288236e-05,0,8.4,3.3298612,180.0,0,0,288,6.711111111111111,0.34744139566395665,1262.5034722222222,Healthy,No Action,Healthy
13,2022-05-29,164.88333,173.75621,180.0,1.1851657e-05,4.8962665e-06,0,8.4,3.4690971,180.0,0,0,288,4.972222222222222,0.11799051490514903,1054.6805555555557,Healthy,No Action,Healthy
13,2022-05-30,164.51662,175.6842,180.0,1.2139364e-05,5.1441034e-06,0,8.6,2.3951387,180.0,0,0,288,5.074999999999999,0.15976592140921408,1030.3791666666666,Healthy,No Action,Healthy
13,2022-05-31,169.91455,176.89592,180.0,0.0001105439,8.616313e-06,0,5.6,1.7239584,180.0,0,0,288,3.0777777777777775,0.024969512195121973,526.4930555555555,Healthy,No Action,Healthy
13,2022-06-01,166.58928,172.4189,180.0,0.00010815399,3.5001452e-05,0,7.5,4.2138886,180.0,0,0,288,7.65625,0.39911991869918695,1489.6722222222222,Healthy,No Action,Healthy
13,2022-06-02,168.2546,177.29858,180.0,0.00029750145,8.783501e-05,0,6.5,1.5,180.0,0,0,288,6.543749999999999,0.3039386856368564,1288.2354166666667,Healthy,No Action,Healthy
13,2022-06-03,170.757,177.54018,180.0,0.00014285378,3.616149e-05,0,5.1,1.3677083,180.0,0,0,288,5.950694444444444,0.2064332655826558,1327.0500000000002,Healthy,No Action,Healthy
13,2022-06-04,170.81732,174.82787,180.0,8.615725e-06,2.6973191e-06,0,5.1,2.8739583,180.0,0,0,288,5.483333333333333,0.15831097560975607,1251.4125,Healthy,No Action,Healthy
13,2022-06-05,165.9038,175.19472,180.0,1.5289115e-05,3.2664514e-06,0,7.8,2.6684027,180.0,0,0,288,3.242361111111111,0.051842140921409235,572.3743055555556,Healthy,No Action,Healthy
13,2022-06-06,167.7609,175.96286,180.0,1.2982765e-05,5.476968e-06,0,6.8,2.2427084,180.0,0,0,288,3.561111111111111,0.03342479674796747,753.963888888889,Healthy,No Action,Healthy
13,2022-06-07,170.45413,178.53717,180.0,0.00031223844,4.4951805e-05,0,5.3,0.8128472,180.0,0,0,288,8.397222222222222,0.518065379403794,1494.7409722222224,Healthy,No Action,Healthy
13,2022-06-08,159.88545,175.47736,180.0,8.249016e-05,1.2744704e-05,0,11.2,2.5135417,180.0,0,0,288,8.506944444444445,0.512989837398374,1547.2520833333333,Healthy,No Action,Healthy
13,2022-06-09,161.61644,175.32175,180.0,0.00018029907,4.7198133e-05,0,10.2,2.6024306,180.0,0,0,288,3.7062500000000003,0.04034078590785907,831.8416666666667,Healthy,No Action,Healthy
13,2022-06-10,160.2699,172.74298,180.0,0.0001075351,2.798967e-05,0,11.0,4.031597,180.0,0,0,288,5.5256944444444445,0.1691222899728997,1300.7472222222223,Healthy,No Action,Healthy
13,2022-06-11,164.63277,173.02087,180.0,0.00015807286,2.5627807e-05,0,8.5,3.8746529,180.0,0,0,288,4.011111111111111,0.058046409214092126,935.8055555555555,Healthy,No Action,Healthy
13,2022-06-12,165.80522,175.53706,180.0,4.0704126e-05,1.583949e-05,0,7.9,2.4805555,180.0,0,0,288,3.433333333333333,0.060978658536585385,586.7159722222223,Healthy,No Action,Healthy
13,2022-06-13,169.02689,178.28107,180.0,6.165166e-05,1.14477725e-05,0,6.1,0.9538195,180.0,0,0,288,3.9562500000000003,0.12134146341463417,690.4923611111111,Healthy,No Action,Healthy
13,2022-06-14,170.21422,178.67804,180.0,4.4667227e-05,1.5603066e-05,0,5.4,0.73402774,180.0,0,0,288,5.984722222222222,0.21183333333333332,1297.132638888889,Healthy,No Action,Healthy
13,2022-06-15,161.2866,175.7407,180.0,0.00049370684,8.22795e-05,0,10.4,2.3684027,180.0,0,0,288,8.037500000000001,0.46641395663956636,1493.9416666666666,Healthy,No Action,Healthy
13,2022-06-16,159.14522,168.53944,180.0,9.024743e-05,2.5201944e-05,0,11.6,6.367014,180.0,0,0,288,6.594444444444445,0.27766971544715446,1392.3666666666666,Healthy,No Action,Healthy
13,2022-06-17,154.72937,168.73027,179.52994,2.2977129e-05,5.1624384e-06,0,14.0,6.2604165,180.0,0,0,288,4.214583333333334,0.09596070460704606,850.3430555555556,Healthy,No Action,Healthy
13,2022-06-18,158.74037,173.57866,180.0,6.370035e-05,1.8017936e-05,0,11.8,3.5693662,180.0,0,0,284,4.2302816901408455,0.11431363792511166,718.0436619718309,Healthy,No Action,Healthy
13,2022-06-19,167.58977,178.58545,180.0,0.00023397492,3.9302373e-05,0,6.9,0.78541666,180.0,0,0,288,6.469444444444445,0.2964491869918699,1259.7020833333333,Healthy,No Action,Healthy
13,2022-06-20,168.81047,178.1441,180.0,0.00012355152,4.2283915e-05,0,6.2,1.0309027,180.0,0,0,288,6.420833333333333,0.28506944444444443,1294.0673611111113,Healthy,No Action,Healthy
13,2022-06-21,158.50111,172.13127,180.0,0.00069066655,0.00014499127,0,11.9,4.3729167,180.0,0,0,288,11.225694444444445,0.7589017615176152,1621.7868055555555,Healthy,No Action,Healthy
13,2022-06-22,161.59442,172.47194,180.0,6.343466e-05,1.1653004e-05,0,10.2,4.1826386,180.0,0,0,288,10.320138888888888,0.7228814363143631,1602.2520833333333,Healthy,No Action,Healthy
13,2022-06-23,162.36766,174.26715,180.0,1.25652605e-05,5.230911e-06,0,9.8,3.1843748,180.0,0,0,288,7.529861111111111,0.36305318428184274,1473.4069444444444,Healthy,No Action,Healthy
13,2022-06-24,170.45952,178.8745,180.0,1.680351e-05,6.072661e-06,0,5.3,0.62638885,180.0,0,0,288,5.4631944444444445,0.16048238482384822,1220.6,Healthy,No Action,Healthy
13,2022-06-25,163.60768,174.08531,180.0,7.369759e-05,2.1152222e-05,0,9.1,3.2850695,180.0,0,0,288,3.4097222222222223,0.03603861788617886,714.1451388888888,Healthy,No Action,Healthy
13,2022-06-26,172.73752,178.61542,180.0,8.533332e-05,2.261527e-05,0,4.0,0.77118057,180.0,0,0,288,4.107638888888889,0.0601622628726287,1004.8298611111111,Healthy,No Action,Healthy
13,2022-06-27,167.26143,175.90668,180.0,0.0004414698,7.771364e-05,0,7.1,2.2739584,180.0,0,0,288,7.572916666666667,0.474124322493225,1087.6944444444443,Healthy,No Action,Healthy
13,2022-06-28,168.88608,178.34952,180.0,0.00018985767,3.3652246e-05,0,6.2,0.9174556,180.0,0,0,338,8.397633136094674,0.4721044883821619,1487.1233727810652,Healthy,No Action,Healthy
13,2022-06-29,166.4586,175.33899,180.0,7.337782e-05,3.4261717e-05,0,7.5,2.589815,180.0,0,0,432,4.052777777777778,0.08928556910569105,827.41875,Healthy,No Action,Healthy
13,2022-06-30,158.61108,172.3098,180.0,0.0004861298,6.752285e-05,0,11.9,4.27338,180.0,0,0,432,3.6229166666666663,0.03619749322493224,829.1798611111111,Healthy,No Action,Healthy
13,2022-07-01,155.5761,173.21774,180.0,5.2492098e-05,1.5922793e-05,0,13.6,3.7689743,180.0,0,0,390,3.7623076923076924,0.04253696060037522,779.693846153846,Healthy,No Action,Healthy
13,2022-07-02,151.73361,173.65576,180.0,6.582879e-05,1.203491e-05,0,15.7,3.524537,180.0,0,0,432,4.221527777777778,0.14442005420054202,636.6541666666666,Healthy,No Action,Healthy
13,2022-07-03,168.9264,178.14024,180.0,0.0029631641,0.00030230006,0,6.2,1.0333333,180.0,0,0,432,9.565972222222221,0.5887184959349594,1518.1833333333332,Healthy,No Action,Healthy
13,2022-07-04,164.8558,175.35371,180.0,2.2973647e-06,6.846941e-07,0,8.4,2.582176,180.0,0,0,432,4.222222222222222,0.07240819783197831,956.1798611111111,Healthy,No Action,Healthy
13,2022-07-05,168.42484,177.3935,180.0,8.904743e-06,2.9390196e-06,0,6.4,1.4486111,180.0,0,0,432,2.78125,0.026659214092140945,516.3236111111111,Healthy,No Action,Healthy
13,2022-07-06,165.78043,178.35144,180.0,8.269004e-05,1.3208449e-05,0,7.9,0.9157407,180.0,0,0,432,4.610416666666667,0.16150169376693768,848.7881944444445,Healthy,No Action,Healthy
13,2022-07-07,173.55453,179.52403,180.0,7.0780065e-05,1.992873e-05,0,3.6,0.26365742,180.0,0,0,432,3.4243055555555553,0.036425135501355024,664.963888888889,Healthy,No Action,Healthy
13,2022-07-08,164.47473,175.70149,180.0,0.0004983803,8.5114996e-05,0,8.6,2.3863428,180.0,0,0,432,3.4875,0.018814701897018966,759.1277777777779,Healthy,No Action,Healthy
13,2022-07-09,162.05183,175.09984,180.0,0.00024132781,6.0602506e-05,0,10.0,2.722685,180.0,0,0,432,9.114583333333334,0.5750643631436314,1531.325,Healthy,No Action,Healthy
13,2022-07-10,169.30072,178.7749,180.0,1.7768556e-06,4.2531445e-07,0,5.9,0.6805556,180.0,0,0,432,7.959027777777778,0.4426270325203252,1442.5416666666667,Healthy,No Action,Healthy
13,2022-07-11,168.32498,179.03575,180.0,2.8547229e-06,7.3868216e-07,0,6.5,0.5356481,180.0,0,0,432,4.16875,0.0853431571815718,859.9881944444445,Healthy,No Action,Healthy
13,2022-07-12,159.99655,174.23671,180.0,0.00030552395,6.3659616e-05,0,11.1,3.2016203,180.0,0,0,432,4.1715277777777775,0.08321036585365854,819.7361111111111,Healthy,No Action,Healthy
13,2022-07-13,164.0762,176.35007,180.0,0.00027311532,7.2235016e-05,0,8.8,2.0266204,180.0,0,0,432,2.9069444444444446,0.023325203252032536,519.6298611111112,Healthy,No Action,Healthy
13,2022-07-14,164.41553,176.99876,180.0,8.401182e-05,1.824668e-05,0,8.7,1.6685185,180.0,0,0,432,10.942361111111111,0.7769254742547426,1621.4597222222221,Healthy,No Action,Healthy
13,2022-07-15,170.53456,178.64923,180.0,4.9866076e-06,9.879828e-07,0,5.3,0.750463,180.0,0,0,432,11.672916666666666,0.7937527100271003,1618.2131944444443,Healthy,No Action,Healthy
13,2022-07-16,172.89388,178.97331,180.0,4.8828344e-05,2.0667441e-05,0,3.9,0.5696759,180.0,0,0,432,13.22013888888889,0.9445071138211383,1649.0847222222221,Healthy,No Action,Healthy
13,2022-07-17,175.53415,179.16034,180.0,7.3452946e-05,1.7785247e-05,0,2.5,0.4662037,180.0,0,0,432,12.525694444444445,0.9001260162601625,1643.4,Healthy,No Action,Healthy
13,2022-07-18,173.81676,179.44153,180.0,3.2446114e-05,1.36259005e-05,0,3.4,0.30925927,180.0,0,0,432,11.358333333333334,0.8040846883468835,1626.5305555555553,Healthy,No Action,Healthy
13,2022-07-19,170.38905,176.7323,180.0,1.7364267e-05,7.3574056e-06,0,5.3,1.8148148,180.0,0,0,432,9.853472222222221,0.6352540650406504,1571.23125,Healthy,No Action,Healthy
13,2022-07-20,169.39368,178.65897,180.0,3.1990046e-05,1.3661855e-05,0,5.9,0.74351853,180.0,0,0,432,5.7340277777777775,0.23043055555555553,1017.9743055555556,Healthy,No Action,Healthy
13,2022-07-21,165.24602,178.25674,180.0,8.457523e-06,2.3548e-06,0,8.2,0.9685185,180.0,0,0,432,3.9090277777777778,0.09089329268292684,656.9868055555555,Healthy,No Action,Healthy
13,2022-07-22,165.41599,179.22372,180.0,0.0001279745,4.4256867e-05,0,8.1,0.43148148,180.0,0,0,432,4.0361111111111105,0.07359823848238481,856.4826388888889,Healthy,No Action,Healthy
13,2022-07-23,167.56937,176.18484,180.0,0.00041469978,0.00017782666,0,6.9,2.1229167,180.0,0,0,432,5.5152777777777775,0.2032171409214092,1151.5409722222223,Healthy,No Action,Healthy
13,2022-07-24,162.96428,173.6169,180.0,0.00025052283,5.674504e-05,0,9.5,3.5458333,180.0,0,0,432,10.858333333333334,0.7849397018970189,1628.0680555555557,Healthy,No Action,Healthy
13,2022-07-25,170.86293,178.09782,180.0,9.618569e-06,2.0637556e-06,0,5.1,1.057176,180.0,0,0,432,10.082638888888889,0.5123787262872629,1309.728472222222,Healthy,No Action,Healthy
13,2022-07-26,169.39822,178.56912,180.0,6.9243874e-06,1.5395738e-06,0,5.9,0.7953704,180.0,0,0,432,7.129166666666667,0.36066632791327913,1357.6784722222221,Healthy,No Action,Healthy
13,2022-07-27,165.38077,175.98143,180.0,1.7573926e-05,2.3176933e-06,0,8.1,2.2340276,180.0,0,0,432,3.240972222222222,0.029852642276422772,631.1013888888889,Healthy,No Action,Healthy
13,2022-07-28,166.73953,177.39232,180.0,0.00021706228,3.9895902e-05,0,7.4,1.449537,180.0,0,0,432,4.88125,0.1868360433604336,797.6409722222223,Healthy,No Action,Healthy
13,2022-07-29,169.81757,179.01405,180.0,0.00062217686,0.00011851944,0,5.7,0.54583335,180.0,0,0,432,6.5472222222222225,0.266240514905149,1359.3194444444443,Healthy,No Action,Healthy
13,2022-07-30,166.48929,177.0944,180.0,0.0010418305,0.00017364953,0,7.5,1.6136574,180.0,0,0,432,3.3625,0.032956978319783205,658.5506944444445,Healthy,No Action,Healthy
13,2022-07-31,163.2359,174.4172,180.0,0.00710414,0.0008174837,0,9.3,3.1020832,180.0,0,0,432,3.5347222222222223,0.039175135501355,744.8902777777777,Healthy,No Action,Healthy
13,2022-08-01,168.51607,178.27094,180.0,0.00045009502,0.00011702952,0,6.4,0.9585648,180.0,0,0,432,2.511805555555555,0.021998644986449885,427.6708333333333,Healthy,No Action,Healthy
13,2022-08-02,168.75618,178.32521,180.0,0.000665532,0.00016513072,0,6.2,0.930787,180.0,0,0,432,6.252083333333333,0.24147764227642274,1262.9888888888888,Healthy,No Action,Healthy
13,2022-08-03,172.4177,179.34383,180.0,0.0014636611,0.00027501254,0,4.2,0.3650463,180.0,0,0,432,3.4402777777777778,0.029610772357723577,703.96875,Healthy,No Action,Healthy
13,2022-08-04,169.87747,178.19781,180.0,0.0030529785,0.00046382495,0,5.6,1.0018518,180.0,0,0,432,3.3895833333333334,0.04468868563685638,594.4631944444444,Healthy,No Action,Healthy
13,2022-08-05,166.33109,176.19957,180.0,0.001576399,0.00052086054,0,7.6,2.1131945,180.0,0,0,432,3.536111111111111,0.03829369918699187,713.23125,Healthy,No Action,Healthy
13,2022-08-06,158.90611,173.93846,180.0,0.0028196897,0.0007235973,0,11.7,3.3685184,180.0,0,0,432,10.879166666666666,0.7784142953929539,1621.325,Healthy,No Action,Healthy
13,2022-08-07,160.97324,175.56366,180.0,2.540157e-05,7.360005e-06,0,10.6,2.4652483,180.0,0,0,423,9.102836879432624,0.5334090987718387,1509.113475177305,Healthy,No Action,Healthy
13,2022-08-08,170.67607,178.70253,180.0,0.0001309003,3.9676877e-05,0,5.2,0.7215278,180.0,0,0,432,11.440972222222221,0.7871202574525745,1619.0659722222222,Healthy,No Action,Healthy
13,2022-08-09,171.90503,178.50606,180.0,0.00016407981,5.8922007e-05,0,4.5,0.8305085,180.0,0,0,354,8.616949152542373,0.49951880942538235,1540.691525423729,Healthy,No Action,Healthy
13,2022-08-10,171.322,178.84491,180.0,6.37967e-05,1.8159986e-05,0,4.8,0.6407407,180.0,0,0,432,8.958333333333334,0.5617876016260163,1398.665972222222,Healthy,No Action,Healthy
13,2022-08-11,169.85152,178.2843,180.0,0.00013047087,3.2267424e-05,0,5.6,0.9511574,180.0,0,0,432,11.17361111111111,0.7794390243902439,1614.942361111111,Healthy,No Action,Healthy
13,2022-08-12,174.59357,179.5222,180.0,5.373413e-05,1.19225e-05,0,3.0,0.2650463,180.0,0,0,432,12.60625,0.845143970189702,1628.5208333333333,Healthy,No Action,Healthy
13,2022-08-13,175.28557,179.46121,180.0,2.3134115e-05,1.2239562e-05,0,2.6,0.29907405,180.0,0,0,432,11.633333333333335,0.8054688346883468,1624.6805555555557,Healthy,No Action,Healthy
13,2022-08-14,174.66484,179.37273,180.0,2.7605236e-05,6.3368884e-06,0,3.0,0.34814814,180.0,0,0,432,11.629166666666666,0.8467516937669376,1635.4048611111111,Healthy,No Action,Healthy
13,2022-08-15,175.09872,179.32976,180.0,2.8447428e-05,8.166502e-06,0,2.7,0.37175927,180.0,0,0,432,8.241666666666667,0.4623390921409214,1490.8020833333333,Healthy,No Action,Healthy
13,2022-08-16,159.64111,173.91243,180.0,4.837954e-05,8.587693e-06,0,11.3,3.3814816,180.0,0,0,432,4.452083333333333,0.10973678861788619,865.3104166666666,Healthy,No Action,Healthy
13,2022-08-17,164.88469,176.64268,180.0,0.00024395308,3.615792e-05,0,8.4,1.8648148,180.0,0,0,432,4.014583333333333,0.0822171409214092,756.8277777777777,Healthy,No Action,Healthy
13,2022-08-18,176.50797,179.87038,180.0,0.00013524943,4.9110433e-05,0,1.9,0.071064815,180.0,0,0,432,3.33125,0.04364566395663957,613.98125,Healthy,No Action,Healthy
13,2022-08-19,174.25504,178.57542,180.0,4.523396e-05,1.2636068e-05,0,3.2,0.7907407,180.0,0,0,432,3.7826388888888887,0.06335636856368565,694.7541666666666,Healthy,No Action,Healthy
13,2022-08-20,177.13666,179.9177,180.0,2.5432646e-05,1.0819351e-05,0,1.6,0.045833334,180.0,0,0,432,3.7833333333333337,0.08428726287262875,702.7840277777779,Healthy,No Action,Healthy
13,2022-08-21,173.62291,179.28821,180.0,7.316011e-05,2.091351e-05,0,3.5,0.39444444,180.0,0,0,432,5.5152777777777775,0.26020155826558267,957.9236111111111,Healthy,No Action,Healthy
13,2022-08-22,169.29195,177.08714,180.0,0.00019938644,5.4583856e-05,0,5.9,1.6199074,180.0,0,0,432,10.406944444444445,0.656125677506775,1573.6861111111111,Healthy,No Action,Healthy
13,2022-08-23,169.35184,177.5843,180.0,1.1677033e-05,2.1520818e-06,0,5.9,1.3423612,180.0,0,0,432,10.352083333333335,0.7164021002710027,1590.7381944444444,Healthy,No Action,Healthy
13,2022-08-24,173.99188,179.40959,180.0,1.9770407e-05,5.135021e-06,0,3.3,0.3273148,180.0,0,0,432,11.125,0.78357418699187,1619.0458333333333,Healthy,No Action,Healthy
13,2022-08-25,169.03511,178.5413,180.0,4.6767516e-05,9.739289e-06,0,6.1,0.8090278,180.0,0,0,432,10.821527777777776,0.7665084688346883,1619.1083333333333,Healthy,No Action,Healthy
13,2022-08-26,177.14903,179.73329,180.0,0.00020192582,2.7068298e-05,0,1.6,0.14768519,180.0,0,0,432,10.38125,0.7317706639566396,1610.1097222222222,Healthy,No Action,Healthy
13,2022-08-27,172.9683,179.06328,180.0,0.00010955997,2.8115457e-05,0,3.9,0.5208333,180.0,0,0,432,7.4111111111111105,0.36409281842818425,1450.0618055555553,Healthy,No Action,Healthy
13,2022-08-28,164.25294,176.53827,180.0,7.132984e-06,2.3937116e-06,0,8.7,1.9217592,180.0,0,0,432,3.5,0.03948949864498646,676.5819444444445,Healthy,No Action,Healthy
13,2022-08-29,169.2086,177.2385,180.0,0.00028664383,3.8126433e-05,0,6.0,1.5349536,180.0,0,0,432,2.925,0.021799457994579958,525.19375,Healthy,No Action,Healthy
13,2022-08-30,169.32248,177.84949,180.0,0.00044215965,0.00015446165,0,5.9,1.1939814,180.0,0,0,216,2.4222222222222225,0.0026185636856368927,268.80555555555554,Healthy,No Action,Healthy
13,2022-08-31,172.49744,177.81635,180.0,0.00022454264,9.393639e-05,0,4.2,1.2149254,180.0,0,0,201,3.558208955223881,0.030115762650163823,695.0537313432835,Healthy,No Action,Healthy
13,2022-09-01,170.79846,179.5422,180.0,0.00012385231,1.6864129e-05,0,5.1,0.25439814,180.0,0,0,432,8.987499999999999,0.5592178184281843,1541.692361111111,Healthy,No Action,Healthy
13,2022-09-02,164.00111,175.92323,180.0,0.0001439043,2.521422e-05,0,8.9,2.2655094,180.0,0,0,432,7.844444444444445,0.4131168699186991,1485.322222222222,Healthy,No Action,Healthy
13,2022-09-03,164.37389,175.56088,180.0,8.635088e-05,7.865221e-06,0,8.7,2.4662526,180.0,0,0,483,8.560455486542443,0.49787133262636973,1509.399585921325,Healthy,No Action,Healthy
13,2022-09-04,171.62431,179.25972,180.0,1.41925e-05,2.6429354e-06,0,4.7,0.4107639,180.0,0,0,576,7.274305555555555,0.32130386178861786,1465.6604166666666,Healthy,No Action,Healthy
13,2022-09-05,171.74667,178.69247,180.0,3.049205e-05,6.3672856e-06,0,4.6,0.7267361,180.0,0,0,576,6.673611111111111,0.24076355013550133,1106.584027777778,Healthy,No Action,Healthy
13,2022-09-06,171.34889,178.9981,180.0,2.5414389e-05,6.085062e-06,0,4.8,0.5574653,180.0,0,0,576,2.73125,0.00963346883468836,511.06874999999997,Healthy,No Action,Healthy
13,2022-09-07,170.76776,178.3612,180.0,0.00020703686,6.665169e-05,0,5.1,0.91006947,180.0,0,0,576,3.1263888888888887,0.018883468834688354,654.5631944444444,Healthy,No Action,Healthy
13,2022-09-08,172.21802,178.90086,180.0,0.00019016911,5.1749717e-05,0,4.3,0.6092014,180.0,0,0,576,3.9243055555555557,0.0527970867208672,849.5090277777778,Healthy,No Action,Healthy
13,2022-09-09,177.23004,179.88744,180.0,3.436359e-05,8.56885e-06,0,1.5,0.062152777,180.0,0,0,576,3.509722222222222,0.03691734417344173,740.5006944444444,Healthy,No Action,Healthy
13,2022-09-10,168.38525,178.32584,180.0,5.557185e-06,1.7792481e-06,0,6.5,0.9305556,180.0,0,0,576,3.457638888888889,0.031324525745257466,625.9354166666667,Healthy,No Action,Healthy
13,2022-09-11,172.8492,178.79471,180.0,1.6673732e-05,3.5061853e-06,0,4.0,0.66788197,180.0,0,0,576,4.975694444444445,0.1366808943089431,1040.5027777777777,Healthy,No Action,Healthy
13,2022-09-12,169.01639,177.77466,180.0,0.000155468,3.8156042e-05,0,6.1,1.2355903,180.0,0,0,576,6.794444444444444,0.29110670731707317,1409.53125,Healthy,No Action,Healthy
13,2022-09-13,167.61287,178.84213,180.0,5.9478374e-05,1.0625963e-05,0,6.9,0.6440972,180.0,0,0,576,6.225,0.2558939701897019,1318.0812500000002,Healthy,No Action,Healthy
13,2022-09-14,171.10498,177.62215,180.0,7.64945e-05,1.2429916e-05,0,4.9,1.3208333,180.0,0,0,576,5.69375,0.19622086720867205,1330.8798611111113,Healthy,No Action,Healthy
13,2022-09-15,169.77943,176.49614,180.0,2.876801e-05,9.24074e-06,0,5.7,1.9461806,180.0,0,0,576,4.445138888888889,0.10016463414634146,955.6208333333333,Healthy,No Action,Healthy
13,2022-09-16,168.9384,175.87386,180.0,2.8414022e-05,9.348364e-06,0,6.1,2.2935762,180.0,0,0,576,3.151388888888889,0.02899932249322494,574.1812500000001,Healthy,No Action,Healthy
13,2022-09-17,158.77762,172.94672,180.0,0.000315513,3.679165e-05,0,11.8,3.9215279,180.0,0,0,576,7.83263888888889,0.449610433604336,1464.2548611111113,Healthy,No Action,Healthy
13,2022-09-18,165.99937,178.19861,180.0,0.00013881816,2.5313951e-05,0,7.8,1.0017362,180.0,0,0,576,5.074305555555556,0.1383079268292683,1157.1611111111113,Healthy,No Action,Healthy
13,2022-09-19,164.38121,175.33937,180.0,5.786376e-05,7.595997e-06,0,8.7,2.5909722,180.0,0,0,576,4.279861111111111,0.08033096205962058,994.9493055555556,Healthy,No Action,Healthy
13,2022-09-20,171.61552,176.72528,180.0,1.3314043e-05,3.1280479e-06,0,4.7,1.8201389,180.0,0,0,576,3.48125,0.04064363143631436,712.8111111111111,Healthy,No Action,Healthy
13,2022-09-21,171.45042,178.18472,180.0,2.180491e-05,5.5666114e-06,0,4.7,1.0090278,180.0,0,0,576,2.7972222222222225,0.023793360433604353,493.99652777777777,Healthy,No Action,Healthy
13,2022-09-22,175.95805,179.6478,180.0,2.41533e-05,1.08548575e-05,0,2.2,0.19444445,180.0,0,0,576,4.695833333333334,0.10050711382113821,905.9722222222222,Healthy,No Action,Healthy
13,2022-09-23,169.83849,178.6709,180.0,2.2224385e-05,4.708399e-06,0,5.6,0.73645836,180.0,0,0,576,2.3402777777777777,0.00569613821138214,362.30625,Healthy,No Action,Healthy
13,2022-09-24,170.4679,178.56454,180.0,3.4757668e-05,9.248922e-06,0,5.3,0.7963542,180.0,0,0,576,6.326388888888889,0.25229369918699185,1298.4743055555555,Healthy,No Action,Healthy
13,2022-09-25,171.65813,178.05751,180.0,4.9709557e-05,8.540529e-06,0,4.6,1.078125,180.0,0,0,576,5.466666666666667,0.18001490514905147,1173.1583333333333,Healthy,No Action,Healthy
13,2022-09-26,169.52362,178.04095,180.0,3.3662895e-06,1.0100107e-06,0,5.8,1.0885416,180.0,0,0,576,5.7555555555555555,0.17996917344173438,1264.0,Healthy,No Action,Healthy
13,2022-09-27,173.0073,179.61952,180.0,3.0768144e-05,8.123111e-06,0,3.9,0.21232639,180.0,0,0,576,7.534027777777778,0.38395054200542,1399.072222222222,Healthy,No Action,Healthy
13,2022-09-28,173.31685,178.95657,180.0,0.00030175748,3.7319613e-05,0,3.7,0.57951385,180.0,0,0,576,11.096527777777778,0.7298939701897019,1588.8944444444444,Healthy,No Action,Healthy
13,2022-09-29,174.3355,179.23508,180.0,1.236956e-05,4.4182375e-06,0,3.1,0.425,180.0,0,0,576,13.272222222222222,0.9135504742547425,1643.757638888889,Healthy,No Action,Healthy
13,2022-09-30,173.45448,179.06654,180.0,8.6298285e-05,2.695832e-05,0,3.6,0.51753473,180.0,0,0,576,9.240972222222222,0.5937039295392954,1557.8562499999998,Healthy,No Action,Healthy
13,2022-10-01,170.95064,179.041,180.0,0.00024412479,4.125172e-05,0,5.0,0.5329861,180.0,0,0,576,4.339583333333334,0.10519037940379403,976.9458333333334,Healthy,No Action,Healthy
13,2022-10-02,173.11095,179.4127,180.0,0.00032723564,3.4488956e-05,0,3.8,0.3263889,180.0,0,0,576,2.8541666666666665,0.016144647696476985,504.9645833333333,Healthy,No Action,Healthy
13,2022-10-03,165.62015,177.93474,180.0,0.0037091097,0.0005530224,0,8.0,1.1463542,180.0,0,0,576,5.261111111111111,0.17919139566395662,1027.8861111111112,Healthy,No Action,Healthy
13,2022-10-04,157.57721,175.94614,180.0,0.009599043,0.002871248,0,12.5,2.2503471,180.0,0,0,576,7.329861111111111,0.3540762195121951,1476.3520833333334,Healthy,No Action,Healthy
13,2022-10-05,160.74127,176.25552,180.0,0.0031642925,0.0005518323,0,10.7,2.0798612,180.0,0,0,576,8.347916666666666,0.49172933604336044,1526.8215277777776,Healthy,No Action,Healthy
13,2022-10-06,166.5407,177.00992,180.0,0.006388315,0.0015036332,0,7.5,1.6612705,180.0,0,0,488,5.190983606557377,0.209453418632547,952.6090163934426,Healthy,No Action,Healthy
13,2022-10-07,168.44547,178.36523,180.0,0.0064585465,0.00053445733,0,6.4,0.90902776,180.0,0,0,576,2.1458333333333335,0.0008753387533875744,234.64930555555554,Healthy,No Action,Healthy
13,2022-10-08,163.37177,177.39151,180.0,0.00021907431,3.4380755e-05,0,9.2,1.4503473,180.0,0,0,576,2.3784722222222223,0.006960704607046104,322.39652777777775,Healthy,No Action,Healthy
13,2022-10-09,170.62277,178.9704,180.0,3.3813336e-05,3.080172e-06,0,5.2,0.57065976,180.0,0,0,576,3.918055555555556,0.05053387533875338,857.5097222222222,Healthy,No Action,Healthy
13,2022-10-10,167.72307,177.48296,180.0,0.00010226738,1.3984685e-05,0,6.8,1.4006944,180.0,0,0,576,3.316666666666667,0.027061314363143643,609.21875,Healthy,No Action,Healthy
13,2022-10-11,172.82501,178.09082,180.0,0.000101840546,3.266461e-05,0,4.0,1.0595486,180.0,0,0,576,4.6819444444444445,0.10296883468834687,1035.9048611111111,Healthy,No Action,Healthy
13,2022-10-12,166.88795,177.28006,180.0,4.2185937e-05,9.2621585e-06,0,7.3,1.5104166,180.0,0,0,576,8.863888888888889,0.5567046070460705,1532.4777777777776,Healthy,No Action,Healthy
13,2022-10-13,168.0327,178.19667,180.0,1.0007421e-05,2.0020952e-06,0,6.6,1.0024306,180.0,0,0,576,4.6506944444444445,0.14462940379403794,929.21875,Healthy,No Action,Healthy
13,2022-10-14,170.38474,178.54308,180.0,5.101999e-06,1.1560337e-06,0,5.3,0.80890155,180.0,0,0,528,4.418939393939394,0.0740051736881005,981.5075757575758,Healthy,No Action,Healthy
13,2022-10-15,169.68207,177.12985,180.0,3.8729186e-06,7.7923033e-07,0,5.7,1.5946181,180.0,0,0,576,2.5881944444444445,0.023760162601626045,360.2888888888889,Healthy,No Action,Healthy
13,2022-10-16,168.54176,177.50412,180.0,1.0000952e-05,2.9888079e-06,0,6.4,1.3862847,180.0,0,0,576,4.819444444444445,0.10361856368563684,1109.2652777777778,Healthy,No Action,Healthy
13,2022-10-17,164.65881,175.87065,180.0,0.001910516,0.00025392164,0,8.5,2.2927084,180.0,0,0,576,3.4256944444444444,0.02996849593495938,300.84583333333336,Healthy,No Action,Healthy
13,2022-10-18,169.81718,178.88147,180.0,0.00084711437,0.00011454499,0,5.7,0.62135416,180.0,0,0,576,3.7472222222222222,0.04599728997289973,548.9645833333333,Healthy,No Action,Healthy
13,2022-10-19,172.22397,178.31097,180.0,0.00061539095,7.777882e-05,0,4.3,0.9375,180.0,0,0,576,6.404166666666667,0.2307469512195122,1379.3395833333334,Healthy,No Action,Healthy
13,2022-10-20,173.71698,179.38039,180.0,0.0014249132,0.00032069045,0,3.5,0.34496528,180.0,0,0,576,4.373611111111111,0.08206944444444443,957.0277777777778,Healthy,No Action,Healthy
13,2022-10-21,165.61075,176.31296,180.0,0.003689211,0.0010140096,0,8.0,2.048264,179.75,0,0,576,3.3041666666666667,0.04925982384823849,614.0847222222222,Healthy,No Action,Healthy
13,2022-10-22,169.19144,176.8568,180.0,0.00309148,0.0010611292,0,6.0,1.7463542,178.75,0,0,576,7.3381944444444445,0.37599864498644986,1466.3000000000002,Healthy,No Action,Hydraulic group
13,2022-10-23,161.21722,173.51309,180.0,0.004185834,0.000657528,0,10.4,3.6036458,177.75,0,0,576,6.500694444444445,0.3744126016260163,1047.4347222222223,Healthy,No Action,Hydraulic group
13,2022-10-24,165.04602,174.16972,180.0,0.00043164383,4.6627585e-05,0,8.3,3.2364583,176.75,0,0,576,4.203472222222222,0.08526151761517614,898.0895833333334,Healthy,No Action,Hydraulic group
13,2022-10-25,165.4359,174.60727,180.0,0.0045785517,0.0004271526,0,8.1,2.9953127,175.75,0,0,576,4.580555555555556,0.11366802168021678,921.2979166666667,Healthy,No Action,Hydraulic group
13,2022-10-26,162.85437,173.68822,180.0,0.00037776178,1.7926019e-05,0,9.5,3.504861,174.75,0,0,576,7.078472222222222,0.32600169376693766,1453.9979166666667,Healthy,No Action,Hydraulic group
13,2022-10-27,155.87212,171.22952,180.0,0.00047975068,5.267014e-05,0,13.4,4.872396,173.75,0,0,576,9.912500000000001,0.6492916666666667,1549.0805555555555,Healthy,No Action,Hydraulic group
13,2022-10-28,159.85863,172.07718,180.0,0.0032118782,0.00048765106,0,11.2,4.4024305,172.75,0,0,576,11.511805555555556,0.775445460704607,1599.353472222222,Healthy,No Action,Hydraulic group
13,2022-10-29,156.90262,168.73213,177.35677,0.00086006755,0.00017063333,0,12.8,6.259896,171.75,0,0,576,11.640277777777778,0.8116073848238483,1621.7340277777778,Healthy,No Action,Hydraulic group
13,2022-10-30,153.78972,168.7779,180.0,0.00012890542,2.8371527e-05,0,14.6,6.2338543,170.75,0,0,576,8.084722222222222,0.46086348238482383,1518.0145833333333,Healthy,No Action,Hydraulic group
13,2022-10-31,157.86934,169.02863,180.0,4.973181e-06,9.858317e-07,0,12.3,6.097743,169.75,0,0,576,9.145833333333334,0.6036449864498645,1580.2305555555556,Healthy,No Action,Hydraulic group
13,2022-11-01,157.29207,168.13673,175.61826,8.401653e-06,1.2333757e-06,0,12.6,6.5913196,168.75,0,0,576,9.647222222222222,0.6975897696476965,1615.5027777777777,Healthy,No Action,Hydraulic group
13,2022-11-02,152.66432,167.042,176.97641,0.000101174504,8.834245e-06,0,15.2,7.198264,167.75,0,0,576,4.1875,0.08215921409214091,893.3666666666667,Healthy,No Action,Hydraulic group
13,2022-11-03,153.16719,163.2127,173.07867,7.143073e-05,9.828039e-06,0,14.9,9.327084,166.75,0,0,576,4.356944444444444,0.08291056910569103,1020.2048611111111,Healthy,No Action,Hydraulic group
13,2022-11-04,158.42496,163.79158,168.64603,5.31597e-06,1.9840932e-06,0,12.0,9.004167,165.75,0,0,576,4.386805555555556,0.09806673441734416,982.3347222222224,Healthy,No Action,Hydraulic group
13,2022-11-05,157.384,164.7694,169.5075,2.8574984e-06,1.2981822e-06,0,12.6,8.460243,164.75,0,0,576,7.027083333333334,0.37512161246612463,1435.8041666666666,Healthy,No Action,Hydraulic group
13,2022-11-06,158.69278,166.27019,170.36325,2.096068e-06,6.715498e-07,0,11.8,7.6302085,163.75,0,0,576,4.717361111111111,0.09366768292682923,1173.6729166666667,Healthy,No Action,Hydraulic group
13,2022-11-07,152.29973,164.67363,178.98161,7.3445597e-07,2.3819871e-07,0,15.4,8.514931,162.75,0,0,576,5.148611111111111,0.1479071815718157,1189.6999999999998,Healthy,No Action,Hydraulic group
13,2022-11-08,154.86052,160.12341,164.9685,6.7993556e-06,1.6132642e-06,0,14.0,11.042361,161.75,0,0,576,3.8388888888888886,0.04890040650406503,847.9152777777778,Healthy,No Action,Hydraulic group
13,2022-11-09,155.48334,160.17981,170.01251,8.481602e-06,4.0396003e-06,0,13.6,11.011806,160.75,0,0,576,4.390277777777778,0.1318611111111111,917.0284722222223,Healthy,No Action,Hydraulic group
13,2022-11-10,155.01021,162.57892,168.73347,1.1719852e-05,2.3628297e-06,0,13.9,9.678472,159.75,0,0,576,4.865972222222222,0.11647560975609753,1194.6909722222222,Healthy,No Action,Hydraulic group
13,2022-11-11,155.47736,159.85297,163.0809,3.9233968e-05,1.1227194e-05,0,13.6,11.19566,158.75,0,0,576,3.8916666666666666,0.04274593495934957,968.9743055555555,Healthy,No Action,Hydraulic group
13,2022-11-12,152.04228,158.10594,161.71143,2.417012e-05,9.518687e-06,0,15.5,12.163021,157.75,0,0,576,3.8687500000000004,0.03887466124661245,952.2229166666667,Healthy,No Action,Hydraulic group
13,2022-11-13,146.40549,154.45197,159.51067,6.1322735e-06,2.2592644e-06,0,18.7,14.1953125,156.75,0,0,576,5.121527777777778,0.17044173441734417,1026.2722222222224,Healthy,No Action,Hydraulic group
13,2022-11-14,141.80394,154.30804,159.76514,7.4769473e-06,1.2921163e-06,0,21.2,14.274305,155.75,0,0,576,6.692361111111111,0.29362466124661246,1419.290972222222,Healthy,No Action,Hydraulic group
13,2022-11-15,138.02895,149.87384,158.33424,6.36214e-06,2.3484781e-06,0,23.3,16.7375,154.75,0,0,576,10.0125,0.7466707317073171,1631.4847222222222,Healthy,No Action,Hydraulic group
13,2022-11-16,144.1753,153.04466,161.10466,4.014341e-06,1.0256769e-06,0,19.9,14.974999,153.75,0,0,576,7.756944444444445,0.409710027100271,1518.7291666666667,Healthy,No Action,Hydraulic group
13,2022-11-17,142.67943,150.48201,158.18839,1.6504771e-06,4.8440035e-07,0,20.7,16.399826,152.75,0,0,576,4.745833333333334,0.14917682926829268,989.5763888888889,Healthy,No Action,Hydraulic group
13,2022-11-18,145.8576,153.22527,156.70918,1.506315e-06,7.017388e-07,0,19.0,14.874479,151.75,0,0,576,3.417361111111111,0.02681842818428183,807.442361111111,Healthy,No Action,Hydraulic group
13,2022-11-19,143.52597,154.19476,163.1253,1.5307687e-06,7.829394e-07,0,20.3,14.3359375,150.75,0,0,576,3.3430555555555554,0.03023441734417345,618.911111111111,Healthy,No Action,Hydraulic group
13,2022-11-20,148.62483,157.72395,166.051,5.4408924e-06,1.2773356e-06,0,17.4,12.374132,149.75,0,0,576,7.095138888888889,0.44023882113821133,1211.084027777778,Healthy,No Action,Hydraulic group
13,2022-11-21,130.37177,147.78917,163.04713,1.3163413e-05,3.7468574e-06,0,27.6,17.896181,148.75,0,0,576,7.689583333333333,0.4847537262872629,1309.9708333333333,Healthy,No Action,Hydraulic group
13,2022-11-22,143.01588,148.7683,154.06543,2.6156847e-06,8.430967e-07,0,20.5,17.349827,147.75,0,0,576,2.170138888888889,0.0008214769647696944,170.2888888888889,Healthy,No Action,Hydraulic group
13,2022-11-23,138.98021,146.63074,151.58865,3.6216823e-06,1.1540891e-06,0,22.8,18.53993,146.75,0,0,576,3.191666666666667,0.038942750677506785,623.5770833333333,Healthy,No Action,Hydraulic group
13,2022-11-24,141.3277,146.45522,152.39282,6.708353e-06,1.1968533e-06,0,21.5,18.637672,145.75,0,0,576,2.954861111111111,0.01780724932249324,502.46250000000003,Healthy,No Action,Hydraulic group
13,2022-11-25,136.88332,144.43797,151.67583,2.451236e-06,9.841654e-07,0,24.0,19.755903,144.75,0,0,576,6.720833333333333,0.35019376693766935,1339.5958333333333,Healthy,No Action,Hydraulic group
13,2022-11-26,132.76817,143.33128,150.31865,5.014467e-06,1.1329547e-06,0,26.2,20.371876,143.75,0,0,576,5.503472222222222,0.20191395663956638,1160.6625,Healthy,No Action,Hydraulic group
13,2022-11-27,135.23761,145.65047,164.01808,8.684306e-07,2.3871792e-07,0,24.9,19.083506,142.75,0,0,576,4.9375,0.16431639566395664,910.1847222222223,Healthy,No Action,Hydraulic group
13,2022-11-28,125.227615,141.9202,160.16302,7.708058e-07,3.0515122e-07,0,30.4,21.155382,141.75,0,0,576,2.7375,0.015622967479674812,523.2069444444445,Healthy,No Action,Hydraulic group
13,2022-11-29,130.43196,138.38152,144.81468,4.8157485e-06,1.3207118e-06,0,27.5,23.120312,140.75,0,0,576,5.409027777777777,0.233744918699187,952.0194444444444,Healthy,No Action,Hydraulic group
13,2022-11-30,128.25299,138.6373,145.43872,2.8576882e-05,5.5575138e-06,0,28.7,22.977951,139.75,0,0,576,11.125,0.8533116531165311,1641.0812500000002,Healthy,No Action,Hydraulic group
13,2022-12-01,125.030014,139.02405,144.77975,2.2389955e-05,2.9573175e-06,0,30.5,22.765451,138.75,0,0,576,6.378472222222222,0.2714122628726287,1321.4444444444443,Healthy,No Action,Hydraulic group
13,2022-12-02,132.08646,137.90063,143.08609,9.586032e-06,2.7873248e-06,0,26.6,23.390278,137.75,0,0,576,6.327777777777778,0.24898069105691054,1376.4111111111113,Healthy,No Action,Hydraulic group
13,2022-12-03,127.42464,135.8318,141.5497,4.1665453e-06,1.6154069e-06,0,29.2,24.540104,136.75,0,0,576,8.672222222222222,0.5637953929539296,1568.3145833333333,Healthy,No Action,Hydraulic group
13,2022-12-04,123.66397,137.33022,160.02107,1.7121212e-06,8.9122517e-07,0,31.3,23.705208,135.75,0,0,576,6.993055555555555,0.3474041327913279,1410.1340277777776,Healthy,No Action,Hydraulic group
13,2022-12-05,128.94005,135.357,162.37697,3.1650104e-06,9.2999835e-07,0,28.4,24.804514,134.75,0,0,576,7.679861111111112,0.45819105691056916,1463.3423611111111,Healthy,No Action,Hydraulic group
13,2022-12-06,131.02348,136.13576,144.86086,2.464734e-05,3.0042124e-06,0,27.2,24.368923,133.75,0,0,576,5.31875,0.14719207317073169,1195.2791666666667,Healthy,No Action,Hydraulic group
13,2022-12-07,126.89106,135.01295,139.56583,4.6632863e-06,1.8997606e-06,0,29.5,24.991667,132.75,0,0,576,8.254861111111111,0.506214430894309,1561.4631944444445,Healthy,No Action,Hydraulic group
13,2022-12-08,119.91729,131.4058,140.70122,9.155508e-06,2.0258344e-06,0,33.4,26.995487,131.75,0,0,576,10.837499999999999,0.8492032520325203,1638.7548611111113,Healthy,No Action,Hydraulic group
13,2022-12-09,112.89879,129.8996,145.05783,7.314494e-06,2.8545e-06,0,37.3,27.834896,130.75,0,0,576,9.119444444444445,0.6347699864498645,1581.8277777777778,Healthy,No Action,Hydraulic group
13,2022-12-10,119.35773,129.4809,137.73495,5.827973e-06,1.0677738e-06,0,33.7,28.065104,129.75,0,0,576,7.730555555555556,0.41073780487804873,1534.415972222222,Healthy,No Action,Hydraulic group
13,2022-12-11,125.75312,129.70813,133.2093,7.752411e-06,2.3447806e-06,0,30.1,27.9408,128.75,0,0,576,5.393055555555556,0.14870697831978316,1262.4875000000002,Healthy,No Action,Hydraulic group
13,2022-12-12,124.50462,132.46405,137.20479,2.965652e-06,1.0013637e-06,0,30.8,26.409374,127.75,0,0,576,2.5347222222222223,0.0066656504065040955,352.1965277777778,Healthy,No Action,Hydraulic group
13,2022-12-13,118.54112,127.199135,132.57782,1.6094209e-05,3.071134e-06,0,34.1,29.334373,126.75,0,0,576,3.4722222222222223,0.03776151761517616,604.4743055555556,Healthy,No Action,Hydraulic group
13,2022-12-14,115.52727,128.75668,136.24028,4.5584693e-06,1.8690166e-06,0,35.8,28.469095,125.75,0,0,576,5.096527777777777,0.14747289972899727,1092.7645833333333,Healthy,No Action,Hydraulic group
13,2022-12-15,120.69084,126.037025,128.97682,2.083868e-05,3.6039278e-06,0,32.9,29.97882,124.75,0,0,576,3.7687500000000003,0.0415040650406504,846.2305555555555,Healthy,No Action,Hydraulic group
13,2022-12-16,115.27699,124.626114,131.50218,2.1882297e-05,3.244777e-06,0,36.0,30.762325,123.75,0,0,576,5.502777777777777,0.2174773035230352,1027.7555555555555,Healthy,No Action,Hydraulic group
13,2022-12-17,115.904274,122.574234,126.74088,1.2080487e-05,6.4284413e-06,0,35.6,31.902605,122.75,0,0,576,5.780555555555555,0.2174813685636856,1222.6409722222222,Healthy,No Action,Hydraulic group
13,2022-12-18,105.23128,120.09914,125.64392,1.9636378e-05,6.629973e-06,0,41.5,33.279686,121.75,0,0,576,6.769444444444444,0.3289041327913279,1353.4881944444444,Healthy,No Action,Hydraulic group
13,2022-12-19,113.284424,121.68937,130.69841,3.0291603e-05,9.438222e-06,0,37.1,32.39705,120.75,0,0,576,3.854861111111111,0.054226287262872624,851.3812499999999,Healthy,No Action,Hydraulic group
13,2022-12-20,114.04136,123.08322,129.93752,1.5473437e-05,7.233599e-06,0,36.6,31.619097,119.75,0,0,576,3.4631944444444445,0.031416666666666676,630.8506944444445,Healthy,No Action,Hydraulic group
13,2022-12-21,115.38712,120.09783,130.2326,2.9360413e-05,1.0753694e-05,0,35.9,33.276566,118.75,0,0,576,3.8041666666666663,0.08332317073170732,682.5916666666667,Healthy,No Action,Hydraulic group
13,2022-12-22,113.27007,119.167755,124.7707,2.6011376e-05,6.112977e-06,0,37.1,33.797745,117.75,0,0,576,5.659027777777777,0.16626795392953925,1311.4909722222224,Healthy,No Action,Hydraulic group
13,2022-12-23,111.41241,117.10097,120.879974,9.888493e-06,3.9930974e-06,0,38.1,34.94132,116.75,0,0,576,7.2868055555555555,0.35132079945799455,1450.2076388888888,Healthy,No Action,Hydraulic group
13,2022-12-24,108.115654,115.471245,120.35298,8.455612e-06,3.3585475e-06,0,39.9,35.852085,115.75,0,0,576,8.922222222222222,0.6127317073170732,1586.5159722222222,Healthy,No Action,Hydraulic group
13,2022-12-25,109.98916,115.018295,119.41728,1.0713589e-05,2.2484842e-06,0,38.9,36.102776,114.75,0,0,576,9.075,0.6441422764227642,1596.5993055555555,Healthy,No Action,Hydraulic group
13,2022-12-26,112.650795,117.504814,122.75975,1.7085491e-06,7.4134186e-07,0,37.4,34.718227,113.75,0,0,576,5.686111111111111,0.1642815040650406,1324.3916666666667,Healthy,No Action,Hydraulic group
13,2022-12-27,107.195854,115.38741,120.84594,4.313976e-06,1.4555619e-06,0,40.4,35.89809,112.75,0,0,576,7.9624999999999995,0.48041531165311646,1512.8375,Healthy,No Action,Hydraulic group
13,2022-12-28,106.16606,115.65888,121.44866,1.2124092e-05,4.182391e-06,0,41.0,35.74566,111.75,0,0,576,9.74861111111111,0.6993140243902439,1574.3256944444445,Healthy,No Action,Hydraulic group
13,2022-12-29,97.040596,112.90295,123.718796,7.09263e-06,1.9544584e-06,0,46.1,37.27691,110.75,0,0,576,9.053472222222222,0.5843153794037941,1532.1402777777778,Healthy,No Action,Hydraulic group
13,2022-12-30,106.849236,113.92191,119.77761,0.00023140426,5.738265e-05,0,40.6,36.710766,109.75,0,0,576,7.868055555555555,0.43912669376693764,1526.0979166666666,Healthy,No Action,Hydraulic group
13,2022-12-31,100.89662,108.790436,117.21006,0.007874177,0.0012368596,0,43.9,39.559895,108.75,0,0,576,8.792361111111111,0.578440379403794,1580.1208333333334,Healthy,No Action,Hydraulic group
13,2023-01-01,101.42786,109.23613,117.530075,5.4100627e-05,1.9663265e-05,0,43.7,39.315105,107.75,0,0,576,6.542361111111111,0.23902608401084008,1409.7097222222224,Healthy,No Action,Hydraulic group
13,2023-01-02,97.02115,107.79318,116.14434,6.817232e-05,2.8930905e-05,0,46.1,40.1158,106.75,0,0,576,8.940972222222221,0.5969159891598915,1588.538888888889,Healthy,No Action,Hydraulic group
13,2023-01-03,103.216324,109.17802,114.32334,7.882014e-05,2.2198985e-05,0,42.7,39.343056,105.75,0,0,576,3.9749999999999996,0.14299220867208673,688.4027777777778,Healthy,No Action,Hydraulic group
13,2023-01-04,104.74751,109.28888,115.041145,0.00013147597,3.9066195e-05,0,41.8,39.286114,104.75,0,0,576,2.5465277777777775,0.009091124661246626,489.4534722222222,Healthy,No Action,Hydraulic group
13,2023-01-05,98.8582,106.93411,115.389465,0.00043664937,9.801037e-05,0,45.1,40.593227,103.75,0,0,576,4.109722222222222,0.05188346883468832,1075.7611111111112,Healthy,No Action,Hydraulic group
13,2023-01-06,94.0723,102.13798,110.18155,0.00065289147,0.00022571917,0,47.7,43.257465,102.75,0,0,576,7.706250000000001,0.4417015582655826,1471.382638888889,Healthy,No Action,Hydraulic group
13,2023-01-07,94.86116,99.69022,104.698494,0.00023442421,9.3892624e-05,0,47.3,44.614758,101.75,0,0,576,8.388194444444444,0.5124840785907858,1589.1666666666667,Healthy,No Action,Hydraulic group
13,2023-01-08,90.755035,101.30306,106.625275,4.2568074e-05,7.984196e-06,0,49.6,43.719963,100.75,0,0,576,6.360416666666667,0.2673983739837398,1302.447222222222,Healthy,No Action,Hydraulic group
13,2023-01-09,89.98281,99.30377,111.43405,8.854062e-06,4.1511653e-06,0,50.0,44.832638,99.75,0,0,576,2.6319444444444446,1.795392953933128e-05,295.3493055555556,Monitor,Schedule,Hydraulic group
13,2023-01-10,92.63383,98.42446,103.89861,1.2362059e-05,6.690803e-06,0,48.5,45.31823,98.75,0,0,576,3.7312499999999997,0.08688516260162603,689.9465277777778,Healthy,No Action,Hydraulic group
13,2023-01-11,92.56394,99.24057,106.60485,2.9706182e-05,1.38020505e-05,0,48.6,44.86684,97.75,0,0,576,4.4631944444444445,0.1170660569105691,930.2659722222221,Healthy,No Action,Hydraulic group
13,2023-01-12,90.84709,99.37576,111.3101,1.4870368e-05,3.4750929e-06,0,49.5,44.790104,96.75,0,0,576,5.711805555555555,0.20451388888888886,1204.013888888889,Healthy,No Action,Hydraulic group
13,2023-01-13,85.44698,95.775536,107.003716,7.3184083e-06,3.0343404e-06,0,52.5,46.789234,95.75,0,0,576,4.735416666666667,0.11589159891598914,1081.4986111111111,Monitor,Schedule,Hydraulic group
13,2023-01-14,86.7973,93.844734,98.66852,2.0463947e-05,8.903493e-06,0,51.8,47.861458,94.75,0,0,576,5.327083333333333,0.19660704607046067,1105.3708333333334,Monitor,Schedule,Hydraulic group
13,2023-01-15,78.637314,94.92589,101.428825,2.6001182e-05,8.337911e-06,0,56.3,47.26493,93.75,0,0,576,4.604166666666667,0.11094546070460704,980.4722222222222,Monitor,Schedule,Hydraulic group
13,2023-01-16,87.421425,94.40096,99.62319,1.1956544e-05,3.9848624e-06,0,51.4,47.55538,92.75,0,0,576,3.732638888888889,0.03767039295392952,888.4208333333333,Monitor,Schedule,Hydraulic group
13,2023-01-17,86.8751,93.19972,103.97349,1.2073428e-05,6.320272e-06,0,51.7,48.22222,91.75,0,0,576,3.808333333333333,0.03972425474254741,940.2736111111111,Monitor,Schedule,Hydraulic group
13,2023-01-18,88.01359,92.34405,102.729095,1.6222013e-05,7.171345e-06,0,51.1,48.699997,90.75,0,0,576,4.984027777777778,0.13825135501355013,1037.8243055555556,Monitor,Schedule,Hydraulic group
13,2023-01-19,84.117256,91.55008,101.28948,1.5830588e-05,5.7109164e-06,0,53.3,49.139236,89.75,0,0,576,3.918055555555556,0.04949322493224933,675.9027777777778,Monitor,Schedule,Hydraulic group
13,2023-01-20,86.269775,89.834076,93.25634,1.8443277e-05,8.385886e-06,0,52.1,50.09288,88.75,0,0,576,3.5458333333333334,0.04003319783197834,522.0604166666667,Monitor,Schedule,Hydraulic group
13,2023-01-21,87.02564,89.99631,93.59759,1.6033038e-05,6.239122e-06,0,51.7,49.99755,87.75,0,0,572,3.372027972027972,0.039932457786116336,594.0405594405595,Monitor,Schedule,Hydraulic group
13,2023-01-22,80.5103,88.43804,99.76467,3.007621e-05,9.393182e-06,0,55.3,50.86788,86.75,0,0,576,3.9833333333333334,0.06882147696476965,781.307638888889,Monitor,Schedule,Hydraulic group
13,2023-01-23,81.31083,85.96851,90.433716,3.4350287e-05,1.9918405e-05,0,54.8,52.23941,85.75,0,0,576,2.6812500000000004,0.01391903794037943,427.43125,Monitor,Schedule,Hydraulic group
13,2023-01-24,80.66426,84.77624,91.50308,5.7499896e-05,1.766289e-05,0,55.2,52.901043,84.75,0,0,576,2.8618055555555557,0.022520325203252055,446.3041666666667,Monitor,Schedule,Hydraulic group
13,2023-01-25,79.00175,85.77727,104.06445,4.979776e-05,1.5657262e-05,0,56.1,52.34618,83.75,0,0,576,2.752083333333333,0.024978997289972913,531.4805555555555,Monitor,Schedule,Hydraulic group
13,2023-01-26,76.28148,82.01956,87.76093,6.6578796e-05,2.9324337e-05,0,57.6,54.43524,82.75,0,0,576,6.49375,0.33328658536585365,1143.677777777778,Monitor,Schedule,Hydraulic group
13,2023-01-27,74.26519,83.88339,92.10888,1.6554488e-05,6.4794376e-06,0,58.7,53.399307,81.75,0,0,576,9.154166666666667,0.6313373983739837,1582.9069444444444,Monitor,Schedule,Hydraulic group
13,2023-01-28,76.95982,81.59259,88.6268,7.4604222e-06,3.038231e-06,0,57.2,54.670662,80.75,0,0,576,3.392361111111111,0.025622628726287247,863.7125000000001,Monitor,Schedule,Hydraulic group
13,2023-01-29,76.15937,83.14156,87.051254,1.5914795e-05,7.164988e-06,0,57.7,53.8059,79.75,0,0,576,3.029166666666667,0.01290650406504067,486.51458333333335,Monitor,Schedule,Hydraulic group
13,2023-01-30,73.669205,79.94987,99.09792,2.5396266e-05,9.595378e-06,0,59.1,55.58715,78.75,0,0,576,3.038888888888889,0.007693089430894325,494.9597222222222,Monitor,Schedule,Hydraulic group
13,2023-01-31,68.0938,79.15579,88.67408,1.6673843e-05,7.320654e-06,0,62.2,56.025345,77.75,0,0,576,6.379861111111111,0.256260162601626,1373.4729166666666,Monitor,Schedule,Hydraulic group
13,2023-02-01,71.5249,77.52506,90.72619,6.0966745e-06,3.0729566e-06,0,60.3,56.928642,76.75,0,0,576,3.820138888888889,0.05561788617886179,814.9583333333334,Monitor,Schedule,Hydraulic group
13,2023-02-02,71.16982,76.860054,82.19499,1.124496e-05,5.6332465e-06,0,60.5,57.299656,75.75,0,0,576,7.842361111111111,0.47410772357723574,1467.15625,Monitor,Schedule,Hydraulic group
13,2023-02-03,66.01659,73.42521,79.4836,1.1281706e-05,3.2952576e-06,0,63.3,59.211807,74.75,0,0,576,6.382638888888889,0.26195901084010836,1389.3694444444445,Monitor,Schedule,Hydraulic group
13,2023-02-04,69.55531,76.13914,86.37912,4.5563e-06,1.5554766e-06,0,61.4,57.69896,73.75,0,0,576,8.596527777777778,0.5754180216802168,1563.5784722222222,Monitor,Schedule,Hydraulic group
13,2023-02-05,68.47213,76.79385,86.38833,3.5142114e-06,1.1763141e-06,0,62.0,57.334377,72.75,0,0,576,8.681944444444445,0.5676009485094852,1531.4319444444445,Monitor,Schedule,Hydraulic group
13,2023-02-06,71.970436,79.84687,91.62855,1.5216996e-05,3.101953e-06,0,60.0,55.641495,71.75,0,0,576,3.209027777777778,0.013570799457994581,673.0152777777778,Monitor,Schedule,Hydraulic group
13,2023-02-07,65.36814,73.69992,80.60625,1.4383191e-05,5.488746e-06,0,63.7,59.055557,70.75,0,0,576,3.8520833333333337,0.04411178861788616,924.9354166666667,Monitor,Schedule,Hydraulic group
13,2023-02-08,68.79336,72.99827,85.99093,2.0976595e-05,9.912281e-06,0,61.8,59.44705,69.75,0,0,576,5.086805555555555,0.14034383468834688,1213.9895833333333,Monitor,Schedule,Hydraulic group
13,2023-02-09,66.298164,72.97037,80.91985,3.1027794e-05,1.5120818e-05,0,63.2,59.459377,68.75,0,0,576,5.403472222222223,0.1995731707317073,1116.7854166666666,Monitor,Schedule,Hydraulic group
13,2023-02-10,67.29686,70.53926,75.753044,1.1512424e-05,4.312329e-06,0,62.6,60.81319,67.75,0,0,576,4.340972222222223,0.08533028455284551,937.7763888888888,Monitor,Schedule,Hydraulic group
13,2023-02-11,63.007965,68.97907,73.067795,1.178625e-05,4.5538127e-06,0,65.0,61.67587,66.75,0,0,576,8.111805555555556,0.464,1539.351388888889,Monitor,Schedule,Hydraulic group
13,2023-02-12,60.629196,68.71735,100.9402,3.7855777e-06,1.2399246e-06,0,66.3,61.826214,65.75,0,0,576,9.038888888888888,0.5944434281842819,1543.6993055555556,Monitor,Schedule,Hydraulic group
13,2023-02-13,59.28146,66.42201,72.379684,2.8948427e-06,7.64484e-07,0,67.1,63.099136,64.75,0,0,576,7.252083333333333,0.3527605013550135,1371.3097222222223,Monitor,Schedule,Hydraulic group
13,2023-02-14,58.17531,67.80167,78.88842,4.239915e-06,1.1386978e-06,0,67.7,62.33229,63.75,0,0,576,4.539583333333334,0.10209993224932248,1048.665972222222,Monitor,Schedule,Hydraulic group
13,2023-02-15,56.220203,63.553574,70.73912,1.2070446e-05,4.3674772e-06,0,68.8,64.69497,62.75,0,0,576,10.39375,0.7014874661246613,1613.7604166666667,Monitor,Schedule,Hydraulic group
13,2023-02-16,54.206104,63.336723,73.30631,1.5882819e-05,4.3974755e-06,0,69.9,64.813194,61.75,0,0,576,10.054166666666667,0.7254596883468835,1607.384722222222,Monitor,Schedule,Hydraulic group
13,2023-02-17,51.512257,60.253277,66.69755,1.3711175e-05,5.169653e-06,0,71.4,66.52378,60.75,0,0,576,8.908333333333333,0.6061846205962059,1600.5069444444443,Monitor,Schedule,Hydraulic group
13,2023-02-18,58.28144,62.651226,71.7517,7.469706e-06,2.4892454e-06,0,67.6,65.19583,59.75,0,0,576,4.955555555555556,0.1415352303523035,1102.052777777778,Monitor,Schedule,Hydraulic group
13,2023-02-19,48.840893,64.81338,94.27153,1.04480405e-05,2.1220285e-06,0,72.9,63.992012,58.75,0,0,576,7.175694444444444,0.45486415989159895,1265.5229166666666,Monitor,Schedule,Hydraulic group
13,2023-02-20,44.4061,55.36539,60.87793,2.285723e-05,6.9950192e-06,0,75.3,69.24027,57.75,0,0,576,10.608333333333333,0.6964156504065041,1585.0506944444444,Monitor,Schedule,Hydraulic group
13,2023-02-21,45.7459,57.2441,71.46925,1.6044327e-05,6.533575e-06,0,74.6,68.19931,56.75,0,0,576,10.959722222222222,0.733880081300813,1578.3680555555557,Monitor,Schedule,Hydraulic group
13,2023-02-22,47.703556,57.332687,68.4374,2.3723376e-05,3.4317027e-06,0,73.5,68.14705,55.75,0,0,576,8.31388888888889,0.48044512195121947,1355.2680555555555,Monitor,Schedule,Hydraulic group
13,2023-02-23,44.635975,56.737106,129.02129,1.632897e-05,2.62286e-06,0,75.2,68.47969,54.75,0,0,576,3.0374999999999996,0.02795291327913281,493.3840277777778,Monitor,Schedule,Hydraulic group
13,2023-02-24,47.269768,52.290176,56.82899,6.139764e-06,2.0139191e-06,0,73.7,70.948784,53.75,0,0,576,3.276388888888889,0.02325135501355013,682.7986111111111,Monitor,Schedule,Hydraulic group
13,2023-02-25,44.164394,49.455563,54.85607,1.1520892e-05,6.5070767e-06,0,75.5,72.524994,52.75,0,0,576,3.836111111111111,0.04399288617886178,847.1743055555556,Monitor,Schedule,Hydraulic group
13,2023-02-26,34.97427,53.29329,85.512726,1.1086483e-05,4.5081533e-06,0,80.6,70.39201,51.75,0,0,576,2.161111111111111,0.0015284552845528853,270.1791666666667,Monitor,Schedule,Hydraulic group
13,2023-02-27,39.087307,58.99117,79.24322,4.860921e-06,2.2517136e-06,0,78.3,67.22674,50.75,0,0,576,3.8430555555555554,0.06634247967479674,762.7347222222222,Monitor,Schedule,Hydraulic group
13,2023-02-28,42.582554,49.225693,55.87355,1.2141425e-05,3.0371054e-06,0,76.3,72.654335,49.75,0,0,576,4.809027777777778,0.10623543360433602,1117.8881944444445,Monitor,Schedule,Hydraulic group
13,2023-03-01,41.17326,46.896946,51.4486,1.2474387e-05,7.2452594e-06,0,77.1,73.9434,48.75,0,0,576,3.2645833333333334,0.013637872628726287,698.8708333333333,Monitor,Schedule,Hydraulic group
13,2023-03-02,43.10014,50.29103,56.417522,5.7677826e-05,9.061976e-06,0,76.1,72.06129,47.75,0,0,576,2.6305555555555555,0.0019356368563685942,342.09444444444443,Monitor,Schedule,Hydraulic group
13,2023-03-03,42.253223,46.679535,51.063374,3.327091e-05,9.659032e-06,0,76.5,74.06563,46.75,0,0,576,6.6506944444444445,0.40648644986449867,896.6902777777777,Monitor,Schedule,Hydraulic group
13,2023-03-04,26.30687,44.74334,83.83431,1.3055945e-05,3.8484595e-06,0,85.4,75.14323,45.75,0,0,576,10.327777777777778,0.6949861111111111,1587.3395833333334,Warning,Plan Soon,Hydraulic group
13,2023-03-05,37.383636,43.33582,58.68685,7.697027e-06,3.6576103e-06,0,79.2,75.92604,44.75,0,0,576,4.2444444444444445,0.11439329268292682,821.0743055555555,Monitor,Schedule,Hydraulic group
13,2023-03-06,32.211575,42.12814,54.351936,5.642331e-05,1.228415e-05,0,82.1,76.59635,43.75,0,0,576,4.428472222222222,0.09674728997289972,955.3868055555556,Monitor,Schedule,Hydraulic group
13,2023-03-07,31.861597,45.129642,62.197014,3.6986283e-05,1.5109418e-05,0,82.3,74.92795,42.75,0,0,576,3.6826388888888886,0.05548882113821137,865.9402777777777,Monitor,Schedule,Hydraulic group
13,2023-03-08,37.71129,42.490555,48.317074,6.568595e-05,1.5413114e-05,0,79.0,76.39254,41.75,0,0,576,6.047222222222222,0.24336686991869916,1313.384722222222,Monitor,Schedule,Hydraulic group
13,2023-03-09,31.115816,38.149254,46.535076,0.00066810416,0.0001174799,0,82.7,78.8066,40.75,0,0,576,9.179166666666667,0.6164044715447154,1595.8506944444443,Monitor,Schedule,Hydraulic group
13,2023-03-10,30.963179,38.753616,47.909958,0.0004725458,6.891668e-05,0,82.8,78.470665,39.75,0,0,576,5.897916666666666,0.2731531165311653,1070.509722222222,Monitor,Schedule,Hydraulic group
13,2023-03-11,32.17774,42.626434,49.469288,0.00042882992,7.007769e-05,0,82.1,76.31823,38.75,0,0,576,2.729861111111111,0.007648035230352334,427.8618055555555,Monitor,Schedule,Hydraulic group
13,2023-03-12,30.362394,44.556328,82.83169,7.731479e-06,3.5867233e-06,0,83.1,75.24705,37.75,0,0,576,5.670138888888889,0.2190023712737127,1272.6826388888887,Monitor,Schedule,Hydraulic group
13,2023-03-13,25.952126,37.992924,46.178364,1.0189267e-05,2.5548861e-06,0,85.6,78.89462,36.75,0,0,576,7.572222222222223,0.44124356368563683,1454.1305555555555,Warning,Plan Soon,Hydraulic group
13,2023-03-14,27.623375,34.10989,39.737476,2.5276255e-05,1.006085e-05,0,84.7,81.05052,35.75,0,0,576,8.409027777777778,0.5330616531165311,1541.7611111111112,Warning,Plan Soon,Hydraulic group
13,2023-03-15,27.585419,34.774982,42.594128,2.8894627e-05,9.974599e-06,0,84.7,80.679344,34.75,0,0,576,12.561805555555557,0.9129481707317074,1648.8701388888887,Warning,Plan Soon,Hydraulic group
13,2023-03-16,29.904297,34.132137,39.816357,1.5342077e-05,2.3226955e-06,0,83.4,81.039635,33.75,0,0,545,11.246788990825689,0.8069115238308346,1626.5611009174313,Warning,Plan Soon,Hydraulic group
13,2023-03-17,25.318214,31.912329,39.85174,1.7488477e-05,5.471467e-06,0,85.9,82.271065,32.75,0,0,432,9.456944444444444,0.640380758807588,1554.6006944444443,Warning,Plan Soon,Hydraulic group
13,2023-03-18,18.450527,27.492346,40.369583,4.3588847e-05,9.375713e-06,0,89.7,84.73102,31.75,0,0,432,7.930555555555555,0.4622991192411924,1481.572222222222,Warning,Plan Soon,Hydraulic group
13,2023-03-19,26.64879,35.453033,44.04279,5.7882302e-05,1.080086e-05,0,85.2,80.30579,30.75,0,0,432,5.160416666666667,0.20411280487804878,1004.2055555555555,Warning,Plan Soon,Hydraulic group
13,2023-03-20,26.567442,36.92546,47.30136,3.2908276e-05,9.357866e-06,0,85.2,79.48472,29.75,0,0,432,4.002083333333333,0.10361856368563685,810.4236111111111,Warning,Plan Soon,Hydraulic group
13,2023-03-21,26.98769,30.913502,36.940216,2.3252845e-05,6.309021e-06,0,85.0,82.82407,28.75,0,0,432,6.429166666666667,0.27279945799457994,1400.9020833333332,Warning,Plan Soon,Hydraulic group
13,2023-03-22,23.889645,26.59623,30.01755,1.148501e-05,4.2507377e-06,0,86.7,85.22384,27.75,0,0,432,5.902083333333333,0.22168563685636855,1351.4479166666667,Warning,Plan Soon,Hydraulic group
13,2023-03-23,22.251865,27.2151,31.109213,1.1990502e-05,5.89964e-06,0,87.6,84.88009,26.75,0,0,432,6.060416666666667,0.25692073170731705,1298.96875,Warning,Plan Soon,Hydraulic group
13,2023-03-24,21.435835,25.456396,29.342566,1.8102866e-05,5.923044e-06,0,88.1,85.85856,25.75,0,0,432,3.14375,0.042859417344173464,528.03125,Warning,Plan Soon,Hydraulic group
13,2023-03-25,18.538462,25.301622,29.817581,2.7331342e-05,1.5147785e-05,0,89.7,85.94329,24.75,0,0,432,6.7347222222222225,0.33952574525745255,1370.4680555555553,Warning,Plan Soon,Hydraulic group
13,2023-03-26,20.135826,24.466816,31.380827,3.067647e-05,9.475347e-06,0,88.8,86.40532,23.75,0,0,414,7.0144927536231885,0.3313647932131495,1431.905072463768,Warning,Plan Soon,Hydraulic group
13,2023-03-27,15.838735,20.452,30.348776,1.8411945e-05,5.2477367e-06,0,91.2,88.63727,22.75,0,0,432,6.295833333333333,0.2912838753387534,1290.420138888889,Warning,Plan Soon,Hydraulic group
13,2023-03-28,17.307232,21.83739,31.339788,3.4581844e-05,8.8246115e-06,0,90.4,87.86806,21.75,0,0,432,2.9979166666666663,0.02207350948509487,553.9868055555555,Warning,Plan Soon,Hydraulic group
13,2023-03-29,16.170572,23.649475,32.465027,2.3632805e-05,1.244957e-05,0,91.0,86.86157,20.75,0,0,432,8.227777777777778,0.48260941734417345,1499.5590277777778,Warning,Plan Soon,Hydraulic group
13,2023-03-30,16.42216,21.301771,29.90418,0.00031698553,5.665526e-05,0,90.9,88.165276,19.75,0,0,432,8.229166666666666,0.49742073170731704,1546.1097222222222,Warning,Plan Soon,Hydraulic group
13,2023-03-31,11.360233,23.545425,32.843998,0.0005181985,5.722323e-05,0,93.7,86.92084,18.75,0,0,432,3.888888888888889,0.07091327913279132,841.1555555555556,Warning,Urgent,Hydraulic group
13,2023-04-01,11.900459,19.91733,30.1766,7.476241e-05,2.2229173e-05,0,93.4,88.93519,17.75,0,0,432,4.777777777777778,0.10513719512195119,1146.9020833333334,Warning,Urgent,Hydraulic group
13,2023-04-02,11.213893,19.092741,25.029844,0.00017181892,8.390111e-05,0,93.8,89.391205,16.75,0,0,432,2.5854166666666667,0.010452235772357751,349.2875,Warning,Urgent,Hydraulic group
13,2023-04-03,10.553315,18.114506,24.863577,7.139552e-05,2.4690025e-05,0,94.1,89.93542,15.75,0,0,432,7.3597222222222225,0.41310738482384823,1285.5826388888888,Warning,Urgent,Hydraulic group
13,2023-04-04,10.698018,16.72394,22.029982,3.672465e-05,1.3908474e-05,0,94.1,90.71065,14.75,0,0,432,8.668055555555556,0.5585636856368563,1560.89375,Warning,Urgent,Hydraulic group
13,2023-04-05,5.9448175,13.494713,20.362432,3.9422994e-05,1.401631e-05,0,96.7,92.50371,13.75,0,0,432,6.688194444444445,0.3009021002710027,1383.888888888889,Critical,Urgent,Hydraulic group
13,2023-04-06,6.9149084,14.113479,20.064781,8.1826416e-05,2.6514086e-05,0,96.2,92.15787,12.75,0,0,432,10.869444444444445,0.7921100948509485,1631.3131944444447,Critical,Urgent,Hydraulic group
13,2023-04-07,8.026281,14.004451,21.028557,4.6012814e-05,1.2758507e-05,0,95.5,92.21597,11.75,0,0,432,12.39027777777778,0.8626731029810298,1637.6243055555553,Warning,Urgent,Hydraulic group
13,2023-04-08,8.533975,13.545433,23.366888,1.5967198e-05,4.8363095e-06,0,95.3,92.474075,10.75,0,0,432,10.71736111111111,0.7503624661246612,1590.7458333333332,Warning,Urgent,Hydraulic group
13,2023-04-09,8.227634,10.855831,16.753696,5.7593506e-06,2.2889492e-06,0,95.4,93.96991,9.75,0,0,432,12.308333333333334,0.907220189701897,1648.4375,Warning,Urgent,Hydraulic group
13,2023-04-10,8.449928,11.121433,19.556303,5.3506737e-06,1.5220323e-06,0,95.3,93.81991,8.75,0,0,432,11.78888888888889,0.884104674796748,1643.9791666666667,Warning,Urgent,Hydraulic group
13,2023-04-11,7.457334,11.721976,19.124641,9.810606e-06,2.5271108e-06,0,95.9,93.49074,7.75,0,0,432,7.2972222222222225,0.34904708672086715,1484.2277777777779,Warning,Urgent,Hydraulic group
13,2023-04-12,0.0,13.550361,31.524973,0.99996483,0.28113368,121,100.0,92.47176,6.75,120,0,432,4.3625,0.09466937669376693,953.8395833333334,Critical,Immediate,Hydraulic group
13,2023-04-13,0.0,9.364727,25.398193,0.9999721,0.99991447,432,100.0,94.79676,5.75,432,0,432,4.694444444444445,0.10959112466124658,1046.2791666666667,Critical,Immediate,Hydraulic group
13,2023-04-14,0.0,10.940193,27.566713,0.99997544,0.9999382,432,100.0,93.91875,4.75,432,0,432,3.5472222222222225,0.02696680216802167,837.3513888888889,Critical,Immediate,Hydraulic group
13,2023-04-15,1.674088,13.021125,36.474136,0.9999732,0.9998826,432,99.1,92.76551,3.75,432,0,432,3.3902777777777775,0.04113245257452575,663.34375,Critical,Immediate,Hydraulic group
13,2023-04-16,0.0,5.96145,29.709265,0.9999826,0.99984604,432,100.0,96.686104,2.75,432,0,432,4.9423611111111105,0.1984671409214092,894.1083333333333,Critical,Immediate,Hydraulic group
13,2023-04-17,0.0,12.115284,39.228123,0.9999653,0.99988323,432,100.0,93.27129,1.75,432,0,432,5.1298611111111105,0.17143157181571814,1087.2597222222223,Critical,Immediate,Hydraulic group
13,2023-04-18,0.0,13.279149,40.574707,0.9999788,0.99991935,432,100.0,92.62338,0.75,432,0,432,8.103472222222221,0.4682232384823848,1507.2333333333333,Critical,Immediate,Hydraulic group
13,2023-04-19,0.0,40.06604,136.18985,0.9999666,0.72826815,312,100.0,77.74144,0.041666666666666664,312,105,432,12.759027777777776,0.8122699864498645,1631.625,Critical,Immediate,Hydraulic group
13,2023-04-20,130.81432,151.15485,163.78949,4.9202845e-05,1.869264e-05,0,27.3,16.022917,137.625,0,432,432,17.849305555555556,0.9627123983739837,1643.475,Healthy,No Action,Hydraulic group
13,2023-04-21,132.48659,149.08446,168.03377,0.00014944772,4.4150333e-05,0,26.4,17.175694,136.625,0,432,432,14.958333333333334,0.9257754065040651,1651.8590277777778,Healthy,No Action,Hydraulic group
13,2023-04-22,133.99765,143.80096,157.32544,0.00013345564,4.0255585e-05,0,25.6,20.11212,135.625,0,429,429,13.05174825174825,0.8773470919324577,1633.995104895105,Healthy,No Action,Hydraulic group
13,2023-04-23,136.84454,152.97829,164.39246,0.00017609599,2.4181154e-05,0,24.0,15.011574,134.625,0,432,432,8.045833333333334,0.45734451219512195,1500.0375,Healthy,No Action,Hydraulic group
13,2023-04-24,141.6971,152.44838,162.38562,0.00015050711,2.2753336e-05,0,21.3,15.308102,133.625,0,432,432,6.638194444444444,0.2784712059620596,1342.2097222222221,Healthy,No Action,Hydraulic group
13,2023-04-25,137.63281,148.57574,156.86244,0.00068435294,0.00019601888,0,23.5,17.458101,132.625,0,432,432,5.2659722222222225,0.13646172086720865,1223.4479166666667,Healthy,No Action,Hydraulic group
13,2023-04-26,127.94759,148.25868,158.56915,0.0024254126,0.00021631009,0,28.9,17.633417,131.625,0,330,398,4.4907035175879395,0.028887363647505836,536.0922110552764,Healthy,No Action,Hydraulic group
13,2023-04-27,122.84124,129.70694,135.24716,0.0039684833,0.0017567948,0,31.8,27.939236,130.625,0,0,288,3.4479166666666665,0.018350271002710018,781.1173611111112,Healthy,No Action,Hydraulic group
13,2023-04-28,123.959305,130.79112,137.43188,0.00534033,0.0016768544,0,31.1,27.337847,129.625,0,0,288,9.22013888888889,0.6464366531165312,1576.6916666666666,Healthy,No Action,Hydraulic group
13,2023-04-29,125.0067,132.03033,144.40887,0.0009964748,0.0004441516,0,30.6,26.649652,128.625,0,0,288,5.620138888888889,0.2054813685636856,1275.882638888889,Healthy,No Action,Hydraulic group
13,2023-04-30,110.92502,125.84534,138.52316,0.00062702043,0.00024327014,0,38.4,30.085415,127.625,0,0,288,5.754166666666666,0.21979674796747967,1237.8895833333333,Healthy,No Action,Hydraulic group
13,2023-05-01,115.82513,125.61532,131.93355,0.00022506028,6.3069274e-05,0,35.7,30.215973,126.625,0,0,288,3.59375,0.03145867208672085,846.0222222222222,Healthy,No Action,Hydraulic group
13,2023-05-02,119.03639,128.40497,142.05872,0.0005665508,0.00010270927,0,33.9,28.66354,125.625,0,0,288,9.625,0.6478936314363143,1559.7215277777777,Healthy,No Action,Hydraulic group
13,2023-05-03,116.582016,127.8393,139.34093,0.00012542025,3.0994473e-05,0,35.2,28.977776,124.625,0,0,288,9.465277777777779,0.6171084010840109,1582.3666666666666,Healthy,No Action,Hydraulic group
13,2023-05-04,117.21052,123.295135,132.69269,0.0009987558,0.00012072896,0,34.9,31.500694,123.625,0,0,288,7.393055555555555,0.4021944444444444,1418.4715277777777,Healthy,No Action,Hydraulic group
13,2023-05-05,117.54467,123.78512,132.78448,0.0007375909,0.00025833654,0,34.7,31.227776,122.625,0,0,288,5.550694444444444,0.17794512195121948,1279.7631944444445,Healthy,No Action,Hydraulic group
13,2023-05-06,115.54353,125.58416,134.2919,0.0013442476,0.00013706289,0,35.8,30.229166,121.625,0,0,288,3.045138888888889,0.030439701897018976,615.3381944444444,Healthy,No Action,Hydraulic group
13,2023-05-07,111.77473,120.827675,128.87419,0.0073854523,0.0015228916,0,37.9,32.87118,120.625,0,0,288,7.245833333333334,0.37346815718157184,1413.2854166666666,Healthy,No Action,Hydraulic group
13,2023-05-08,116.66947,122.22766,128.94872,0.0014746716,0.00041592878,0,35.2,32.094097,119.625,0,0,288,7.444444444444445,0.3620430216802168,1462.4791666666667,Healthy,No Action,Hydraulic group
13,2023-05-09,105.76562,116.75272,127.148186,0.00079508685,0.00025497458,0,41.2,35.13889,118.625,0,0,288,5.236805555555556,0.1073960027100271,854.8347222222222,Healthy,No Action,Hydraulic group
13,2023-05-10,111.11006,120.32784,134.33774,0.000725929,9.4162875e-05,0,38.3,33.150345,117.625,0,0,288,8.011805555555556,0.4843065718157182,1513.5694444444443,Healthy,No Action,Hydraulic group
13,2023-05-11,109.49888,117.744316,123.68229,3.1084244e-05,1.5067648e-05,0,39.2,34.58646,116.625,0,0,288,8.695833333333333,0.5682439024390243,1569.1763888888888,Healthy,No Action,Hydraulic group
13,2023-05-12,108.03347,120.20724,128.3037,2.4490872e-05,1.540914e-05,0,40.0,33.219097,115.625,0,0,288,8.229861111111111,0.5014024390243903,1530.9263888888888,Healthy,No Action,Hydraulic group
13,2023-05-13,111.693054,121.95684,133.23988,1.5428142e-05,5.9956387e-06,0,37.9,32.244095,114.625,0,0,288,4.365972222222222,0.06970562330623303,1035.5069444444443,Healthy,No Action,Hydraulic group
13,2023-05-14,108.38871,120.52173,130.24294,1.0389963e-05,1.7139051e-06,0,39.8,33.04097,113.625,0,0,288,3.0965277777777778,0.039891260162601645,510.30555555555554,Healthy,No Action,Hydraulic group
13,2023-05-15,109.17332,124.82223,143.20518,2.6097892e-05,6.568096e-06,0,39.3,30.653124,112.625,0,0,288,8.334722222222222,0.48876998644986447,1472.165972222222,Healthy,No Action,Hydraulic group
13,2023-05-16,99.63808,117.78783,131.59097,2.2062943e-05,3.1735221e-06,0,44.6,34.562153,111.625,0,0,288,9.621527777777779,0.6074126016260162,1551.2791666666667,Healthy,No Action,Hydraulic group
13,2023-05-17,95.85246,111.5402,127.78602,4.4259203e-05,1.0994154e-05,0,46.7,38.034378,110.625,0,0,288,8.479861111111111,0.533935298102981,1542.3104166666667,Healthy,No Action,Hydraulic group
13,2023-05-18,94.64689,113.00161,123.85986,8.1797945e-05,6.01016e-06,0,47.4,37.220486,109.625,0,0,288,5.690972222222222,0.20366463414634145,1175.0576388888887,Healthy,No Action,Hydraulic group
13,2023-05-19,94.76169,113.044556,129.15038,9.087622e-06,2.362078e-06,0,47.4,37.198612,108.625,0,0,288,3.927777777777778,0.04679844173441733,914.7451388888888,Healthy,No Action,Hydraulic group
13,2023-05-20,94.816414,108.23593,123.5677,0.00021621335,4.0311188e-05,0,47.3,39.871872,107.625,0,0,288,10.858333333333333,0.7551659891598915,1610.2305555555556,Healthy,No Action,Hydraulic group
13,2023-05-21,101.49597,108.352776,115.68051,9.638748e-05,2.7559836e-05,0,43.6,39.804516,106.625,0,0,288,13.395833333333334,0.916880758807588,1647.1513888888887,Healthy,No Action,Hydraulic group
13,2023-05-22,95.77669,105.085526,115.556145,7.2266055e-05,1.391018e-05,0,46.8,41.620136,105.625,0,0,288,4.439583333333333,0.11869850948509485,859.8520833333333,Healthy,No Action,Hydraulic group
13,2023-05-23,91.642044,105.74864,118.90151,0.0001909841,4.28082e-05,0,49.1,41.250694,104.625,0,0,288,10.061805555555557,0.6631050135501355,1591.5638888888889,Healthy,No Action,Hydraulic group
13,2023-05-24,98.41174,107.33916,122.01739,0.0002187919,4.6568435e-05,0,45.3,40.365623,103.625,0,0,288,11.100694444444445,0.8119237804878048,1628.3020833333333,Healthy,No Action,Hydraulic group
13,2023-05-25,95.047745,105.60732,122.14765,6.559186e-05,9.9510125e-06,0,47.2,41.32986,102.625,0,0,288,7.072916666666667,0.35559925474254744,1304.0368055555555,Healthy,No Action,Hydraulic group
13,2023-05-26,92.78426,105.75088,113.8334,3.8062288e-05,7.980913e-06,0,48.5,41.250835,101.625,0,0,240,2.9908333333333332,0.007920731707317098,462.75416666666666,Healthy,No Action,Hydraulic group
13,2023-05-27,93.75444,105.017365,118.075745,5.6551242e-05,7.466717e-06,0,47.9,41.657986,100.625,0,0,288,4.123611111111111,0.11010975609756099,717.0041666666667,Healthy,No Action,Hydraulic group
13,2023-05-28,101.64744,111.562416,119.02235,2.6901515e-05,8.651064e-06,0,43.5,38.019444,99.625,0,0,288,4.737500000000001,0.10643326558265581,1049.5326388888889,Healthy,No Action,Hydraulic group
13,2023-05-29,101.46949,109.83823,122.09809,3.2982232e-05,1.3373747e-05,0,43.6,38.979168,98.625,0,0,288,4.4430555555555555,0.07616869918699185,1031.25,Healthy,No Action,Hydraulic group
13,2023-05-30,96.67189,108.444176,117.814644,3.5865025e-05,1.49028365e-05,0,46.3,39.75104,97.625,0,0,288,3.933333333333333,0.056488821138211374,832.0180555555556,Healthy,No Action,Hydraulic group
13,2023-05-31,99.07081,109.46288,119.75344,0.00014690077,3.466264e-05,0,45.0,39.18854,96.625,0,0,288,8.468055555555557,0.5097499999999999,1496.3041666666666,Healthy,No Action,Hydraulic group
13,2023-06-01,87.78997,100.91424,114.65351,0.00041415085,9.996075e-05,0,51.2,43.935764,95.625,0,0,288,8.138194444444444,0.4783733062330623,1517.5090277777776,Monitor,Schedule,Hydraulic group
13,2023-06-02,78.00214,92.87407,109.29579,0.0014564547,0.0003462232,0,56.7,48.40486,94.625,0,0,288,7.080555555555556,0.3595318428184282,1357.6374999999998,Monitor,Schedule,Hydraulic group
13,2023-06-03,80.884415,94.829346,104.61382,0.00048114016,0.00020668666,0,55.1,47.317013,93.625,0,0,288,3.5159722222222225,0.040866531165311644,754.3604166666667,Monitor,Schedule,Hydraulic group
13,2023-06-04,81.369125,94.30403,103.476875,0.00028772154,8.431504e-05,0,54.8,47.60764,92.625,0,0,288,4.093055555555555,0.10150779132791328,789.6819444444444,Monitor,Schedule,Hydraulic group
13,2023-06-05,88.75059,101.88178,115.08868,0.00031165165,7.2731025e-05,0,50.7,43.39965,91.625,0,0,288,4.222916666666666,0.068720189701897,965.1062499999999,Monitor,Schedule,Hydraulic group
13,2023-06-06,85.98507,96.04901,107.92219,8.221169e-05,2.1505617e-05,0,52.2,46.635418,90.625,0,0,288,4.079166666666667,0.08016802168021679,877.9333333333333,Monitor,Schedule,Hydraulic group
13,2023-06-07,86.4203,96.37277,113.628395,0.00153443,0.00024858088,0,52.0,46.46111,89.625,0,0,288,6.309027777777778,0.33291565040650406,1043.884722222222,Monitor,Schedule,Hydraulic group
13,2023-06-08,85.83882,96.57756,108.59963,0.0033053837,0.0011273031,0,52.3,46.345833,88.625,0,0,288,9.184027777777779,0.5925132113821138,1556.3951388888888,Monitor,Schedule,Hydraulic group
13,2023-06-09,77.25777,90.70506,104.17005,0.00087853236,0.00029778256,0,57.1,49.607292,87.625,0,0,288,3.5152777777777775,0.06164972899728998,703.567361111111,Monitor,Schedule,Hydraulic group
13,2023-06-10,71.05446,85.95593,96.37095,0.0019089337,0.0005582261,0,60.5,52.24375,86.625,0,0,288,6.347916666666666,0.2870907859078591,1222.4694444444444,Monitor,Schedule,Hydraulic group
13,2023-06-11,72.546364,88.694885,101.3376,0.003883982,0.0012156335,0,59.7,50.722916,85.625,0,0,288,9.536805555555555,0.6669840785907859,1602.6055555555556,Monitor,Schedule,Hydraulic group
13,2023-06-12,83.53658,95.56331,105.62928,0.0031811995,0.00092283636,0,53.6,46.912155,84.625,0,0,288,9.220833333333333,0.6059278455284552,1581.6826388888887,Monitor,Schedule,Hydraulic group
13,2023-06-13,85.00339,98.02252,114.021645,0.0028652996,0.00043297128,0,52.8,45.542362,83.625,0,0,288,7.159027777777778,0.373954945799458,1249.7333333333333,Monitor,Schedule,Hydraulic group
13,2023-06-14,73.32307,90.10913,105.32175,0.0002642618,7.145504e-05,0,59.3,49.940628,82.625,0,0,288,3.2131944444444445,0.028601287262872643,603.1590277777777,Monitor,Schedule,Hydraulic group
13,2023-06-15,66.011314,87.651535,103.02049,0.00051261374,7.78864e-05,0,63.3,51.30521,81.625,0,0,288,2.9305555555555554,0.013163956639566418,434.96666666666664,Monitor,Schedule,Hydraulic group
13,2023-06-16,61.994038,83.11954,110.01307,6.2010506e-05,1.8809911e-05,0,65.6,53.820835,80.625,0,0,288,8.952083333333333,0.39708638211382113,1171.4375,Monitor,Schedule,Hydraulic group
13,2023-06-17,70.711105,83.20751,95.038956,3.9921747e-06,1.3989306e-06,0,60.7,53.775696,79.625,0,0,288,9.020833333333334,0.5722740514905149,1542.0229166666666,Monitor,Schedule,Hydraulic group
13,2023-06-18,62.656296,73.74569,90.10194,1.0528021e-06,1.5498192e-07,0,65.2,59.02847,78.625,0,0,288,8.841666666666667,0.5488035230352303,1539.4819444444445,Monitor,Schedule,Hydraulic group
13,2023-06-19,66.95754,79.31622,90.9172,1.4470005e-06,6.4559475e-07,0,62.8,55.935764,77.625,0,0,288,9.516666666666667,0.6258909214092141,1567.2631944444445,Monitor,Schedule,Hydraulic group
13,2023-06-20,67.06692,78.8692,88.833466,3.1885563e-06,1.3219608e-06,0,62.7,56.18021,76.625,0,0,288,9.053472222222222,0.5557784552845528,1529.3458333333333,Monitor,Schedule,Hydraulic group
13,2023-06-21,59.271408,77.3206,84.88535,1.8572088e-06,8.478349e-07,0,67.1,57.043747,75.625,0,0,288,4.915277777777778,0.13311077235772356,1097.3284722222222,Monitor,Schedule,Hydraulic group
13,2023-06-22,54.938206,73.37709,90.80765,4.748092e-06,1.1462381e-06,0,69.5,59.235336,74.625,0,0,266,2.6984962406015036,0.008651017788373405,359.73007518796993,Monitor,Schedule,Hydraulic group
13,2023-06-23,64.94807,81.42836,97.46745,6.879917e-06,2.0989914e-06,0,63.9,54.762848,73.625,0,0,288,2.9166666666666665,0.024192750677506796,459.0055555555556,Monitor,Schedule,Hydraulic group
13,2023-06-24,70.35027,88.460075,112.74985,2.9742776e-05,1.2252831e-05,0,60.9,50.856598,72.625,0,0,288,4.466666666666667,0.08501558265582654,1014.1013888888889,Monitor,Schedule,Hydraulic group
13,2023-06-25,53.15845,69.74246,88.072395,2.9232735e-05,1.0579005e-05,0,70.5,61.254864,71.625,0,0,288,4.706944444444444,0.11174966124661245,984.2222222222222,Monitor,Schedule,Hydraulic group
13,2023-06-26,62.538223,73.463104,83.99216,4.7065892e-05,1.8115246e-05,0,65.3,59.185074,70.625,0,0,288,3.5541666666666667,0.040327235772357715,778.3930555555556,Monitor,Schedule,Hydraulic group
13,2023-06-27,61.3331,71.42076,79.72811,8.7763976e-05,3.9173094e-05,0,65.9,60.320835,69.625,0,0,288,5.995138888888889,0.22323102981029808,1332.0020833333333,Monitor,Schedule,Hydraulic group
13,2023-06-28,63.782604,72.34254,80.029015,0.00020536492,7.287119e-05,0,64.6,59.810764,68.625,0,0,288,6.302083333333333,0.2609474932249322,1346.1118055555555,Monitor,Schedule,Hydraulic group
13,2023-06-29,69.06967,81.48922,101.05854,6.91864e-05,1.9617391e-05,0,61.6,54.729168,67.625,0,0,288,7.543055555555556,0.3910619918699187,1468.3097222222223,Monitor,Schedule,Hydraulic group
13,2023-06-30,65.48564,76.605965,90.158394,1.8044935e-05,6.2551608e-06,0,63.6,57.442017,66.625,0,0,288,6.770138888888889,0.30082147696476963,1395.6576388888889,Monitor,Schedule,Hydraulic group
13,2023-07-01,52.3546,68.81045,82.74107,0.00013744307,2.5258223e-05,0,70.9,61.771877,65.625,0,0,288,4.215277777777778,0.0899871273712737,898.4034722222223,Monitor,Schedule,Hydraulic group
13,2023-07-02,60.991493,69.44489,81.06912,0.0007635484,0.00011790058,0,66.1,61.421185,64.625,0,0,288,11.53125,0.8172344173441735,1614.25,Monitor,Schedule,Hydraulic group
13,2023-07-03,58.354553,67.27849,75.17599,9.388205e-06,1.9085917e-06,0,67.6,62.62222,63.625,0,0,288,10.234027777777778,0.6463580623306233,1558.7520833333333,Monitor,Schedule,Hydraulic group
13,2023-07-04,55.669937,67.213715,80.86654,3.451954e-06,1.0300698e-06,0,69.1,62.658676,62.625,0,0,288,10.074305555555556,0.7033634823848238,1603.4319444444445,Monitor,Schedule,Hydraulic group
13,2023-07-05,59.88061,67.23882,78.43124,1.7600829e-05,6.1729766e-06,0,66.7,62.647915,61.625,0,0,144,5.768055555555556,0.19754200542005418,1139.7833333333333,Monitor,Schedule,Hydraulic group
13,2023-07-06,46.44959,58.715065,72.83895,2.6645414e-06,9.398585e-07,0,74.2,67.38169,60.625,0,0,142,3.4591549295774646,0.02709309515630367,762.2267605633803,Monitor,Schedule,Hydraulic group
13,2023-07-07,47.30139,62.789585,71.876114,4.4242617e-05,1.1262309e-05,0,73.7,65.11771,59.625,0,0,288,4.120138888888889,0.09419037940379404,807.5298611111111,Monitor,Schedule,Hydraulic group
13,2023-07-08,59.91401,67.68881,76.778015,3.879232e-05,1.9367291e-05,0,66.7,62.394096,58.625,0,0,288,4.870138888888889,0.09951659891598913,1224.8402777777778,Monitor,Schedule,Hydraulic group
13,2023-07-09,57.295227,73.137115,94.931915,9.73939e-05,1.796048e-05,0,68.2,59.368057,57.625,0,0,288,3.7437500000000004,0.03064430894308941,972.1472222222224,Monitor,Schedule,Hydraulic group
13,2023-07-10,46.232597,60.47555,81.87847,7.12175e-05,1.9158913e-05,0,74.3,66.400696,56.625,0,0,288,3.4055555555555554,0.041938008130081306,661.2166666666667,Monitor,Schedule,Hydraulic group
13,2023-07-11,42.751575,65.81555,87.87458,0.00018161886,8.397654e-05,0,76.2,63.435074,55.625,0,0,288,3.851388888888889,0.06205216802168022,744.6381944444444,Monitor,Schedule,Hydraulic group
13,2023-07-12,47.083057,61.147976,90.71693,0.000163805,7.193638e-05,0,73.8,66.027084,54.625,0,0,288,5.827777777777778,0.2203150406504065,1133.0923611111111,Monitor,Schedule,Hydraulic group
13,2023-07-13,40.941025,56.719547,77.016914,0.00032595094,5.850353e-05,0,77.3,68.49167,53.625,0,0,288,5.115972222222222,0.15379471544715448,983.1826388888888,Monitor,Schedule,Hydraulic group
13,2023-07-14,34.397053,52.029713,75.00339,5.8306136e-06,2.1551018e-06,0,80.9,71.096176,52.625,0,0,288,3.763888888888889,0.04227947154471544,814.8722222222223,Monitor,Schedule,Hydraulic group
13,2023-07-15,40.1287,52.986015,69.24086,4.792991e-06,1.790155e-06,0,77.7,70.56216,51.625,0,0,288,6.284722222222222,0.23734078590785904,1327.820138888889,Monitor,Schedule,Hydraulic group
13,2023-07-16,32.010002,52.387203,70.63274,1.6110127e-06,5.686632e-07,0,82.2,70.895836,50.625,0,0,288,8.136111111111111,0.4743099593495935,1493.44375,Monitor,Schedule,Hydraulic group
13,2023-07-17,36.64402,47.56916,59.465137,1.2192385e-06,5.241427e-07,0,79.6,73.57435,49.625,0,0,191,8.9717277486911,0.5666504916358064,1544.779057591623,Monitor,Schedule,Hydraulic group
13,2023-07-18,41.434307,51.837635,73.17824,1.6247122e-06,8.041395e-07,0,77.0,71.19861,48.625,0,0,144,7.637499999999999,0.43120901084010843,1310.5416666666667,Monitor,Schedule,Hydraulic group
13,2023-07-19,37.104637,47.937267,56.505108,2.0236914e-06,1.0876313e-06,0,79.4,73.365974,47.625,0,0,144,4.61875,0.0892821815718157,1071.009722222222,Monitor,Schedule,Hydraulic group
13,2023-07-20,34.947376,47.0924,56.306923,3.077256e-06,1.0589882e-06,0,80.6,73.834724,46.625,0,0,144,4.963888888888889,0.11816090785907857,1156.8909722222222,Monitor,Schedule,Hydraulic group
13,2023-07-21,44.022747,53.385483,67.77207,2.6541851e-05,1.3669304e-05,0,75.5,70.344444,45.625,0,0,144,5.228472222222222,0.1444203929539295,1117.665972222222,Monitor,Schedule,Hydraulic group
13,2023-07-22,39.80903,49.123035,62.522797,2.8836048e-05,1.1924683e-05,0,77.9,72.71111,44.625,0,0,144,4.475,0.07642276422764224,1140.8347222222224,Monitor,Schedule,Hydraulic group
13,2023-07-23,39.316463,55.251595,69.651474,0.0009908052,0.00023976823,0,78.2,69.303474,43.625,0,0,144,3.632638888888889,0.05548441734417345,674.2972222222222,Monitor,Schedule,Hydraulic group
13,2023-07-24,34.516365,48.207935,62.301956,0.0073146303,0.0013511154,0,80.8,73.219444,42.625,0,0,144,3.39375,0.05420630081300814,610.7263888888889,Monitor,Schedule,Hydraulic group
13,2023-07-25,34.905735,60.276226,84.93594,0.003968097,0.00040450977,0,80.6,66.50973,41.625,0,0,144,3.2534722222222223,0.01787737127371274,708.5458333333333,Monitor,Schedule,Hydraulic group
13,2023-07-26,29.8375,44.723846,54.055832,0.00012336316,5.0241764e-05,0,83.4,75.15278,40.625,0,0,144,3.5326388888888887,0.03845934959349594,721.4833333333333,Warning,Plan Soon,Hydraulic group
13,2023-07-27,26.812853,42.846905,73.12078,0.00020523964,7.566147e-05,0,85.1,76.197914,39.625,0,0,144,3.9368055555555554,0.05108333333333332,838.6208333333333,Warning,Plan Soon,Hydraulic group
13,2023-07-28,30.320204,45.661648,60.42236,0.00022979378,0.00010764336,0,83.2,74.634026,38.625,0,0,144,2.9402777777777778,0.016205284552845527,616.3152777777777,Monitor,Schedule,Hydraulic group
13,2023-07-29,27.23881,41.95713,53.375015,9.940418e-05,5.189917e-05,0,84.9,76.69028,37.625,0,0,144,2.9166666666666665,0.0042191734417344326,506.5833333333333,Warning,Plan Soon,Hydraulic group
13,2023-07-30,21.475061,31.377913,41.12627,0.0002875918,0.000120153,0,88.1,82.56736,36.625,0,0,144,3.1305555555555555,0.013719512195121953,689.5763888888889,Warning,Plan Soon,Hydraulic group
13,2023-07-31,25.625793,40.659073,56.55287,0.00020036047,0.00011151849,0,85.8,77.41458,35.625,0,0,144,4.343055555555555,0.06534756097560973,1084.8458333333333,Warning,Plan Soon,Hydraulic group
13,2023-08-01,26.84857,36.472744,56.891804,0.00013530218,7.813438e-05,0,85.1,79.74306,34.625,0,0,144,3.6944444444444446,0.031735433604336026,912.9631944444445,Warning,Plan Soon,Hydraulic group
13,2023-08-02,27.434528,39.03619,51.22667,0.00040227408,0.00011060145,0,84.8,78.3125,33.625,0,0,144,3.40625,0.06609993224932251,579.3187499999999,Warning,Plan Soon,Hydraulic group
13,2023-08-03,15.647728,33.957706,42.21682,0.0006542503,0.00011526406,0,91.3,81.12847,32.625,0,0,144,2.9006944444444445,0.02131402439024392,512.4451388888889,Warning,Plan Soon,Hydraulic group
13,2023-08-04,19.82213,29.850973,37.483295,0.00033106867,0.00016116926,0,89.0,83.41806,31.625,0,0,144,2.4118055555555555,4.3021680216829864e-05,309.1625,Warning,Plan Soon,Hydraulic group
13,2023-08-05,22.602236,31.617363,39.216927,0.00040299026,0.0001719536,0,87.4,82.43403,30.625,0,0,144,2.6416666666666666,0.0014044715447154728,398.0263888888889,Warning,Plan Soon,Hydraulic group
13,2023-08-06,21.875113,32.44571,39.722954,0.0007747359,0.00029276928,0,87.8,81.97153,29.625,0,0,144,2.647222222222222,0.007915311653116557,353.9173611111111,Warning,Plan Soon,Hydraulic group
13,2023-08-07,22.46508,31.239693,44.105934,0.00082506996,0.00041928157,0,87.5,82.64305,28.625,0,0,144,4.40625,0.07661991869918698,891.2006944444444,Warning,Plan Soon,Hydraulic group
13,2023-08-08,17.281487,25.41601,34.82384,0.0005853767,0.00035071193,0,90.4,85.88194,27.625,0,0,144,5.145138888888889,0.15040447154471542,1134.4972222222223,Warning,Plan Soon,Hydraulic group
13,2023-08-09,14.338531,28.650078,44.622585,0.0014878141,0.0004064493,0,92.0,84.08402,26.625,0,0,144,3.9402777777777778,0.05523136856368563,840.6472222222222,Warning,Plan Soon,Hydraulic group
13,2023-08-10,20.504206,33.775127,43.46727,0.0012239988,0.00038114513,0,88.6,81.23542,25.625,0,0,144,7.128472222222222,0.3769725609756097,1318.134722222222,Warning,Plan Soon,Hydraulic group
13,2023-08-11,18.104603,27.84305,40.607204,0.00017216116,2.9778566e-05,0,89.9,84.52778,24.625,0,0,144,10.559027777777779,0.7459031165311653,1612.4041666666667,Warning,Plan Soon,Hydraulic group
13,2023-08-12,10.11716,22.169302,35.266293,2.7084823e-06,1.0871969e-06,0,94.4,87.6875,23.625,0,0,144,10.456944444444444,0.6963228319783198,1595.7409722222224,Warning,Urgent,Hydraulic group
13,2023-08-13,11.552783,25.394672,46.723206,1.2335963e-06,4.9313564e-07,0,93.6,85.88958,22.625,0,0,144,10.102083333333333,0.6994329268292683,1604.2083333333333,Warning,Urgent,Hydraulic group
13,2023-08-14,9.563812,26.682209,45.178295,8.6689397e-07,2.6205657e-07,0,94.7,85.17639,21.625,0,0,144,9.693750000000001,0.6615491192411924,1599.0555555555557,Warning,Urgent,Hydraulic group
13,2023-08-15,7.4200687,27.052977,38.389076,6.3250883e-07,2.7688978e-07,0,95.9,84.969444,20.625,0,0,144,5.293749999999999,0.15007079945799454,1145.6555555555556,Warning,Urgent,Hydraulic group
13,2023-08-16,6.114525,22.745365,33.72715,1.0231333e-06,2.8865168e-07,0,96.6,87.36389,19.625,0,0,144,2.915277777777778,0.027180894308943115,467.24861111111113,Critical,Urgent,Hydraulic group
13,2023-08-17,8.176261,23.998732,34.87331,5.834752e-07,2.5583944e-07,0,95.5,86.666664,18.625,0,0,141,5.504255319148936,0.18595294931672718,1063.3340425531915,Warning,Urgent,Hydraulic group
13,2023-08-18,5.872981,26.414846,49.709312,6.5537404e-07,4.0100147e-07,0,96.7,85.32361,17.625,0,0,144,6.209722222222222,0.2448983739837398,1279.7770833333334,Critical,Urgent,Hydraulic group
13,2023-08-19,6.445143,24.882694,43.30925,3.1725867e-06,1.3565352e-06,0,96.4,86.17777,16.625,0,0,144,4.986805555555556,0.2098309620596206,800.8736111111111,Critical,Urgent,Hydraulic group
13,2023-08-20,2.7974386,17.048172,27.580471,1.0438737e-05,1.7649179e-06,0,98.4,90.52986,15.625,0,0,144,10.120833333333334,0.5635226964769647,1341.6444444444444,Critical,Urgent,Hydraulic group
13,2023-08-21,7.4177265,19.06842,29.477161,4.62066e-06,1.7911348e-06,0,95.9,89.40625,14.625,0,0,144,9.709722222222222,0.640194783197832,1596.8777777777777,Warning,Urgent,Hydraulic group
13,2023-08-22,0.0,15.57509,29.767857,5.1418083e-06,1.9852605e-06,0,100.0,91.344444,13.625,0,0,144,7.543055555555556,0.37154471544715445,1480.5069444444443,Critical,Urgent,Hydraulic group
13,2023-08-23,0.0,14.690861,27.270992,3.3571496e-06,1.850506e-06,0,100.0,91.83681,12.625,0,0,144,6.106944444444444,0.216465108401084,1234.7569444444443,Critical,Urgent,Hydraulic group
13,2023-08-24,2.5930707,11.314851,22.41322,4.968195e-06,2.1559802e-06,0,98.6,93.708336,11.625,0,0,144,3.870833333333333,0.048265921409214076,830.4930555555555,Critical,Urgent,Hydraulic group
13,2023-08-25,0.0,9.899128,19.960241,7.5240637e-06,3.2693615e-06,0,100.0,94.5,10.625,0,0,144,4.729166666666667,0.11159044715447153,987.3847222222222,Critical,Urgent,Hydraulic group
13,2023-08-26,0.0,13.671907,27.996357,3.5129679e-06,1.7762775e-06,0,100.0,92.40417,9.625,0,0,144,5.986805555555556,0.2078841463414634,1230.570138888889,Critical,Urgent,Hydraulic group
13,2023-08-27,7.106185,23.661572,39.51772,6.147281e-06,3.3242704e-06,0,96.1,86.852776,8.625,0,0,144,6.7131944444444445,0.30687703252032517,1355.7180555555556,Warning,Urgent,Hydraulic group
13,2023-08-28,15.8213825,29.699944,44.91556,0.0003354571,3.9547554e-05,0,91.2,83.49722,7.625,0,0,144,3.9736111111111114,0.07826321138211383,823.1423611111111,Warning,Plan Soon,Hydraulic group
13,2023-08-29,4.1973596,19.497446,33.199703,0.9998404,0.40005332,56,97.7,89.17083,6.625,56,0,144,3.9618055555555554,0.0647940379403794,778.9270833333334,Critical,Immediate,Hydraulic group
13,2023-08-30,0.0,14.937443,34.98748,0.99991786,0.9998008,144,100.0,91.69931,5.625,144,0,144,2.5013888888888887,0.015615176151761537,394.6652777777778,Critical,Immediate,Hydraulic group
13,2023-08-31,0.0,16.695824,35.28362,0.999925,0.999826,144,100.0,90.72569,4.625,144,0,144,3.9770833333333337,0.061902777777777765,823.1013888888889,Critical,Immediate,Hydraulic group
13,2023-09-01,8.954358,20.52137,47.748352,0.9998696,0.9997621,144,95.0,88.599304,3.625,144,0,144,7.730555555555556,0.39744139566395664,1519.8152777777777,Warning,Immediate,Hydraulic group
13,2023-09-02,0.0,11.718998,25.49175,0.9999653,0.9998755,144,100.0,93.490974,2.625,144,0,144,9.053472222222222,0.5791371951219513,1577.7652777777778,Critical,Immediate,Hydraulic group
13,2023-09-03,0.0,8.257934,20.422157,0.99995387,0.9999148,144,100.0,95.411804,1.625,144,0,144,5.947916666666667,0.21749254742547422,1280.0576388888887,Critical,Immediate,Hydraulic group
13,2023-09-04,0.0,11.083841,24.953697,0.99994576,0.9998398,144,100.0,93.84375,0.625,144,0,144,3.8604166666666666,0.06932215447154472,821.4208333333333,Critical,Immediate,Hydraulic group
13,2023-09-05,0.0,26.308733,76.80842,0.99982697,0.92550784,139,100.0,85.38611,0.041666666666666664,88,51,144,4.81875,0.11925948509485093,1014.4576388888888,Critical,Immediate,Hydraulic group
13,2023-09-06,68.93877,88.069466,100.684875,0.892535,0.43882123,59,61.7,51.07222,180.0,0,144,144,6.840277777777778,0.3028224932249322,1400.78125,Monitor,Immediate,Healthy
13,2023-09-07,79.328896,95.25647,108.183556,0.182722,0.085989356,0,55.9,47.075695,180.0,0,144,144,5.734722222222222,0.17222662601626013,1257.1236111111111,Monitor,Schedule,Healthy
13,2023-09-08,81.28334,98.49661,109.36023,0.15039985,0.069347404,0,54.8,45.274307,180.0,0,144,144,4.134027777777778,0.05106910569105689,975.1402777777779,Monitor,Schedule,Healthy
13,2023-09-09,64.70205,84.40253,104.77619,0.65299755,0.29264307,29,64.1,53.110416,180.0,0,144,144,5.709722222222222,0.2685758807588076,1028.7645833333333,Monitor,Immediate,Healthy
13,2023-09-10,62.35677,87.8273,104.73926,0.6650894,0.45436567,50,65.4,51.206944,180.0,0,144,144,5.089583333333334,0.1524139566395664,1050.545138888889,Monitor,Immediate,Healthy
13,2023-09-11,69.76172,87.37949,103.822975,0.42557162,0.23900115,0,61.2,51.456337,180.0,0,142,142,2.7471830985915493,0.003146684987976676,278.31267605633803,Monitor,Schedule,Healthy
13,2023-09-12,83.31567,127.10668,175.12848,0.5923428,0.18501016,8,53.7,29.38662,180.0,0,92,142,3.9225352112676055,0.03816832703538305,453.9366197183099,Monitor,Immediate,Healthy
13,2023-09-13,141.66498,166.40894,180.0,0.04771055,0.01212863,0,21.3,7.552128,180.0,0,0,94,7.827659574468084,0.4236398546964193,1530.4127659574467,Healthy,No Action,Healthy
21,2022-04-30,139.19818,167.95361,180.0,0.005461867,0.0016531398,0,22.7,6.7015624,180.0,0,0,64,4.0234375,0.05289634146341462,950.6546875,Healthy,No Action,Healthy
21,2022-05-01,158.54877,171.95598,180.0,0.009751195,0.0028279484,0,11.9,4.470139,180.0,0,0,144,7.470138888888889,0.4275741869918699,1380.1374999999998,Healthy,No Action,Healthy
21,2022-05-02,160.94756,170.67473,179.01932,0.012025081,0.0032575997,0,10.6,5.1812496,180.0,0,0,144,12.304166666666667,0.9074837398373984,1647.2180555555556,Healthy,No Action,Healthy
21,2022-05-03,167.37878,175.59718,180.0,0.0058345976,0.0013178998,0,7.0,2.4486113,180.0,0,0,144,14.04861111111111,0.9403675474254742,1636.790972222222,Healthy,No Action,Healthy
21,2022-05-04,166.86867,174.64192,180.0,0.004310777,0.001447279,0,7.3,2.9791667,180.0,0,0,144,11.238194444444444,0.807244918699187,1627.6979166666667,Healthy,No Action,Healthy
21,2022-05-05,163.40652,172.12143,180.0,0.007853314,0.002597504,0,9.2,4.3743057,180.0,0,0,144,8.325694444444444,0.527356029810298,1512.2611111111112,Healthy,No Action,Healthy
21,2022-05-06,170.70847,177.28696,180.0,0.0011764175,0.00040451108,0,5.2,1.5034722,180.0,0,0,144,5.502083333333333,0.16673102981029808,1236.1194444444445,Healthy,No Action,Healthy
21,2022-05-07,170.98468,177.62398,180.0,0.00030188638,9.190343e-05,0,5.0,1.3215278,180.0,0,0,144,3.995833333333333,0.05722357723577235,914.7972222222221,Healthy,No Action,Healthy
21,2022-05-08,177.32446,179.86005,180.0,9.90519e-05,3.6945836e-05,0,1.5,0.07638889,180.0,0,0,144,8.50138888888889,0.5433658536585366,1543.3034722222224,Healthy,No Action,Healthy
21,2022-05-09,171.07039,178.92305,180.0,4.0653387e-05,1.2027998e-05,0,5.0,0.59583336,180.0,0,0,144,7.03125,0.3657123983739837,1368.8680555555557,Healthy,No Action,Healthy
21,2022-05-10,175.73175,179.41772,180.0,7.16515e-06,1.9122213e-06,0,2.4,0.32083333,180.0,0,0,144,6.879166666666666,0.31230758807588077,1421.2868055555555,Healthy,No Action,Healthy
21,2022-05-11,174.45016,179.16132,180.0,4.9211335e-06,2.859824e-06,0,3.1,0.46666664,180.0,0,0,144,6.352083333333334,0.28221612466124657,1363.4020833333334,Healthy,No Action,Healthy
21,2022-05-12,170.73676,177.41798,180.0,1.1224249e-05,5.3981694e-06,0,5.1,1.4340278,180.0,0,0,144,7.415277777777778,0.3953045392953929,1463.3958333333333,Healthy,No Action,Healthy
21,2022-05-13,172.1977,178.2652,180.0,1.0830897e-05,5.00641e-06,0,4.3,0.96319443,180.0,0,0,144,6.776388888888889,0.31033638211382114,1364.2381944444444,Healthy,No Action,Healthy
21,2022-05-14,174.84824,178.74664,180.0,1.9598137e-05,5.28121e-06,0,2.9,0.6951389,180.0,0,0,144,4.55625,0.09117852303523033,1034.954861111111,Healthy,No Action,Healthy
21,2022-05-15,175.80327,178.80487,180.0,3.5888304e-06,1.2351978e-06,0,2.3,0.6638889,180.0,0,0,144,3.20625,0.0724817073170732,595.7708333333334,Healthy,No Action,Healthy
21,2022-05-16,167.57516,175.68091,180.0,5.5996275e-06,2.238211e-06,0,6.9,2.3993056,180.0,0,0,144,2.861111111111111,0.008061991869918727,418.1826388888889,Healthy,No Action,Healthy
21,2022-05-17,171.90193,177.93385,180.0,1.1445406e-05,4.9101436e-06,0,4.5,1.1465278,180.0,0,0,144,8.372222222222222,0.5253777100271003,1527.6999999999998,Healthy,No Action,Healthy
21,2022-05-18,168.16347,178.12457,180.0,0.00015919794,2.7277274e-05,0,6.6,1.0402778,180.0,0,0,144,5.782638888888889,0.24264905149051488,1155.4166666666667,Healthy,No Action,Healthy
21,2022-05-19,171.25919,176.547,180.0,1.9757083e-05,7.3115016e-06,0,4.9,1.9194444,180.0,0,0,144,3.0868055555555554,0.03429776422764228,567.5819444444445,Healthy,No Action,Healthy
21,2022-05-20,169.2324,176.71825,180.0,5.2180865e-05,8.095422e-06,0,6.0,1.8268908,180.0,0,0,119,6.9226890756302515,0.410256200040992,1199.3495798319327,Healthy,No Action,Healthy
21,2022-05-21,157.91316,171.3372,180.0,0.000120470984,1.24270255e-05,0,12.3,4.8166666,180.0,0,0,144,7.680555555555555,0.42834891598915986,1419.3756944444444,Healthy,No Action,Healthy
21,2022-05-22,171.99109,178.71082,180.0,2.198729e-06,8.231625e-07,0,4.4,0.71458334,180.0,0,0,144,4.554166666666666,0.10081741192411924,991.5381944444445,Healthy,No Action,Healthy
21,2022-05-23,163.29156,176.86125,180.0,2.3707862e-05,3.8053831e-06,0,9.3,1.7402778,180.0,0,0,144,5.286111111111111,0.25973407859078596,873.6569444444444,Healthy,No Action,Healthy
21,2022-05-24,165.06804,178.96753,180.0,1.2025085e-05,3.455782e-06,0,8.3,0.5736111,180.0,0,0,144,5.252083333333333,0.14550474254742546,1128.0513888888888,Healthy,No Action,Healthy
21,2022-05-25,171.26689,179.5629,180.0,2.340981e-06,1.1548946e-06,0,4.9,0.24097222,180.0,0,0,144,4.46875,0.07962364498644985,1051.9381944444444,Healthy,No Action,Healthy
21,2022-05-26,173.45319,178.65457,180.0,6.190322e-07,1.818778e-07,0,3.6,0.74861115,180.0,0,0,144,4.077083333333333,0.07769173441734417,791.0236111111111,Healthy,No Action,Healthy
21,2022-05-27,174.09656,179.41661,180.0,2.7519113e-07,1.4480203e-07,0,3.3,0.32569444,180.0,0,0,144,3.6555555555555554,0.057277777777777775,729.3381944444444,Healthy,No Action,Healthy
21,2022-05-28,172.7579,178.21326,180.0,2.9718814e-07,1.0550111e-07,0,4.0,0.99236107,180.0,0,0,144,5.919444444444444,0.30755420054200544,1031.8000000000002,Healthy,No Action,Healthy
21,2022-05-29,173.77023,179.34576,180.0,2.8316813e-07,1.2236956e-07,0,3.5,0.3638889,180.0,0,0,144,4.511805555555556,0.11276422764227642,910.2076388888888,Healthy,No Action,Healthy
21,2022-05-30,172.32156,178.36382,180.0,7.5054055e-07,2.0984076e-07,0,4.3,0.9097222,180.0,0,0,144,4.549305555555556,0.14444783197831979,897.7048611111111,Healthy,No Action,Healthy
21,2022-05-31,166.63065,177.661,180.0,7.177264e-07,3.4971546e-07,0,7.4,1.3027778,180.0,0,0,144,2.961111111111111,0.018935636856368582,500.3076388888889,Healthy,No Action,Healthy
21,2022-06-01,168.27975,176.03809,180.0,1.5631487e-06,4.5461982e-07,0,6.5,2.2013888,180.0,0,0,144,7.779861111111111,0.4367940379403794,1490.2208333333333,Healthy,No Action,Healthy
21,2022-06-02,164.97398,174.42802,180.0,1.1531911e-06,4.469101e-07,0,8.3,3.09375,180.0,0,0,144,5.979166666666667,0.2081581978319783,1261.9944444444445,Healthy,No Action,Healthy
21,2022-06-03,170.00458,178.89328,180.0,8.390182e-07,4.8051976e-07,0,5.6,0.6145833,180.0,0,0,144,5.581944444444444,0.1728912601626016,1259.6270833333333,Healthy,No Action,Healthy
21,2022-06-04,175.5801,179.81693,180.0,1.8065348e-06,8.462182e-07,0,2.5,0.103472225,180.0,0,0,144,5.364583333333333,0.1550040650406504,1190.267361111111,Healthy,No Action,Healthy
21,2022-06-05,175.69536,179.56476,180.0,6.388804e-07,2.113255e-07,0,2.4,0.24027777,180.0,0,0,144,3.2486111111111113,0.062000677506775084,584.6777777777778,Healthy,No Action,Healthy
21,2022-06-06,171.9278,178.92026,180.0,9.198279e-07,3.821671e-07,0,4.5,0.59930557,180.0,0,0,144,3.4027777777777777,0.027748644986449866,667.3423611111111,Healthy,No Action,Healthy
21,2022-06-07,159.89024,175.52391,180.0,2.516816e-05,5.340391e-06,0,11.2,2.4868057,180.0,0,0,144,9.694444444444445,0.6085508130081301,1477.9576388888888,Healthy,No Action,Healthy
21,2022-06-08,162.40279,175.75085,180.0,3.1460302e-05,6.677886e-06,0,9.8,2.3604167,180.0,0,0,144,10.000694444444443,0.6775785907859079,1588.9618055555557,Healthy,No Action,Healthy
21,2022-06-09,171.50847,178.46063,180.0,1.1648732e-06,4.884982e-07,0,4.7,0.8527778,180.0,0,0,144,4.016666666666667,0.05318665311653115,900.6944444444445,Healthy,No Action,Healthy
21,2022-06-10,176.52289,179.79883,180.0,8.853275e-07,4.738014e-07,0,1.9,0.113194436,180.0,0,0,144,5.251388888888889,0.14461686991869915,1238.6194444444445,Healthy,No Action,Healthy
21,2022-06-11,171.05415,178.72968,180.0,7.87335e-07,2.4237386e-07,0,5.0,0.70694447,180.0,0,0,144,3.882638888888889,0.06620088075880758,847.5104166666666,Healthy,No Action,Healthy
21,2022-06-12,173.3055,179.25922,180.0,6.826618e-07,2.3972035e-07,0,3.7,0.41388887,180.0,0,0,144,3.398611111111111,0.05441598915989161,592.3326388888888,Healthy,No Action,Healthy
21,2022-06-13,173.41208,178.7571,180.0,6.966474e-06,1.7459193e-06,0,3.7,0.69166666,180.0,0,0,144,3.9618055555555554,0.1197018970189702,687.3993055555555,Healthy,No Action,Healthy
21,2022-06-14,173.25699,179.11884,180.0,3.34919e-05,4.926074e-06,0,3.7,0.4888889,180.0,0,0,144,5.789583333333334,0.18837364498644982,1279.7534722222222,Healthy,No Action,Healthy
21,2022-06-15,164.25708,174.77937,180.0,2.2230808e-05,1.0690226e-05,0,8.7,2.898611,180.0,0,0,144,8.156944444444443,0.4895491192411924,1489.798611111111,Healthy,No Action,Healthy
21,2022-06-16,167.85039,177.29979,180.0,2.6556865e-05,8.5951015e-06,0,6.7,1.5062499,180.0,0,0,144,6.729166666666667,0.3018858401084011,1371.5958333333333,Healthy,No Action,Healthy
21,2022-06-17,166.78821,177.91666,180.0,3.329909e-06,8.1311714e-07,0,7.3,1.1569445,180.0,0,0,144,3.6902777777777778,0.0709610433604336,718.6527777777778,Healthy,No Action,Healthy
21,2022-06-18,167.56342,177.17331,180.0,2.4104017e-06,6.6205916e-07,0,6.9,1.5676057,180.0,0,0,142,4.045070422535211,0.11483923050498113,645.8190140845071,Healthy,No Action,Healthy
21,2022-06-19,166.13774,178.00172,180.0,7.6587685e-06,2.5712413e-06,0,7.7,1.1104167,180.0,0,0,144,6.800694444444444,0.36368462059620593,1219.9180555555556,Healthy,No Action,Healthy
21,2022-06-20,165.38951,175.61002,180.0,3.770215e-05,9.249874e-06,0,8.1,2.436111,180.0,0,0,144,7.325694444444445,0.4013323170731707,1332.2465277777778,Healthy,No Action,Healthy
21,2022-06-21,155.46167,171.10689,180.0,0.00014269572,3.6333164e-05,0,13.6,4.9430556,180.0,0,0,144,12.655555555555557,0.8299908536585366,1637.1520833333334,Healthy,No Action,Healthy
21,2022-06-22,159.78142,171.40955,180.0,0.00025823282,7.959678e-05,0,11.2,4.767361,180.0,0,0,144,11.765972222222222,0.855805216802168,1637.0819444444444,Healthy,No Action,Healthy
21,2022-06-23,165.50688,174.50975,180.0,5.3258565e-05,1.5093916e-05,0,8.1,3.0506945,180.0,0,0,144,7.045138888888889,0.31142818428184277,1453.6333333333334,Healthy,No Action,Healthy
21,2022-06-24,151.26804,170.07616,180.0,0.00039152525,0.00012199333,0,16.0,5.5131946,180.0,0,0,144,5.515277777777778,0.1660464092140921,1222.6409722222222,Healthy,No Action,Healthy
21,2022-06-25,165.88885,175.7763,180.0,5.6019864e-05,1.8819519e-05,0,7.8,2.345139,180.0,0,0,144,3.570138888888889,0.0641338075880759,670.4944444444444,Healthy,No Action,Healthy
21,2022-06-26,167.82867,176.54617,180.0,3.6376023e-05,1.942306e-05,0,6.8,1.9187499,180.0,0,0,144,4.042361111111111,0.054732046070460685,939.6361111111112,Healthy,No Action,Healthy
21,2022-06-27,165.29507,176.807,180.0,0.011005663,0.00051312946,0,8.2,1.7756944,180.0,0,0,144,8.443055555555555,0.5354749322493225,1057.8819444444443,Healthy,No Action,Healthy
21,2022-06-28,157.40741,174.977,180.0,0.02260923,0.003552093,0,12.6,2.7895834,180.0,0,0,144,8.603472222222223,0.509890243902439,1522.5166666666667,Healthy,No Action,Healthy
21,2022-06-29,160.23965,175.58968,180.0,0.031695507,0.003366723,0,11.0,2.4499998,180.0,0,0,144,4.079861111111111,0.07997560975609756,804.3881944444444,Healthy,No Action,Healthy
21,2022-06-30,168.28294,177.77153,180.0,0.0019401329,0.0005611637,0,6.5,1.2368056,180.0,0,0,144,3.640277777777778,0.038112466124661244,797.2243055555556,Healthy,No Action,Healthy
21,2022-07-01,163.39268,177.13957,180.0,0.0022740166,0.0005847075,0,9.2,1.5916667,180.0,0,0,144,3.8125,0.05538414634146341,785.2597222222222,Healthy,No Action,Healthy
21,2022-07-02,165.10228,174.63228,180.0,0.0027831646,0.00071533595,0,8.3,2.9819443,180.0,0,0,144,4.086805555555555,0.14273373983739837,640.8513888888889,Healthy,No Action,Healthy
21,2022-07-03,162.91264,176.98131,180.0,0.006102361,0.0011804966,0,9.5,1.6756945,180.0,0,0,144,9.396527777777777,0.5971907181571816,1435.44375,Healthy,No Action,Healthy
21,2022-07-04,162.70659,174.8285,180.0,0.0007968582,0.00014798337,0,9.6,2.8743055,180.0,0,0,144,4.275,0.07928895663956638,916.1624999999999,Healthy,No Action,Healthy
21,2022-07-05,167.50543,174.36266,180.0,0.00090640254,0.00027228106,0,6.9,3.1354167,180.0,0,0,144,2.9048611111111113,0.037399051490514916,551.4854166666667,Healthy,No Action,Healthy
21,2022-07-06,167.302,179.38042,180.0,0.001511307,0.00014487932,0,7.1,0.34583333,180.0,0,0,144,4.614583333333333,0.15220426829268294,815.4534722222222,Healthy,No Action,Healthy
21,2022-07-07,173.68765,179.79478,180.0,0.0005159793,0.00015429256,0,3.5,0.11388889,180.0,0,0,144,3.384027777777778,0.04031741192411924,662.9631944444444,Healthy,No Action,Healthy
21,2022-07-08,165.03183,177.52225,180.0,0.0019438594,0.000357432,0,8.3,1.3756945,180.0,0,0,144,3.464583333333333,0.027043360433604332,745.425,Healthy,No Action,Healthy
21,2022-07-09,162.49748,177.6212,180.0,0.0009604329,0.00014589578,0,9.7,1.3180556,180.0,0,0,144,8.97013888888889,0.4182323848238483,1166.3277777777778,Healthy,No Action,Healthy
21,2022-07-10,164.95891,177.35585,180.0,0.0006713975,0.00012123272,0,8.4,1.4696,180.0,0,0,125,10.0208,0.6524796097560976,1586.9312,Healthy,No Action,Healthy
21,2022-07-20,176.9531,179.13895,180.0,7.3902825e-06,1.5979405e-06,0,1.7,0.47599998,180.0,0,0,25,5.252000000000001,-0.001096585365853588,106.24799999999999,Healthy,No Action,Healthy
21,2022-07-21,171.56299,176.84622,180.0,6.4586044e-07,1.6220386e-07,0,4.7,1.7560976,180.0,0,0,41,4.870731707317073,-0.001044616299821483,78.43658536585366,Healthy,No Action,Healthy
21,2022-07-22,173.70897,179.05667,180.0,2.1341431e-05,5.5021023e-06,0,3.5,0.52384615,180.0,0,0,130,3.786923076923077,0.05733883677298316,383.86538461538464,Healthy,No Action,Healthy
21,2022-07-23,162.87193,175.92433,180.0,0.000103060345,1.751375e-05,0,9.5,2.2672267,180.0,0,0,119,7.011764705882353,0.35875138348022134,1112.6226890756302,Healthy,No Action,Healthy
21,2022-07-24,168.08458,178.01602,180.0,4.4723063e-05,1.5136342e-05,0,6.6,1.104,180.0,0,0,125,13.976799999999999,0.830253268292683,1449.5911999999998,Healthy,No Action,Healthy
21,2022-07-25,168.64066,177.3456,180.0,4.034134e-05,1.3446519e-05,0,6.3,1.472028,180.0,0,0,143,12.906293706293706,0.7530445164591506,1428.5307692307692,Healthy,No Action,Healthy
21,2022-07-26,164.91055,177.50562,180.0,4.52851e-05,4.643452e-06,0,8.4,1.3875,180.0,0,0,144,8.875694444444443,0.5052516937669377,1074.5604166666667,Healthy,No Action,Healthy
21,2022-07-27,168.30609,178.27066,180.0,1.9230247e-05,4.634342e-06,0,6.5,0.96111107,180.0,0,0,144,3.2694444444444444,0.028409552845528454,623.9854166666667,Healthy,No Action,Healthy
21,2022-07-28,170.93694,177.89621,180.0,3.708889e-05,7.884195e-06,0,5.0,1.1694444,180.0,0,0,144,4.134722222222222,0.11706334688346885,689.1423611111111,Healthy,No Action,Healthy
21,2022-07-29,166.79454,177.99539,180.0,0.00020718161,6.299724e-05,0,7.3,1.1138889,180.0,0,0,144,5.840277777777778,0.19546612466124658,1267.6534722222223,Healthy,No Action,Healthy
21,2022-07-30,166.75414,177.83498,180.0,0.00026933456,6.040692e-05,0,7.4,1.2041667,180.0,0,0,144,3.351388888888889,0.03764532520325205,622.7750000000001,Healthy,No Action,Healthy
21,2022-07-31,165.54248,176.46121,180.0,4.1703224e-05,1.0205021e-05,0,8.0,1.9625001,180.0,0,0,144,3.675694444444444,0.055117547425474256,733.567361111111,Healthy,No Action,Healthy
21,2022-08-01,161.0766,175.67705,180.0,0.0005062073,4.6127207e-05,0,10.5,2.3993056,180.0,0,0,144,2.726388888888889,0.03758909214092143,474.0888888888889,Healthy,No Action,Healthy
21,2022-08-02,159.02728,176.01385,180.0,0.0015227731,0.00046818968,0,11.7,2.2159722,180.0,0,0,144,5.372222222222223,0.17072459349593494,1159.1145833333333,Healthy,No Action,Healthy
21,2022-08-03,160.81914,177.67598,180.0,0.01157428,0.0021978158,0,10.7,1.2902778,180.0,0,0,144,3.3944444444444444,0.032989159891598924,704.848611111111,Healthy,No Action,Healthy
21,2022-08-04,167.75803,176.90842,180.0,0.0043872516,0.0013935397,0,6.8,1.7180555,180.0,0,0,144,3.392361111111111,0.05631978319783199,593.4430555555556,Healthy,No Action,Healthy
21,2022-08-05,161.41852,177.02698,180.0,0.0040920945,0.0020518338,0,10.3,1.6506944,180.0,0,0,144,3.2645833333333334,0.03432520325203254,600.9701388888889,Healthy,No Action,Healthy
21,2022-08-06,161.01274,176.20041,180.0,0.012782291,0.0024414493,0,10.5,2.1076388,180.0,0,0,144,12.676388888888889,0.7284817073170733,1378.7270833333334,Healthy,No Action,Healthy
21,2022-08-07,162.32213,174.79395,180.0,0.0025437013,0.00062665466,0,9.8,2.8916667,180.0,0,0,144,13.25138888888889,0.9245020325203251,1646.34375,Healthy,No Action,Healthy
21,2022-08-08,167.10136,177.85846,180.0,0.0035895086,0.001040585,0,7.2,1.1888889,180.0,0,0,144,13.786111111111111,0.9233800813008131,1647.4263888888888,Healthy,No Action,Healthy
21,2022-08-09,166.6389,176.01164,180.0,0.002310549,0.00074501993,0,7.4,2.2118056,180.0,0,0,144,9.163888888888888,0.613415650406504,1557.4416666666666,Healthy,No Action,Healthy
21,2022-08-10,167.14928,178.37798,180.0,0.0017260571,0.00030056926,0,7.1,0.90069443,180.0,0,0,144,8.784722222222221,0.45403794037940376,1198.732638888889,Healthy,No Action,Healthy
21,2022-08-11,164.96481,177.91449,180.0,0.009067509,0.00074062566,0,8.4,1.1583333,180.0,0,0,144,13.538888888888888,0.9268912601626016,1643.1534722222223,Healthy,No Action,Healthy
21,2022-08-12,166.32404,177.22517,180.0,0.0005350604,0.0002305496,0,7.6,1.541048,180.0,0,0,229,16.14803493449782,0.9637026307380977,1651.4532751091704,Healthy,No Action,Healthy
21,2022-08-13,173.22733,179.18259,180.0,0.0007327491,0.00029660063,0,3.8,0.45381942,180.0,0,0,288,14.155555555555557,0.9478810975609756,1650.8840277777776,Healthy,No Action,Healthy
21,2022-08-14,174.0896,178.9589,180.0,0.0009122025,0.00027197006,0,3.3,0.578125,180.0,0,0,288,13.145833333333334,0.9253042005420055,1647.6791666666666,Healthy,No Action,Healthy
21,2022-08-15,168.95917,176.97417,180.0,0.00070601894,9.32719e-05,0,6.1,1.6819444,180.0,0,0,288,8.711805555555555,0.5254397018970189,1504.7590277777776,Healthy,No Action,Healthy
21,2022-08-16,170.67688,178.71146,180.0,6.472903e-05,1.5104088e-05,0,5.2,0.7159722,180.0,0,0,288,3.9756944444444446,0.05072730352303522,856.1402777777778,Healthy,No Action,Healthy
21,2022-08-17,160.94753,176.57153,180.0,0.00046866972,6.2825784e-05,0,10.6,1.9055555,180.0,0,0,288,4.022222222222222,0.08366565040650406,773.1194444444444,Healthy,No Action,Healthy
21,2022-08-18,153.52324,168.70285,180.0,2.680612e-05,7.1247528e-06,0,14.7,6.2763886,180.0,0,0,288,3.411111111111111,0.05719579945799459,613.4840277777778,Healthy,No Action,Healthy
21,2022-08-19,159.39336,172.94485,180.0,2.2047714e-05,6.108117e-06,0,11.4,3.9211807,180.0,0,0,288,3.7680555555555557,0.06949593495934961,641.5916666666667,Healthy,No Action,Healthy
21,2022-08-20,165.5839,173.25682,180.0,8.333219e-06,1.4479357e-06,0,8.0,3.7475696,180.0,0,0,288,3.7562499999999996,0.09324254742547428,650.6659722222222,Healthy,No Action,Healthy
21,2022-08-21,161.75368,175.98532,180.0,0.003825699,0.0003328375,0,10.1,2.2298613,180.0,0,0,288,6.534722222222222,0.26295155826558264,695.1756944444445,Healthy,No Action,Healthy
21,2022-08-22,167.08475,176.60712,180.0,0.003975575,0.00058501057,0,7.2,1.8840277,180.0,0,0,288,12.92361111111111,0.7998275745257453,1613.7652777777778,Healthy,No Action,Healthy
21,2022-08-23,167.78842,178.29692,180.0,0.0018449586,0.00041390493,0,6.8,0.9472222,180.0,0,0,288,14.055555555555555,0.9452831978319785,1649.2777777777778,Healthy,No Action,Healthy
21,2022-08-24,168.59076,178.52023,180.0,0.0024282846,0.00044002917,0,6.3,0.8211806,180.0,0,0,288,13.629166666666666,0.943734078590786,1648.5159722222222,Healthy,No Action,Healthy
21,2022-08-25,171.69414,179.79335,180.0,0.0006920426,0.00034359202,0,4.6,0.11423612,180.0,0,0,288,12.981944444444444,0.9460226964769648,1649.7701388888888,Healthy,No Action,Healthy
21,2022-08-26,172.29198,178.49434,180.0,0.0007940847,0.0003113783,0,4.3,0.8326389,180.0,0,0,288,11.554166666666667,0.7343434959349593,1424.9243055555555,Healthy,No Action,Healthy
21,2022-08-27,171.05536,179.23273,180.0,0.0006654283,0.00027178612,0,5.0,0.42777777,180.0,0,0,288,7.218055555555556,0.34795596205962054,1446.3597222222222,Healthy,No Action,Healthy
21,2022-08-28,156.8907,173.26588,180.0,0.00093519065,0.00025319538,0,12.8,3.7430556,180.0,0,0,288,3.9479166666666665,0.08394512195121952,778.45625,Healthy,No Action,Healthy
21,2022-08-29,157.12207,174.94185,180.0,0.005008395,0.0009115237,0,12.7,2.8086805,180.0,0,0,288,2.9722222222222223,0.032445460704607056,558.8201388888889,Healthy,No Action,Healthy
21,2022-08-30,159.98265,171.97963,180.0,0.0008676593,0.00019201619,0,11.1,4.4555554,180.0,0,0,144,2.2972222222222225,-0.0026124661246612123,194.02777777777777,Healthy,No Action,Healthy
21,2022-08-31,166.90616,176.7079,180.0,0.0025362931,0.00089372013,0,7.3,1.8298507,180.0,0,0,134,3.094029850746269,0.013601019293775045,542.0850746268657,Healthy,No Action,Healthy
21,2022-09-01,165.795,177.81367,180.0,0.0014096427,0.00029239306,0,7.9,1.2142361,180.0,0,0,288,10.167361111111111,0.5499000677506776,1339.2840277777777,Healthy,No Action,Healthy
21,2022-09-02,158.12,174.6534,180.0,0.00033028433,3.5972815e-05,0,12.2,2.9704862,180.0,0,0,288,8.797916666666667,0.5619796747967479,1551.8618055555555,Healthy,No Action,Healthy
21,2022-09-03,156.37529,173.9766,180.0,0.0008802526,7.3508694e-05,0,13.1,3.3458333,180.0,0,0,288,10.344444444444443,0.4279261517615176,1213.4708333333333,Healthy,No Action,Healthy
21,2022-09-04,130.62303,165.37723,180.0,0.0074615125,0.00096945866,0,27.4,8.122916,180.0,0,0,288,8.479166666666666,0.3461131436314363,1037.1756944444444,Healthy,No Action,Healthy
21,2022-09-05,160.37384,175.94269,180.0,0.00018549635,6.388007e-05,0,10.9,2.251389,180.0,0,0,288,6.444444444444445,0.20637737127371272,1153.209027777778,Healthy,No Action,Healthy
21,2022-09-06,167.26599,176.76422,180.0,4.5401117e-05,1.1103726e-05,0,7.1,1.8000001,180.0,0,0,252,2.903174603174603,0.004531939605110357,477.6952380952381,Healthy,No Action,Healthy
21,2022-09-07,167.72392,177.35934,180.0,0.00044750204,0.00014633084,0,6.8,1.4677083,180.0,0,0,288,3.0520833333333335,0.021454607046070478,550.1312499999999,Healthy,No Action,Healthy
21,2022-09-08,165.52547,176.66963,180.0,0.01658837,0.004662237,0,8.0,1.8499999,180.0,0,0,288,3.9625000000000004,0.06104234417344174,797.057638888889,Healthy,No Action,Healthy
21,2022-09-09,169.14804,179.46103,180.0,0.014515355,0.0028861584,0,6.0,0.29930556,180.0,0,0,288,3.3666666666666667,0.03969241192411924,695.4472222222222,Healthy,No Action,Healthy
21,2022-09-10,170.03563,177.82495,180.0,0.0044742147,0.00057814806,0,5.5,1.2090278,180.0,0,0,288,3.4388888888888887,0.04522323848238483,614.7041666666667,Healthy,No Action,Healthy
21,2022-09-11,158.07858,172.0026,180.0,0.0006806413,0.00027176563,0,12.2,4.445139,180.0,0,0,288,4.996527777777778,0.16409112466124662,936.9812499999999,Healthy,No Action,Healthy
21,2022-09-12,162.90196,175.2323,180.0,0.0016900161,0.00041056727,0,9.5,2.6493056,180.0,0,0,288,6.713888888888889,0.2938099593495935,1409.7305555555556,Healthy,No Action,Healthy
21,2022-09-13,157.18504,175.85439,180.0,0.0018604712,0.0005399631,0,12.7,2.301736,180.0,0,0,288,5.641666666666667,0.20973238482384823,1234.9104166666666,Healthy,No Action,Healthy
21,2022-09-14,156.54102,172.74017,180.0,0.0012110901,0.0002981966,0,13.0,4.032639,180.0,0,0,288,5.340277777777778,0.18024627371273713,1192.2993055555555,Healthy,No Action,Healthy
21,2022-09-15,155.17618,173.65355,180.0,0.0006140162,4.3631087e-05,0,13.8,3.5277777,180.0,0,0,288,3.9145833333333337,0.09280758807588077,695.90625,Healthy,No Action,Healthy
21,2022-09-16,163.57526,172.54219,180.0,3.8034093e-05,6.9795374e-06,0,9.1,4.143403,180.0,0,0,288,2.9604166666666667,0.028838414634146357,510.5784722222222,Healthy,No Action,Healthy
21,2022-09-17,163.95836,173.8458,180.0,9.4745614e-05,1.2994247e-05,0,8.9,3.4201388,180.0,0,0,288,8.125694444444443,0.48138888888888887,1476.7388888888888,Healthy,No Action,Healthy
21,2022-09-18,155.6743,175.89803,180.0,0.0011423271,0.000112077185,0,13.5,2.2802083,180.0,0,0,288,4.632638888888889,0.08907960704607043,1102.4361111111111,Healthy,No Action,Healthy
21,2022-09-19,164.22673,177.83058,180.0,0.0034821564,0.0015652602,0,8.8,1.2065972,180.0,0,0,288,3.7104166666666663,0.03690887533875339,828.0694444444445,Healthy,No Action,Healthy
21,2022-09-20,163.07596,174.71286,180.0,0.006822924,0.0022648692,0,9.4,2.9364583,180.0,0,0,288,3.445138888888889,0.04189972899728997,674.3902777777778,Healthy,No Action,Healthy
21,2022-09-21,156.39633,172.23027,180.0,0.0029695726,0.00059209834,0,13.1,4.3149304,180.0,0,0,288,2.91875,0.03283943089430896,422.2326388888889,Healthy,No Action,Healthy
21,2022-09-22,162.04774,174.58875,180.0,0.00062503025,0.00020344616,0,10.0,3.010764,180.0,0,0,288,4.300000000000001,0.11562466124661247,788.4833333333333,Healthy,No Action,Healthy
21,2022-09-23,162.1915,174.62663,180.0,5.9102946e-05,1.8381834e-05,0,9.9,2.9861112,180.0,0,0,288,2.4986111111111113,0.012463753387533895,421.4826388888889,Healthy,No Action,Healthy
21,2022-09-24,153.18309,171.23541,180.0,0.000105578765,2.9053908e-05,0,14.9,4.867708,180.0,0,0,288,6.097916666666666,0.26392615176151757,1274.9909722222224,Healthy,No Action,Healthy
21,2022-09-25,159.08223,174.09766,180.0,0.00031706353,7.948163e-05,0,11.6,3.2765734,180.0,0,0,286,4.748251748251748,0.06763227016885555,615.6076923076922,Healthy,No Action,Healthy
21,2022-09-26,141.7387,164.95155,180.0,0.0050647873,0.000981979,0,21.3,8.359028,180.0,0,0,288,5.65,0.19921646341463414,1152.2173611111111,Healthy,No Action,Healthy
21,2022-09-27,152.2799,172.51776,180.0,0.0063126627,0.001834947,0,15.4,4.15625,180.0,0,0,288,8.015972222222222,0.4572876016260163,1421.3034722222224,Healthy,No Action,Healthy
21,2022-09-28,142.01099,164.98102,180.0,0.02459575,0.005802359,0,21.1,8.344097,180.0,0,0,288,13.021527777777777,0.891939024390244,1645.4020833333334,Healthy,No Action,Healthy
21,2022-09-29,160.22383,174.76907,180.0,0.014642622,0.0017859457,0,11.0,2.90625,180.0,0,0,288,15.132638888888888,0.9445650406504065,1652.0569444444445,Healthy,No Action,Healthy
21,2022-09-30,160.52347,174.08905,180.0,0.0011004442,0.00023122354,0,10.8,3.2843752,180.0,0,0,288,10.290277777777778,0.7486551490514906,1526.5708333333334,Healthy,No Action,Healthy
21,2022-10-01,163.87123,177.2308,180.0,0.000783556,0.00026311906,0,9.0,1.5381944,180.0,0,0,288,4.509027777777778,0.06456876693766939,729.4680555555556,Healthy,No Action,Healthy
21,2022-10-02,163.59915,177.08546,180.0,0.0007070033,0.00018976045,0,9.1,1.6187501,180.0,0,0,288,2.8902777777777775,0.01572357723577238,474.4951388888889,Healthy,No Action,Healthy
21,2022-10-03,167.96056,178.8006,180.0,0.00045640534,6.557206e-05,0,6.7,0.665625,180.0,0,0,288,5.209027777777778,0.20660636856368564,982.188888888889,Healthy,No Action,Healthy
21,2022-10-04,167.99185,179.27701,180.0,0.0006115894,8.753642e-05,0,6.7,0.40212768,180.0,0,0,423,7.57872340425532,0.41641757481404595,1479.2983451536643,Healthy,No Action,Healthy
21,2022-10-05,155.66351,174.46298,180.0,0.00902083,0.0019935442,0,13.5,3.0770833,180.0,0,0,432,9.284722222222221,0.6300701219512196,1588.9708333333333,Healthy,No Action,Healthy
21,2022-10-06,160.15082,174.13026,180.0,0.009770285,0.0026582428,0,11.0,3.262022,180.0,0,0,366,5.657377049180328,0.23109676129548182,1083.6975409836066,Healthy,No Action,Healthy
21,2022-10-07,152.39989,175.52429,180.0,0.003914682,0.00044206515,0,15.3,2.487977,180.0,0,0,524,2.325381679389313,0.009923198659467532,397.27041984732824,Healthy,No Action,Healthy
21,2022-10-08,165.98058,177.89008,180.0,0.0017357045,0.00023519144,0,7.8,1.1734376,180.0,0,0,576,2.379166666666667,0.013988482384823867,419.37430555555557,Healthy,No Action,Healthy
21,2022-10-09,170.54977,178.39374,180.0,0.00030526335,0.00014450202,0,5.3,0.89288193,180.0,0,0,576,3.158333333333333,0.03299186991869921,539.2027777777778,Healthy,No Action,Healthy
21,2022-10-10,163.91101,177.57237,180.0,0.00018664724,5.7305933e-05,0,8.9,1.346875,180.0,0,0,576,3.1069444444444443,0.024906504065040663,568.6458333333334,Healthy,No Action,Healthy
21,2022-10-11,170.09546,177.80647,180.0,2.580539e-05,5.753022e-06,0,5.5,1.2204862,180.0,0,0,576,4.074999999999999,0.08380047425474255,811.4673611111111,Healthy,No Action,Healthy
21,2022-10-12,172.70639,179.34874,180.0,4.633943e-06,1.0886565e-06,0,4.1,0.36215279,180.0,0,0,576,8.742361111111112,0.5083472222222222,1476.3854166666667,Healthy,No Action,Healthy
21,2022-10-13,175.05531,179.59209,180.0,1.1675643e-05,2.1214794e-06,0,2.7,0.22655039,180.0,0,0,516,4.398449612403101,0.12925921724333525,813.1426356589146,Healthy,No Action,Healthy
21,2022-10-14,180.0,180.0,180.0,7.0945243e-06,2.2917015e-06,0,0.0,0.0,180.0,0,0,576,4.488194444444444,0.09573069105691055,1031.170138888889,Healthy,No Action,Healthy
21,2022-10-15,176.23439,179.64194,180.0,5.881872e-06,2.757489e-06,0,2.1,0.1982639,180.0,0,0,576,2.6888888888888887,0.014192073170731734,353.9006944444444,Healthy,No Action,Healthy
21,2022-10-16,178.5141,179.9567,180.0,2.0046724e-05,8.934549e-06,0,0.8,0.023958333,180.0,0,0,576,4.178472222222222,0.06214397018970187,1028.0006944444444,Healthy,No Action,Healthy
21,2022-10-17,176.40483,179.86647,180.0,0.0004159418,6.9763635e-05,0,2.0,0.0734375,180.0,0,0,576,3.0708333333333333,0.012664295392953936,602.0465277777778,Healthy,No Action,Healthy
21,2022-10-18,162.5041,176.84012,180.0,0.00032229145,4.5680757e-05,0,9.7,1.7543403,180.0,0,0,576,3.879166666666667,0.09369410569105692,707.5625,Healthy,No Action,Healthy
21,2022-10-19,165.9313,177.0988,180.0,2.068612e-05,6.3214736e-07,0,7.8,1.6111112,180.0,0,0,576,6.075694444444444,0.1964603658536585,1190.1861111111111,Healthy,No Action,Healthy
21,2022-10-20,174.55412,179.64784,180.0,2.6314776e-06,8.7978174e-07,0,3.0,0.1953125,180.0,0,0,576,4.0368055555555555,0.06944444444444445,877.7881944444445,Healthy,No Action,Healthy
21,2022-10-21,167.46649,177.26775,180.0,6.9203537e-07,2.3873451e-07,0,7.0,1.5180556,180.0,0,0,576,2.857638888888889,0.027713075880758817,520.3256944444444,Healthy,No Action,Healthy
21,2022-10-22,169.6284,177.08185,180.0,5.0625654e-06,6.104564e-07,0,5.8,1.6211805,180.0,0,0,576,6.590277777777778,0.31708197831978313,1357.5506944444444,Healthy,No Action,Healthy
21,2022-10-23,165.83788,177.23468,180.0,9.679339e-05,1.8593664e-05,0,7.9,1.536632,180.0,0,0,576,6.4006944444444445,0.3676693766937669,1033.892361111111,Healthy,No Action,Healthy
21,2022-10-24,170.13744,177.35608,180.0,2.2953916e-06,3.4153453e-07,0,5.5,1.4692708,180.0,0,0,576,3.6430555555555557,0.04688855013550134,812.9819444444444,Healthy,No Action,Healthy
21,2022-10-25,175.28862,179.09662,180.0,5.5668903e-07,2.515494e-07,0,2.6,0.5015625,180.0,0,0,576,3.827777777777778,0.06411856368563684,821.2597222222222,Healthy,No Action,Healthy
21,2022-10-26,165.27576,177.27406,180.0,4.275011e-06,6.0039605e-07,0,8.2,1.515625,180.0,0,0,576,7.270833333333333,0.3752262872628726,1453.8527777777776,Healthy,No Action,Healthy
21,2022-10-27,160.7845,176.3542,180.0,0.02311807,0.0006516776,0,10.7,2.0259523,180.0,0,0,420,13.310476190476189,0.8865040650406505,1634.6771428571428,Healthy,No Action,Healthy
21,2022-10-28,150.68056,177.6298,180.0,0.02916807,0.001582994,0,16.3,1.3166666,180.0,0,0,336,11.880952380952381,-0.0010418118466898488,26.922619047619047,Healthy,No Action,Healthy
21,2022-10-29,170.69997,179.39679,180.0,4.0475326e-05,4.216855e-06,0,5.2,0.3342014,180.0,0,0,576,13.40625,-0.0009861111111110633,27.867361111111112,Healthy,No Action,Healthy
21,2022-10-30,176.89427,179.8473,180.0,2.118827e-06,1.186907e-06,0,1.7,0.084895834,180.0,0,0,576,8.778472222222222,-0.0009915311653116007,32.44027777777777,Healthy,No Action,Healthy
21,2022-10-31,177.9843,179.902,180.0,1.2355532e-06,8.9471683e-07,0,1.1,0.053472225,180.0,0,0,576,9.287500000000001,-0.0010220189701896534,31.956249999999997,Healthy,No Action,Healthy
21,2022-11-01,175.74098,179.00629,180.0,1.6706045e-06,1.0149795e-06,0,2.4,0.55052084,180.0,0,0,576,7.89513888888889,-0.0010040650406503541,33.37152777777778,Healthy,No Action,Healthy
21,2022-11-02,178.02518,179.9348,180.0,2.0908276e-06,1.4071081e-06,0,1.1,0.036206897,180.0,0,0,348,4.433333333333334,-0.001160639192598769,73.82643678160919,Healthy,No Action,Healthy
21,2022-11-03,177.19913,179.34203,180.0,3.00059e-06,1.4658325e-06,0,1.6,0.35909092,180.0,0,0,88,0.4,-0.0004390243902439,205.0,Healthy,No Action,Healthy
21,2022-11-04,174.56662,179.14552,180.0,1.7328633e-06,8.096893e-07,0,3.0,0.47403103,180.0,0,0,516,1.62015503875969,0.010512006050293066,356.4294573643411,Healthy,No Action,Healthy
21,2022-11-05,173.64514,178.78503,180.0,7.407824e-06,2.5909562e-06,0,3.5,0.6744792,180.0,0,0,576,6.090972222222223,0.25324593495934955,1337.5381944444443,Healthy,No Action,Healthy
21,2022-11-06,173.01437,179.44766,180.0,6.324476e-06,6.661041e-07,0,3.9,0.30714285,180.0,0,0,560,4.087857142857143,0.06494041811846689,845.4214285714286,Healthy,No Action,Healthy
21,2022-11-07,178.01672,179.89503,180.0,1.3481113e-06,6.6618395e-07,0,1.1,0.057986114,180.0,0,0,576,4.669444444444444,0.11760602981029811,880.0277777777778,Healthy,No Action,Healthy
21,2022-11-08,178.10089,179.93878,180.0,1.4052176e-06,6.6272077e-07,0,1.1,0.033506945,180.0,0,0,576,3.254861111111111,0.034554878048780484,656.7041666666667,Healthy,No Action,Healthy
21,2022-11-09,177.3614,179.62758,180.0,4.7657525e-07,2.6364836e-07,0,1.5,0.20868057,180.0,0,0,576,3.7958333333333334,0.08601355013550135,760.41875,Healthy,No Action,Healthy
21,2022-11-10,168.41238,178.25797,180.0,3.9662754e-07,1.7707873e-07,0,6.4,0.9699653,180.0,0,0,576,4.757638888888889,0.11437872628726284,1085.7055555555555,Healthy,No Action,Healthy
21,2022-11-11,175.03294,179.27144,180.0,5.4863045e-07,3.0416857e-07,0,2.8,0.40364584,180.0,0,0,576,3.240972222222222,0.027791666666666676,620.286111111111,Healthy,No Action,Healthy
21,2022-11-12,176.678,179.84795,180.0,7.467473e-07,3.8159195e-07,0,1.8,0.08420139,180.0,0,0,576,3.3180555555555555,0.02314329268292684,630.088888888889,Healthy,No Action,Healthy
21,2022-11-13,174.24583,178.63684,180.0,1.5308023e-06,5.863248e-07,0,3.2,0.75642365,180.0,0,0,576,4.574999999999999,0.1222222222222222,953.5659722222222,Healthy,No Action,Healthy
21,2022-11-14,173.29414,178.71127,180.0,1.5204184e-06,3.6092362e-07,0,3.7,0.71458334,180.0,0,0,576,6.257638888888889,0.25955995934959347,1365.138888888889,Healthy,No Action,Healthy
21,2022-11-15,170.80104,177.4678,180.0,6.0695085e-05,1.0201169e-05,0,5.1,1.4086806,180.0,0,0,576,10.683333333333334,0.8227086720867208,1637.2027777777778,Healthy,No Action,Healthy
21,2022-11-16,173.1235,178.33614,180.0,1.8557075e-05,3.4834654e-06,0,3.8,0.9243056,180.0,0,0,576,7.436805555555556,0.4044183604336043,1487.9965277777778,Healthy,No Action,Healthy
21,2022-11-17,170.93779,178.05757,180.0,1.4363479e-06,4.9252805e-07,0,5.0,1.0779514,180.0,0,0,576,4.4125,0.10634823848238481,990.6791666666666,Healthy,No Action,Healthy
21,2022-11-18,169.1873,176.72284,180.0,8.805556e-07,2.6677097e-07,0,6.0,1.8204861,180.0,0,0,576,3.0395833333333333,0.01882926829268293,670.7201388888889,Healthy,No Action,Healthy
21,2022-11-19,171.36469,178.28046,180.0,1.0632259e-06,3.781009e-07,0,4.8,0.9557292,180.0,0,0,576,2.913888888888889,0.039399728997289996,480.1048611111112,Healthy,No Action,Healthy
21,2022-11-20,169.55586,178.27669,180.0,7.1532772e-06,2.0449659e-06,0,5.8,0.95711803,180.0,0,0,576,5.613888888888889,0.338569783197832,930.6666666666666,Healthy,No Action,Healthy
21,2022-11-21,169.48726,177.1768,180.0,8.52302e-05,2.0069128e-05,0,5.8,1.5680556,180.0,0,0,576,7.012499999999999,0.42961246612466125,1231.6604166666666,Healthy,No Action,Healthy
21,2022-11-22,174.3402,177.70132,180.0,6.362823e-05,1.2667198e-05,0,3.1,1.2767361,180.0,0,0,576,1.9791666666666667,-0.0015426829268292313,132.23402777777778,Healthy,No Action,Healthy
21,2022-11-23,169.46643,177.60182,180.0,9.831538e-06,2.8661004e-06,0,5.9,1.3309027,180.0,0,0,576,2.814583333333333,0.029147696476964788,464.6291666666667,Healthy,No Action,Healthy
21,2022-11-24,176.6214,179.30215,180.0,2.345685e-06,7.0887097e-07,0,1.9,0.38854167,180.0,0,0,576,2.323611111111111,0.004480352303523056,339.64166666666665,Healthy,No Action,Healthy
21,2022-11-25,177.90372,179.90448,180.0,6.2577974e-06,9.840738e-07,0,1.2,0.053819444,180.0,0,0,576,5.836805555555555,0.2626907181571816,1270.0881944444445,Healthy,No Action,Healthy
21,2022-11-26,176.32999,179.82509,180.0,8.909804e-07,2.5013694e-07,0,2.0,0.09791667,180.0,0,0,576,4.520138888888889,0.12711754742547424,970.2756944444445,Healthy,No Action,Healthy
21,2022-11-27,176.62495,179.2144,180.0,1.0696086e-06,2.7939336e-07,0,1.9,0.4340278,180.0,0,0,576,4.679861111111111,0.15729844173441734,855.0229166666667,Healthy,No Action,Healthy
21,2022-11-28,176.19264,178.62537,180.0,6.7176023e-07,3.1842262e-07,0,2.1,0.76527774,180.0,0,0,576,2.4375,0.011175135501355033,380.25347222222223,Healthy,No Action,Healthy
21,2022-11-29,172.60487,178.72163,180.0,1.2334951e-06,4.9881584e-07,0,4.1,0.7100694,180.0,0,0,576,5.691666666666666,0.28109451219512194,1029.9430555555555,Healthy,No Action,Healthy
21,2022-11-30,173.51332,178.62062,180.0,5.584668e-06,1.2428112e-06,0,3.6,0.7647569,180.0,0,0,576,12.580555555555556,0.9521951219512196,1659.2798611111111,Healthy,No Action,Healthy
21,2022-12-01,167.34857,179.00284,180.0,7.632771e-05,8.458439e-06,0,7.0,0.55364585,180.0,0,0,576,5.902777777777778,0.2492032520325203,1268.351388888889,Healthy,No Action,Healthy
21,2022-12-02,174.32573,179.51106,180.0,3.6063832e-06,7.68067e-07,0,3.2,0.2717014,180.0,0,0,576,5.421527777777778,0.16830149051490512,1253.0006944444444,Healthy,No Action,Healthy
21,2022-12-03,175.6911,179.50578,180.0,7.0458364e-06,1.5021736e-06,0,2.4,0.27395833,180.0,0,0,576,8.570833333333333,0.5621910569105691,1528.6902777777777,Healthy,No Action,Healthy
21,2022-12-04,176.54019,179.96715,180.0,1.0528538e-05,2.5296886e-06,0,1.9,0.018055554,180.0,0,0,576,6.986111111111111,0.3713607723577235,1411.5652777777777,Healthy,No Action,Healthy
21,2022-12-05,175.47978,179.5441,180.0,1.918237e-05,6.2384797e-06,0,2.5,0.25295138,180.0,0,0,576,7.317361111111111,0.4233373983739837,1433.1444444444444,Healthy,No Action,Healthy
21,2022-12-06,175.77238,179.34138,180.0,9.847293e-06,2.9397952e-06,0,2.3,0.36736113,180.0,0,0,576,4.609722222222222,0.10862432249322491,987.7284722222222,Healthy,No Action,Healthy
21,2022-12-07,176.11981,179.3295,180.0,1.6598674e-06,7.221776e-07,0,2.2,0.37204862,180.0,0,0,576,8.010416666666666,0.49528014905149054,1524.7611111111112,Healthy,No Action,Healthy
21,2022-12-08,175.93443,179.75446,180.0,1.1281911e-05,3.5582077e-06,0,2.3,0.13593751,180.0,0,0,576,12.296527777777778,0.9450870596205961,1659.0381944444443,Healthy,No Action,Healthy
21,2022-12-09,170.87636,177.5212,180.0,0.00075817574,0.00016592046,0,5.1,1.3758681,180.0,0,0,576,10.415277777777778,0.7793712737127371,1628.5034722222222,Healthy,No Action,Healthy
21,2022-12-10,173.25427,178.68787,180.0,7.8743135e-05,9.234023e-06,0,3.7,0.7295139,180.0,0,0,576,7.231944444444445,0.369430216802168,1472.1722222222222,Healthy,No Action,Healthy
21,2022-12-11,173.22696,178.8658,180.0,4.253105e-06,1.2881785e-06,0,3.8,0.63177085,180.0,0,0,576,5.336805555555555,0.14724593495934957,1254.8388888888887,Healthy,No Action,Healthy
21,2022-12-12,170.54523,177.15623,180.0,1.3960251e-06,6.4879487e-07,0,5.3,1.5805556,180.0,0,0,576,2.3097222222222222,-0.0005877371273712354,243.1784722222222,Healthy,No Action,Healthy
21,2022-12-13,173.04008,178.3244,180.0,1.1143883e-06,5.713977e-07,0,3.9,0.928993,180.0,0,0,576,3.1937499999999996,0.010415311653116547,541.5798611111111,Healthy,No Action,Healthy
21,2022-12-14,175.44302,178.1208,180.0,1.1578962e-05,2.4659814e-06,0,2.5,1.0425347,180.0,0,0,576,3.9069444444444446,0.052008468834688334,791.098611111111,Healthy,No Action,Healthy
21,2022-12-15,178.49066,179.83617,180.0,1.27202375e-05,2.782455e-06,0,0.8,0.090625,180.0,0,0,576,3.2708333333333335,0.032155487804878057,671.6243055555556,Healthy,No Action,Healthy
21,2022-12-16,173.39604,179.27576,180.0,6.0780108e-06,1.7671189e-06,0,3.7,0.40416667,180.0,0,0,576,5.019444444444444,0.19823340108401086,948.4520833333333,Healthy,No Action,Healthy
21,2022-12-17,175.78217,179.03085,180.0,1.2007507e-05,3.0273009e-06,0,2.3,0.5381944,180.0,0,0,576,4.867361111111111,0.15831944444444443,992.1506944444445,Healthy,No Action,Healthy
21,2022-12-18,171.83275,178.2116,180.0,8.4735175e-06,2.5639574e-06,0,4.5,0.9934028,180.0,0,0,576,6.223611111111111,0.2913539972899729,1274.2236111111113,Healthy,No Action,Healthy
21,2022-12-19,175.4317,177.49808,178.6978,4.1682106e-06,1.99109e-06,0,2.5,1.3887153,180.0,0,0,576,3.6881944444444446,0.050510840108401074,848.9284722222222,Healthy,No Action,Healthy
21,2022-12-20,173.1956,178.65842,180.0,4.4225117e-06,1.8644639e-06,0,3.8,0.7439236,180.0,0,0,576,2.9361111111111113,0.0348658536585366,492.32500000000005,Healthy,No Action,Healthy
21,2022-12-21,176.67953,179.91461,180.0,8.244174e-06,2.521746e-06,0,1.8,0.047222223,180.0,0,0,576,3.5888888888888886,0.09759959349593497,647.567361111111,Healthy,No Action,Healthy
21,2022-12-22,176.08049,179.05779,180.0,3.184284e-06,1.6127591e-06,0,2.2,0.5243056,180.0,0,0,576,4.78125,0.10956571815718154,1146.0791666666667,Healthy,No Action,Healthy
21,2022-12-23,175.3537,178.59186,180.0,5.1007487e-06,1.1706077e-06,0,2.6,0.7821181,180.0,0,0,576,6.584722222222222,0.27409925474254737,1375.1041666666667,Healthy,No Action,Healthy
21,2022-12-24,170.39142,177.57771,180.0,2.6983631e-05,5.02496e-06,0,5.3,1.3446181,180.0,0,0,576,9.354166666666666,0.6715226964769648,1579.1409722222222,Healthy,No Action,Healthy
21,2022-12-25,171.78822,178.81073,180.0,3.4259963e-05,1.3315006e-05,0,4.6,0.6588542,180.0,0,0,576,9.371527777777779,0.6744986449864498,1569.4055555555556,Healthy,No Action,Healthy
21,2022-12-26,172.28186,178.44788,180.0,2.0916586e-05,4.9341434e-06,0,4.3,0.86319447,180.0,0,0,576,5.238888888888889,0.1403262195121951,1265.4743055555555,Healthy,No Action,Healthy
21,2022-12-27,175.66286,178.98398,180.0,1.0196169e-05,1.7468394e-06,0,2.4,0.5626736,180.0,0,0,576,8.369444444444445,0.5274932249322493,1481.6479166666666,Healthy,No Action,Healthy
21,2022-12-28,171.11455,179.66148,180.0,0.00010746929,2.7502603e-05,0,4.9,0.18854167,180.0,0,0,576,10.202777777777778,0.7467750677506775,1599.767361111111,Healthy,No Action,Healthy
21,2022-12-29,167.08234,174.06842,180.0,2.3246017e-05,9.503149e-06,0,7.2,3.296875,180.0,0,0,576,9.358333333333333,0.6381405826558265,1548.673611111111,Healthy,No Action,Healthy
21,2022-12-30,165.5953,176.4145,180.0,4.7693105e-05,1.7783335e-05,0,8.0,1.9904513,180.0,0,0,576,8.242361111111112,0.5274241192411924,1539.5104166666667,Healthy,No Action,Healthy
21,2022-12-31,175.10323,178.34032,180.0,2.0802601e-05,3.1977106e-06,0,2.7,0.9192708,180.0,0,0,576,8.102083333333333,0.5062388211382114,1537.7298611111112,Healthy,No Action,Healthy
21,2023-01-01,176.64328,179.15753,180.0,4.2185547e-06,1.5081208e-06,0,1.9,0.46736112,180.0,0,0,576,5.488888888888889,0.15608875338753384,1306.5708333333334,Healthy,No Action,Healthy
21,2023-01-02,174.06476,179.10002,180.0,1.8012363e-06,7.7583906e-07,0,3.3,0.5005208,180.0,0,0,576,8.125,0.5311609078590785,1510.5666666666666,Healthy,No Action,Healthy
21,2023-01-03,179.72737,179.99895,180.0,1.8433324e-06,6.682764e-07,0,0.2,0.00086805556,180.0,0,0,576,3.0694444444444446,0.036327235772357726,632.8152777777777,Healthy,No Action,Healthy
21,2023-01-04,179.88626,179.9992,180.0,2.3161517e-06,1.1516998e-06,0,0.1,0.00052083336,180.0,0,0,576,2.242361111111111,0.006058265582655844,381.7638888888889,Healthy,No Action,Healthy
21,2023-01-05,180.0,180.0,180.0,2.215999e-06,1.0504405e-06,0,0.0,0.0,180.0,0,0,576,3.4618055555555554,0.03413042005420054,789.8534722222222,Healthy,No Action,Healthy
21,2023-01-06,180.0,180.0,180.0,1.4641169e-05,4.5213455e-06,0,0.0,0.0,180.0,0,0,576,7.9430555555555555,0.5212035907859078,1423.7041666666667,Healthy,No Action,Healthy
21,2023-01-07,174.95627,179.09601,180.0,1.4577985e-05,4.0860523e-06,0,2.8,0.5027778,180.0,0,0,576,8.427777777777777,0.5506202574525746,1583.295138888889,Healthy,No Action,Healthy
21,2023-01-08,175.4437,178.67805,180.0,4.142464e-06,9.374245e-07,0,2.5,0.7345486,180.0,0,0,576,5.890277777777778,0.24660636856368562,1223.5263888888887,Healthy,No Action,Healthy
21,2023-01-09,176.4618,178.45886,180.0,1.0036858e-06,4.2896716e-07,0,2.0,0.85868055,180.0,0,0,576,2.1194444444444445,-0.0017815040650406057,153.26527777777778,Healthy,No Action,Healthy
21,2023-01-10,173.75075,179.09749,180.0,3.428003e-05,8.513176e-06,0,3.5,0.50208336,180.0,0,0,576,3.3631944444444444,0.08002066395663959,602.0652777777777,Healthy,No Action,Healthy
21,2023-01-11,176.18333,179.5407,180.0,9.8848934e-05,3.6513124e-05,0,2.1,0.25503474,180.0,0,0,576,4.018750000000001,0.09983333333333333,811.5805555555556,Healthy,No Action,Healthy
21,2023-01-12,178.61049,179.94716,180.0,3.018134e-05,1.5754207e-05,0,0.8,0.029513888,180.0,0,0,576,4.857638888888889,0.12313245257452572,1110.5055555555555,Healthy,No Action,Healthy
21,2023-01-13,178.25204,179.62321,180.0,7.023772e-05,2.9440675e-05,0,1.0,0.20694445,180.0,0,0,576,4.396527777777778,0.1097591463414634,931.3625000000001,Healthy,No Action,Healthy
21,2023-01-14,174.97536,178.90651,180.0,0.00013853583,6.056903e-05,0,2.8,0.6081597,180.0,0,0,576,5.066666666666666,0.2151229674796748,954.0652777777777,Healthy,No Action,Healthy
21,2023-01-15,176.83559,179.44733,180.0,5.380063e-05,2.2904707e-05,0,1.8,0.3081597,180.0,0,0,576,4.870138888888889,0.1340409891598916,1099.4305555555557,Healthy,No Action,Healthy
21,2023-01-16,175.058,178.56677,180.0,8.649255e-05,2.612485e-05,0,2.7,0.79826385,180.0,0,0,576,3.372916666666667,0.04288380758807588,741.5743055555555,Healthy,No Action,Healthy
21,2023-01-17,179.47896,179.98792,180.0,8.627089e-05,4.1094067e-05,0,0.3,0.00625,180.0,0,0,576,3.5166666666666666,0.04304878048780488,768.1125,Healthy,No Action,Healthy
21,2023-01-18,178.96143,179.93442,180.0,0.0001130652,5.7914134e-05,0,0.6,0.035590276,180.0,0,0,576,4.365277777777778,0.11559688346883469,959.4243055555556,Healthy,No Action,Healthy
21,2023-01-19,174.72652,179.08861,180.0,7.449718e-05,2.2148182e-05,0,2.9,0.5052083,180.0,0,0,576,3.4069444444444446,0.038060636856368575,624.9409722222222,Healthy,No Action,Healthy
21,2023-01-20,176.92648,179.43796,180.0,1.1034524e-05,5.998723e-06,0,1.7,0.31024304,180.0,0,0,576,3.4715277777777778,0.04662059620596206,736.3875,Healthy,No Action,Healthy
21,2023-01-21,178.2841,179.32547,180.0,7.8127805e-06,3.7279824e-06,0,1.0,0.37725696,180.0,0,0,576,3.404166666666667,0.045313008130081316,609.1472222222222,Healthy,No Action,Healthy
21,2023-01-22,173.94766,178.76056,180.0,1.1184138e-05,3.7390835e-06,0,3.4,0.6880208,180.0,0,0,576,3.454861111111111,0.0772909891598916,583.3993055555555,Healthy,No Action,Healthy
21,2023-01-23,176.42308,178.99696,180.0,6.032581e-06,2.9238865e-06,0,2.0,0.5552083,180.0,0,0,576,2.2874999999999996,0.01425169376693769,384.8486111111111,Healthy,No Action,Healthy
21,2023-01-24,175.95108,178.28474,180.0,1.3557784e-05,4.7389526e-06,0,2.2,0.95295143,180.0,0,0,576,2.6548611111111113,0.026760840108401105,434.0486111111111,Healthy,No Action,Healthy
21,2023-01-25,177.87927,179.71054,180.0,1.2294293e-05,6.1800743e-06,0,1.2,0.16111112,180.0,0,0,576,2.4131944444444446,0.01889905149051493,394.6979166666667,Healthy,No Action,Healthy
21,2023-01-26,178.90073,179.91888,180.0,1.0689739e-05,4.284171e-06,0,0.6,0.045659725,180.0,0,0,576,5.751388888888889,0.29065379403794034,959.9854166666667,Healthy,No Action,Healthy
21,2023-01-27,177.37563,179.85255,180.0,3.8846115e-06,1.7025369e-06,0,1.5,0.081597224,180.0,0,0,576,8.85625,0.582430216802168,1567.6847222222223,Healthy,No Action,Healthy
21,2023-01-28,175.19135,178.85254,180.0,5.387971e-06,1.4979187e-06,0,2.7,0.63697916,180.0,0,0,576,3.0305555555555554,0.026426151761517625,535.6034722222222,Healthy,No Action,Healthy
21,2023-01-29,176.7518,179.01715,180.0,6.449719e-06,1.7691459e-06,0,1.8,0.54479164,180.0,0,0,576,2.232638888888889,0.0010640243902439405,224.56597222222223,Healthy,No Action,Healthy
21,2023-01-30,176.64392,179.12384,180.0,7.4977042e-06,3.0767578e-06,0,1.9,0.49027777,180.0,0,0,576,3.026388888888889,0.011132791327913288,578.0625,Healthy,No Action,Healthy
21,2023-01-31,176.81993,178.61952,180.0,3.38001e-06,1.7674279e-06,0,1.8,0.76597226,180.0,0,0,576,5.347222222222222,0.15771375338753382,1296.2958333333333,Healthy,No Action,Healthy
21,2023-02-01,172.28325,175.5824,177.41919,6.254229e-06,2.965708e-06,0,4.3,2.4532986,180.0,0,0,576,3.3680555555555554,0.03840142276422765,669.7597222222222,Healthy,No Action,Healthy
21,2023-02-02,173.80766,176.67654,180.0,6.6686143e-06,2.1990973e-06,0,3.4,1.8456597,180.0,0,0,576,6.261111111111111,0.3197737127371274,1248.71875,Healthy,No Action,Healthy
21,2023-02-03,175.03297,177.1522,180.0,6.6539087e-06,1.7260817e-06,0,2.8,1.5814236,180.0,0,0,576,5.176388888888889,0.16166903794037937,1205.0576388888887,Healthy,No Action,Healthy
21,2023-02-04,174.88567,177.8715,180.0,2.3393518e-06,1.1258594e-06,0,2.8,1.182118,180.0,0,0,576,7.379861111111111,0.42354437669376693,1465.8076388888887,Healthy,No Action,Healthy
21,2023-02-05,173.061,177.35576,180.0,1.4437805e-05,5.789845e-06,0,3.9,1.4717014,180.0,0,0,576,8.839583333333334,0.6035535230352304,1553.9361111111111,Healthy,No Action,Healthy
21,2023-02-06,173.56099,177.8137,180.0,6.570452e-06,1.4849921e-06,0,3.6,1.2154514,180.0,0,0,576,2.817361111111111,0.00818428184281844,514.7152777777778,Healthy,No Action,Healthy
21,2023-02-07,174.7737,177.14142,179.29062,5.559655e-06,1.8112399e-06,0,2.9,1.5885416,180.0,0,0,576,3.176388888888889,0.03169817073170733,559.6972222222222,Healthy,No Action,Healthy
21,2023-02-08,175.85231,177.78227,180.0,6.9767925e-06,3.345451e-06,0,2.3,1.2331597,180.0,0,0,576,4.813888888888889,0.1587381436314363,1122.322222222222,Healthy,No Action,Healthy
21,2023-02-09,175.74489,179.14165,180.0,1.0190035e-05,3.904728e-06,0,2.4,0.4765625,180.0,0,0,576,5.053472222222222,0.1732269647696477,1048.6159722222224,Healthy,No Action,Healthy
21,2023-02-10,174.5776,177.44907,179.95537,3.996315e-06,1.3283467e-06,0,3.0,1.4156251,180.0,0,0,576,3.7430555555555554,0.05546815718157181,756.0062499999999,Healthy,No Action,Healthy
21,2023-02-11,174.50859,177.45323,180.0,2.9043804e-06,1.3212261e-06,0,3.1,1.4154514,180.0,0,0,576,8.007638888888888,0.4844620596205962,1529.9145833333334,Healthy,No Action,Healthy
21,2023-02-12,172.86739,178.35114,180.0,4.141939e-06,1.2503474e-06,0,4.0,0.914757,180.0,0,0,576,8.705555555555556,0.5801829268292683,1543.0083333333334,Healthy,No Action,Healthy
21,2023-02-13,169.18874,176.34358,180.0,7.311885e-06,2.2255576e-06,0,6.0,2.029861,179.41666666666666,0,0,576,6.013194444444444,0.27125914634146336,1147.982638888889,Healthy,No Action,Healthy
21,2023-02-14,168.99446,175.1733,178.40567,2.9896444e-06,1.1079122e-06,0,6.1,2.6814237,178.41666666666666,0,0,576,3.8187499999999996,0.05233773712737127,810.8541666666666,Healthy,No Action,Hydraulic group
21,2023-02-15,173.40303,176.64825,180.0,7.973052e-06,2.3848463e-06,0,3.7,1.8623263,177.41666666666666,0,0,576,12.125,0.8048079268292683,1621.1277777777777,Healthy,No Action,Hydraulic group
21,2023-02-16,170.20319,175.4481,179.47559,1.17151585e-05,3.2428884e-06,0,5.4,2.527604,176.41666666666666,0,0,576,12.008333333333333,0.9060240514905149,1654.1756944444444,Healthy,No Action,Hydraulic group
21,2023-02-17,169.71617,175.36578,180.0,1.8060016e-05,4.4909166e-06,0,5.7,2.5737848,175.41666666666666,0,0,576,9.1875,0.6758733062330623,1618.1576388888889,Healthy,No Action,Hydraulic group
21,2023-02-18,166.65259,174.48372,180.0,6.2035465e-06,1.7636822e-06,0,7.4,3.066146,174.41666666666666,0,0,576,4.134027777777778,0.08137838753387533,956.9520833333333,Healthy,No Action,Hydraulic group
21,2023-02-19,171.32007,174.44139,178.23338,2.0664018e-05,4.084747e-06,0,4.8,3.0885417,173.41666666666666,0,0,576,7.090972222222223,0.4669071815718157,1138.8569444444445,Healthy,No Action,Hydraulic group
21,2023-02-20,168.69576,174.43141,178.30064,1.1805938e-05,4.0325795e-06,0,6.3,3.0930555,172.41666666666666,0,0,576,12.027777777777779,0.7286009485094851,1590.475,Healthy,No Action,Hydraulic group
21,2023-02-21,163.80147,171.37726,180.0,2.9063447e-06,1.1134521e-06,0,9.0,4.7887154,171.41666666666666,0,0,576,13.121527777777779,0.8006646341463415,1503.8562499999998,Healthy,No Action,Hydraulic group
21,2023-02-22,165.28186,169.77817,175.43571,6.84444e-05,9.365604e-06,0,8.2,5.679861,170.41666666666666,0,0,576,8.776388888888889,0.5604369918699187,1472.2256944444443,Healthy,No Action,Hydraulic group
21,2023-02-23,161.05348,168.30495,172.12053,3.2254588e-06,6.179211e-07,0,10.5,6.497222,169.41666666666666,0,0,576,2.6097222222222225,0.009726964769647716,427.6111111111111,Healthy,No Action,Hydraulic group
21,2023-02-24,166.38,170.4953,174.15335,6.831021e-06,2.0798666e-06,0,7.6,5.2836804,168.41666666666666,0,0,576,2.95625,0.017592140921409233,503.4215277777778,Healthy,No Action,Hydraulic group
21,2023-02-25,167.4793,169.24188,171.5568,3.84947e-06,2.3908192e-06,0,7.0,5.977083,167.41666666666666,0,0,576,3.2027777777777775,0.02158705962059621,640.7048611111111,Healthy,No Action,Hydraulic group
21,2023-02-26,165.35678,167.0393,168.2631,7.83149e-06,3.139986e-06,0,8.1,7.198785,166.41666666666666,0,0,576,1.947222222222222,-0.00044715447154468335,203.2263888888889,Healthy,No Action,Hydraulic group
21,2023-02-27,161.92497,165.33463,168.1353,4.122739e-06,2.1547405e-06,0,10.0,8.147917,165.41666666666666,0,0,576,3.650694444444445,0.07182859078590785,725.1125,Healthy,No Action,Hydraulic group
21,2023-02-28,159.1232,165.1465,169.12904,4.0161863e-06,1.7278239e-06,0,11.6,8.250521,164.41666666666666,0,0,576,4.620833333333334,0.10585907859078589,1024.1722222222222,Healthy,No Action,Hydraulic group
21,2023-03-01,158.23193,163.13344,166.73155,9.6115355e-06,3.2938801e-06,0,12.1,9.3723955,163.41666666666666,0,0,576,2.9375,0.006962737127371287,509.94444444444446,Healthy,No Action,Hydraulic group
21,2023-03-02,158.40965,162.22623,165.77054,1.3176889e-05,4.0116006e-06,0,12.0,9.87743,162.41666666666666,0,0,576,2.6666666666666665,0.0015630081300813314,361.5909722222222,Healthy,No Action,Hydraulic group
21,2023-03-03,152.51251,159.48132,163.00577,1.6152977e-05,5.131058e-06,0,15.3,11.400173,161.41666666666666,0,0,576,6.552777777777778,0.3912357723577236,854.04375,Healthy,No Action,Hydraulic group
21,2023-03-04,157.39192,161.7854,167.23985,7.530747e-06,1.4683334e-06,0,12.6,10.118576,160.41666666666666,0,0,576,9.977083333333333,0.6192046070460705,1548.5847222222224,Healthy,No Action,Hydraulic group
21,2023-03-05,156.76239,160.97581,164.53215,1.6721394e-06,5.472323e-07,0,12.9,10.567883,159.41666666666666,0,0,576,3.5277777777777777,0.07065311653116531,660.6993055555555,Healthy,No Action,Hydraulic group
21,2023-03-06,156.92955,159.85863,162.72969,2.9392888e-06,1.165138e-06,0,12.8,11.188368,158.41666666666666,0,0,576,4.084722222222222,0.08178489159891597,903.5201388888888,Healthy,No Action,Hydraulic group
21,2023-03-07,156.92163,159.53064,162.33786,1.0579427e-05,2.5120114e-06,0,12.8,11.372744,157.41666666666666,0,0,576,3.5,0.04599491869918698,829.2638888888889,Healthy,No Action,Hydraulic group
21,2023-03-08,150.3424,155.77118,160.08327,1.0722206e-05,4.721766e-06,0,16.5,13.460243,156.41666666666666,0,0,576,6.428472222222222,0.33707079945799456,1256.8819444444443,Healthy,No Action,Hydraulic group
21,2023-03-09,146.86873,154.94107,162.95311,1.2959187e-05,2.8266752e-06,0,18.4,13.923264,155.41666666666666,0,0,576,9.125,0.6033523035230353,1572.8666666666666,Healthy,No Action,Hydraulic group
21,2023-03-10,146.3015,153.25575,156.92953,3.3946675e-05,6.9554176e-06,0,18.7,14.860243,154.41666666666666,0,0,576,4.401388888888889,0.09165074525745256,960.3701388888888,Healthy,No Action,Hydraulic group
21,2023-03-11,132.84843,146.85184,152.44958,1.3046983e-05,2.5816532e-06,0,26.2,18.413195,153.41666666666666,0,0,576,2.5006944444444446,0.011523712737127392,431.2756944444444,Healthy,No Action,Hydraulic group
21,2023-03-12,144.2524,148.38223,151.96712,4.153661e-05,1.1200595e-05,0,19.9,17.563368,152.41666666666666,0,0,576,5.856944444444444,0.2428631436314363,1207.4701388888889,Healthy,No Action,Hydraulic group
21,2023-03-13,141.50404,149.63313,155.11789,2.8342474e-06,1.0328259e-06,0,21.4,16.86962,151.41666666666666,0,0,576,6.820833333333334,0.3552486449864498,1376.9534722222222,Healthy,No Action,Hydraulic group
21,2023-03-14,149.05334,154.2477,158.15042,7.3890706e-06,2.2810966e-06,0,17.2,14.310244,150.41666666666666,0,0,576,8.427777777777777,0.372210027100271,1127.1881944444444,Healthy,No Action,Hydraulic group
21,2023-03-15,146.1747,153.78775,159.70729,2.379316e-05,5.765034e-06,0,18.8,14.563716,149.41666666666666,0,0,576,13.765277777777778,0.9319369918699186,1656.025,Healthy,No Action,Hydraulic group
21,2023-03-16,143.92657,149.91127,155.61668,2.2225275e-05,5.64069e-06,0,20.0,16.715973,148.41666666666666,0,0,576,12.684027777777779,0.8967222222222223,1649.4187499999998,Healthy,No Action,Hydraulic group
21,2023-03-17,142.51408,147.96024,156.31685,2.2257047e-05,1.0344861e-05,0,20.8,17.801563,147.41666666666666,0,0,576,10.225694444444445,0.6976571815718158,1575.4250000000002,Healthy,No Action,Hydraulic group
21,2023-03-18,138.91605,148.71768,155.34984,1.7767077e-05,5.17398e-06,0,22.8,17.3783,146.41666666666666,0,0,576,9.228472222222223,0.6403370596205962,1583.09375,Healthy,No Action,Hydraulic group
21,2023-03-19,138.67412,144.05815,152.09892,1.9387946e-05,5.118088e-06,0,23.0,19.969444,145.41666666666666,0,0,576,4.628472222222222,0.160085027100271,877.0944444444444,Healthy,No Action,Hydraulic group
21,2023-03-20,137.28506,143.36563,149.9428,1.6928847e-06,7.304325e-07,0,23.7,20.352257,144.41666666666666,0,0,576,3.570138888888889,0.077625,718.1347222222222,Healthy,No Action,Hydraulic group
21,2023-03-21,139.99681,143.19829,147.49565,2.5610036e-06,1.014996e-06,0,22.2,20.448265,143.41666666666666,0,0,576,6.147916666666666,0.25790853658536583,1316.3729166666667,Healthy,No Action,Hydraulic group
21,2023-03-22,137.97728,142.17336,146.21864,1.3718532e-06,6.5812566e-07,0,23.3,21.013716,142.41666666666666,0,0,576,5.988194444444444,0.23666361788617885,1294.9909722222224,Healthy,No Action,Hydraulic group
21,2023-03-23,139.70432,143.43863,149.89713,1.2297742e-06,5.2728745e-07,0,22.4,20.315624,141.41666666666666,0,0,576,5.620138888888889,0.24893462059620594,1101.2548611111113,Healthy,No Action,Hydraulic group
21,2023-03-24,137.92111,140.8363,143.29865,1.9454787e-06,1.0542002e-06,0,23.4,21.756945,140.41666666666666,0,0,576,3.0381944444444446,0.03454200542005423,488.5395833333333,Healthy,No Action,Hydraulic group
21,2023-03-25,138.53676,141.46573,144.30707,2.4061735e-06,9.792647e-07,0,23.0,21.408682,139.41666666666666,0,0,576,6.083333333333333,0.27534552845528454,1281.1590277777777,Healthy,No Action,Hydraulic group
21,2023-03-26,135.83241,141.24922,143.03545,2.6545938e-06,8.65141e-07,0,24.5,21.527718,138.41666666666666,0,0,552,6.417391304347826,0.2738741604807352,1375.7376811594202,Healthy,No Action,Hydraulic group
21,2023-03-27,134.86752,138.48268,141.22023,3.60628e-06,1.2925734e-06,0,25.1,23.065453,137.41666666666666,0,0,576,5.2756944444444445,0.17229911924119237,1166.1819444444445,Healthy,No Action,Hydraulic group
21,2023-03-28,133.7804,137.9444,141.41542,2.8108748e-06,1.4227008e-06,0,25.7,23.365105,136.41666666666666,0,0,576,2.5659722222222223,0.010012872628726313,464.2236111111111,Healthy,No Action,Hydraulic group
21,2023-03-29,129.67937,135.85559,141.5935,4.0307827e-06,1.4401265e-06,0,28.0,24.524305,135.41666666666666,0,0,576,8.513194444444444,0.505089430894309,1512.6493055555557,Healthy,No Action,Hydraulic group
21,2023-03-30,130.08398,135.24738,140.25473,3.868493e-05,5.113048e-06,0,27.7,24.86302,134.41666666666666,0,0,576,6.574305555555556,0.2967540650406504,1386.1590277777777,Healthy,No Action,Hydraulic group
21,2023-03-31,128.36392,134.24176,140.5942,7.5891744e-06,1.251096e-06,0,28.7,25.418404,133.41666666666666,0,0,576,3.976388888888889,0.07619275067750676,870.5583333333333,Healthy,No Action,Hydraulic group
21,2023-04-01,129.0534,132.76694,139.93878,1.0266147e-05,4.096297e-06,0,28.3,26.243402,132.41666666666666,0,0,576,4.635416666666667,0.09881978319783195,1104.1743055555555,Healthy,No Action,Hydraulic group
21,2023-04-02,128.13945,133.88898,141.12477,1.5210161e-05,4.298856e-06,0,28.8,25.61632,131.41666666666666,0,0,576,2.179861111111111,0.00589397018970193,275.3298611111111,Healthy,No Action,Hydraulic group
21,2023-04-03,126.364044,130.55951,136.43524,8.412059e-06,2.6504854e-06,0,29.8,27.467014,130.41666666666666,0,0,576,8.172222222222222,0.5441117886178861,1331.2097222222224,Healthy,No Action,Hydraulic group
21,2023-04-04,124.16197,130.78772,137.4338,8.039924e-06,1.7703793e-06,0,31.0,27.341146,129.41666666666666,0,0,576,8.190972222222221,0.49839227642276424,1521.8895833333333,Healthy,No Action,Hydraulic group
21,2023-04-05,125.45273,131.0412,134.7005,1.4019385e-05,4.024053e-06,0,30.3,27.197916,128.41666666666666,0,0,576,5.761111111111111,0.20508604336043357,1227.1340277777776,Healthy,No Action,Hydraulic group
21,2023-04-06,121.05931,128.76984,134.34483,5.193676e-05,6.658844e-06,0,32.7,28.459896,127.41666666666667,0,0,576,12.792361111111111,0.928606029810298,1653.8013888888888,Healthy,No Action,Hydraulic group
21,2023-04-07,121.7146,126.5485,134.85298,4.8663598e-05,7.784249e-06,0,32.4,29.696526,126.41666666666667,0,0,576,14.004861111111111,0.8238827913279133,1436.695138888889,Healthy,No Action,Hydraulic group
21,2023-04-08,121.21186,124.70761,130.2529,1.7732951e-05,7.1293343e-06,0,32.7,30.715624,125.41666666666667,0,0,576,12.31111111111111,0.9091866531165311,1649.3583333333333,Healthy,No Action,Hydraulic group
21,2023-04-09,122.26587,124.293594,127.837776,1.8566243e-05,8.238887e-06,0,32.1,30.945835,124.41666666666667,0,0,576,13.2625,0.9421165311653117,1657.165972222222,Healthy,No Action,Hydraulic group
21,2023-04-10,120.312416,123.724396,126.30953,8.270408e-05,2.2231374e-05,0,33.2,31.263193,123.41666666666667,0,0,576,13.634027777777778,0.9639095528455284,1658.3909722222222,Healthy,No Action,Hydraulic group
21,2023-04-11,118.32863,123.16481,130.7704,8.4725114e-05,2.1110063e-05,0,34.3,31.573784,122.41666666666667,0,0,576,8.026388888888889,0.4621609078590786,1493.836111111111,Healthy,No Action,Hydraulic group
21,2023-04-12,112.07431,120.46585,127.66572,0.000146035,1.0685957e-05,0,37.7,33.07639,121.41666666666667,0,0,576,4.381944444444445,0.09122323848238481,948.2215277777777,Healthy,No Action,Hydraulic group
21,2023-04-13,111.3501,117.36191,122.29576,3.0393896e-05,1.5021842e-05,0,38.1,34.797222,120.41666666666667,0,0,576,4.236111111111111,0.07823475609756098,900.4083333333333,Healthy,No Action,Hydraulic group
21,2023-04-14,114.28823,118.51974,121.08219,6.975879e-05,2.2266657e-05,0,36.5,34.15764,119.41666666666667,0,0,576,3.4090277777777778,0.032145663956639564,687.7479166666667,Healthy,No Action,Hydraulic group
21,2023-04-15,110.69942,118.40784,124.72587,2.125827e-05,8.9625555e-06,0,38.5,34.217537,118.41666666666667,0,0,576,3.2493055555555554,0.04894478319783199,578.5256944444444,Healthy,No Action,Hydraulic group
21,2023-04-16,111.17436,116.861725,122.29003,1.2769913e-05,5.5739088e-06,0,38.2,35.077084,117.41666666666667,0,0,576,5.697916666666667,0.30943462059620597,965.0493055555556,Healthy,No Action,Hydraulic group
21,2023-04-17,109.47515,117.85452,123.70112,4.22808e-06,1.4704584e-06,0,39.2,34.52743,116.41666666666667,0,0,576,5.301388888888889,0.19717547425474255,1092.5597222222223,Healthy,No Action,Hydraulic group
21,2023-04-18,111.49399,117.28027,122.99015,0.00014712744,2.809216e-05,0,38.1,34.845657,115.41666666666667,0,0,576,9.680555555555555,0.6397296747967479,1563.0229166666666,Healthy,No Action,Hydraulic group
21,2023-04-19,105.735916,112.47923,119.078674,0.0007321457,0.00010313239,0,41.3,37.511284,114.41666666666667,0,0,576,13.714583333333334,0.8227659214092141,1632.6555555555556,Healthy,No Action,Hydraulic group
21,2023-04-20,106.56787,111.91336,122.444305,3.3676923e-05,8.6121045e-06,0,40.8,37.82639,113.41666666666667,0,0,576,21.799305555555556,0.7228438346883469,1257.0819444444444,Healthy,No Action,Hydraulic group
21,2023-04-21,107.06749,112.24887,120.63732,0.00012809415,4.2045343e-05,0,40.5,37.638718,112.41666666666667,0,0,576,16.12777777777778,0.9039962737127372,1613.0777777777778,Healthy,No Action,Hydraulic group
21,2023-04-22,108.381355,113.104095,121.65605,4.7833033e-05,2.349315e-05,0,39.8,37.16719,111.41666666666667,0,0,576,14.441666666666666,0.9046673441734419,1626.586111111111,Healthy,No Action,Hydraulic group
21,2023-04-23,106.66659,113.15292,119.36124,6.937588e-05,1.781137e-05,0,40.7,37.136806,110.41666666666667,0,0,576,8.895833333333334,0.5841531165311653,1593.7687500000002,Healthy,No Action,Hydraulic group
21,2023-04-24,104.37617,108.77845,111.882996,2.3637944e-05,4.678124e-06,0,42.0,39.56823,109.41666666666667,0,0,576,6.143055555555556,0.23237262872628722,1308.6763888888888,Healthy,No Action,Hydraulic group
21,2023-04-25,105.128784,108.569336,113.240746,3.97517e-06,5.525736e-07,0,41.6,39.68368,108.41666666666667,0,0,576,4.690277777777777,0.10024728997289972,1064.6541666666667,Healthy,No Action,Hydraulic group
21,2023-04-26,106.082245,109.02939,112.68736,6.59418e-06,2.0724065e-06,0,41.1,39.427082,107.41666666666667,0,0,576,4.4319444444444445,0.08132892953929538,962.126388888889,Healthy,No Action,Hydraulic group
21,2023-04-27,104.47693,107.97959,111.504654,1.8542622e-05,6.0416364e-06,0,42.0,40.007923,106.41666666666667,0,0,568,3.221830985915493,0.00410099622122984,474.74718309859156,Healthy,No Action,Hydraulic group
21,2023-04-28,104.58312,108.24005,113.0307,1.4220978e-05,4.567573e-06,0,41.9,39.864582,105.41666666666667,0,0,576,9.932638888888889,0.7126365176151761,1586.06875,Healthy,No Action,Hydraulic group
21,2023-04-29,101.97217,111.21976,122.20429,1.1205618e-05,5.04469e-06,0,43.3,38.21146,104.41666666666667,0,0,576,5.263888888888889,0.17809586720867207,1150.9152777777776,Healthy,No Action,Hydraulic group
21,2023-04-30,102.04853,107.21436,112.281906,5.183297e-06,1.4609933e-06,0,43.3,40.435417,103.41666666666667,0,0,576,5.3694444444444445,0.19600169376693766,1124.4534722222222,Healthy,No Action,Hydraulic group
21,2023-05-01,100.6337,105.110374,109.04912,3.1541658e-06,1.1561151e-06,0,44.1,41.606075,102.41666666666667,0,0,576,3.4256944444444444,0.029457655826558255,779.0347222222222,Healthy,No Action,Hydraulic group
21,2023-05-02,95.283775,103.032616,108.52647,1.5458969e-05,3.2665714e-06,0,47.1,42.75972,101.41666666666667,0,0,576,11.13888888888889,0.768029810298103,1588.6277777777777,Healthy,No Action,Hydraulic group
21,2023-05-03,93.37219,99.794044,104.38792,1.2500373e-05,3.6356619e-06,0,48.1,44.557293,100.41666666666667,0,0,576,10.490972222222222,0.7996836043360434,1635.6493055555557,Healthy,No Action,Hydraulic group
21,2023-05-04,94.9729,98.8954,104.04808,1.6609853e-05,5.26649e-06,0,47.2,45.059895,99.41666666666667,0,0,576,7.660416666666666,0.45256266937669376,1405.986111111111,Healthy,No Action,Hydraulic group
21,2023-05-05,91.84096,98.06121,102.74538,1.7913871e-05,4.0629966e-06,0,49.0,45.521873,98.41666666666667,0,0,576,5.097222222222222,0.14593597560975607,1114.8423611111111,Healthy,No Action,Hydraulic group
21,2023-05-06,95.0166,98.5087,103.34,2.938619e-06,1.2520449e-06,0,47.2,45.272224,97.41666666666667,0,0,576,2.9569444444444444,0.021266598915989168,543.0111111111112,Healthy,No Action,Hydraulic group
21,2023-05-07,95.22933,99.24139,103.611786,4.4238154e-06,1.3709206e-06,0,47.1,44.86441,96.41666666666667,0,0,576,6.352777777777778,0.28171375338753385,1297.5472222222222,Healthy,No Action,Hydraulic group
21,2023-05-08,88.577095,93.99918,99.23746,1.6803034e-06,4.438683e-07,0,50.8,47.776737,95.41666666666667,0,0,576,7.002083333333333,0.31768936314363144,1448.4652777777778,Monitor,Schedule,Hydraulic group
21,2023-05-09,86.13696,91.25684,95.82309,1.945065e-06,3.9107465e-07,0,52.1,49.301388,94.41666666666667,0,0,576,4.413194444444445,0.0863309620596206,976.5805555555556,Monitor,Schedule,Hydraulic group
21,2023-05-10,85.452255,92.91666,100.10797,1.4870207e-06,5.4632665e-07,0,52.5,48.37882,93.41666666666667,0,0,576,6.906944444444445,0.3644383468834688,1334.1604166666666,Monitor,Schedule,Hydraulic group
21,2023-05-11,89.85622,94.8827,100.893814,4.629839e-06,1.2106517e-06,0,50.1,47.286457,92.41666666666667,0,0,576,7.362500000000001,0.38726863143631435,1468.978472222222,Monitor,Schedule,Hydraulic group
21,2023-05-12,90.55532,94.07776,98.8164,9.550281e-06,2.9931925e-06,0,49.7,47.735764,91.41666666666667,0,0,576,7.038888888888889,0.3534461382113821,1420.5680555555555,Healthy,No Action,Hydraulic group
21,2023-05-13,90.04357,93.82679,97.979805,3.4446468e-06,6.961575e-07,0,50.0,47.875,90.41666666666667,0,0,576,3.4972222222222222,0.050988482384823855,701.7125000000001,Healthy,No Action,Hydraulic group
21,2023-05-14,82.8983,91.75968,99.65422,2.850471e-06,9.835609e-07,0,53.9,49.02205,89.41666666666667,0,0,576,2.870833333333333,0.0550457317073171,463.95000000000005,Monitor,Schedule,Hydraulic group
21,2023-05-15,76.611435,87.24765,96.904785,3.5671655e-05,6.4428486e-06,0,57.4,51.529514,88.41666666666667,0,0,576,9.302083333333334,0.5818550135501356,1483.5944444444444,Monitor,Schedule,Hydraulic group
21,2023-05-16,73.22088,82.984985,89.62861,0.003325886,0.00030615344,0,59.3,53.896873,87.41666666666667,0,0,576,12.29513888888889,0.8897699864498646,1639.1069444444445,Monitor,Schedule,Hydraulic group
21,2023-05-17,78.469795,85.24518,91.56764,2.2887332e-05,3.7859895e-06,0,56.4,52.641666,86.41666666666667,0,0,576,10.395138888888889,0.7581256775067751,1595.8486111111113,Monitor,Schedule,Hydraulic group
21,2023-05-18,77.851685,84.34739,90.6501,0.00013057319,2.6125235e-05,0,56.7,53.137497,85.41666666666667,0,0,576,5.523611111111111,0.2035691056910569,1139.8152777777777,Monitor,Schedule,Hydraulic group
21,2023-05-19,81.146484,87.61195,96.29784,0.00013034938,1.0029636e-05,0,54.9,51.328472,84.41666666666667,0,0,576,3.8229166666666665,0.06072357723577235,849.1805555555555,Monitor,Schedule,Hydraulic group
21,2023-05-20,79.28397,87.789116,95.026245,2.5284548e-05,7.53699e-06,0,56.0,51.227432,83.41666666666667,0,0,576,13.861805555555556,0.8961297425474254,1644.853472222222,Monitor,Schedule,Hydraulic group
21,2023-05-21,79.91706,84.40525,90.150375,1.6410944e-05,3.6431286e-06,0,55.6,53.107117,82.41666666666667,0,0,576,15.011805555555554,0.8743855013550136,1641.4250000000002,Monitor,Schedule,Hydraulic group
21,2023-05-22,75.86979,82.05848,87.05883,0.00094324077,8.921352e-05,0,57.9,54.409027,81.41666666666667,0,0,576,4.205555555555556,0.09935670731707316,861.713888888889,Monitor,Schedule,Hydraulic group
21,2023-05-23,73.9131,81.73304,89.14963,0.00044233105,7.899688e-05,0,58.9,54.593227,80.41666666666667,0,0,576,11.877777777777778,0.6736758130081301,1558.1597222222222,Monitor,Schedule,Hydraulic group
21,2023-05-24,73.1982,81.667656,87.56894,0.0007596619,7.6243276e-05,0,59.3,54.62795,79.41666666666667,0,0,576,13.135416666666666,0.8918472222222221,1646.915972222222,Monitor,Schedule,Hydraulic group
21,2023-05-25,75.77066,82.031746,89.603615,0.00012670332,1.9733294e-05,0,57.9,54.42788,78.41666666666667,0,0,495,6.772323232323233,0.3525825080068982,1294.7278787878788,Monitor,Schedule,Hydraulic group
21,2023-05-26,72.23392,78.1645,84.81568,9.5862524e-05,1.741687e-05,0,59.9,56.573845,77.41666666666667,0,0,432,3.1090277777777775,0.01916802168021682,563.6847222222221,Monitor,Schedule,Hydraulic group
21,2023-05-27,70.954254,78.249115,84.58219,1.460689e-05,2.9651917e-06,0,60.6,56.52639,76.41666666666667,0,0,432,4.315277777777778,0.14341565040650409,732.5930555555556,Monitor,Schedule,Hydraulic group
21,2023-05-28,65.26675,75.21005,84.11566,4.3782265e-06,1.7949751e-06,0,63.7,58.21852,75.41666666666667,0,0,432,4.654861111111111,0.10514871273712735,1021.9631944444444,Monitor,Schedule,Hydraulic group
21,2023-05-29,66.65344,72.328,78.53219,3.8914154e-06,1.8494379e-06,0,63.0,59.818287,74.41666666666667,0,0,432,3.8673611111111112,0.06348678861788618,808.6638888888889,Monitor,Schedule,Hydraulic group
21,2023-05-30,70.76584,78.853905,85.863625,6.0941516e-06,1.9189417e-06,0,60.7,56.1919,73.41666666666667,0,0,432,3.5638888888888887,0.05069139566395665,678.3381944444444,Monitor,Schedule,Hydraulic group
21,2023-05-31,63.892273,74.499664,82.91242,4.4013188e-05,6.521048e-06,0,64.5,58.6125,72.41666666666667,0,0,432,9.01736111111111,0.595645325203252,1500.7083333333333,Monitor,Schedule,Hydraulic group
21,2023-06-01,57.62314,69.67048,78.34655,0.0016753305,0.0004471063,0,68.0,61.296066,71.41666666666667,0,0,432,9.827083333333334,0.729890243902439,1621.49375,Monitor,Schedule,Hydraulic group
21,2023-06-02,61.17743,69.12663,78.07616,0.0030127615,0.00045374225,0,66.0,61.593052,70.41666666666667,0,0,432,8.029861111111112,0.5049339430894308,1450.0354166666668,Monitor,Schedule,Hydraulic group
21,2023-06-03,57.04677,61.529835,68.962036,0.0011277852,0.00025256295,0,68.3,65.81551,69.41666666666667,0,0,432,3.4125,0.04249220867208673,654.2895833333333,Monitor,Schedule,Hydraulic group
21,2023-06-04,54.15871,62.029964,66.88801,9.737255e-05,2.5916808e-05,0,69.9,65.53842,68.41666666666667,0,0,432,3.931944444444444,0.1028201219512195,778.9590277777778,Monitor,Schedule,Hydraulic group
21,2023-06-05,53.2272,64.56229,70.30129,1.1422715e-05,3.8270286e-06,0,70.4,64.1294,67.41666666666667,0,0,432,3.80625,0.06789430894308943,790.11875,Monitor,Schedule,Hydraulic group
21,2023-06-06,61.90541,67.7325,74.25232,9.7283755e-06,2.3050495e-06,0,65.6,62.368286,66.41666666666667,0,0,432,3.9145833333333333,0.07650169376693768,780.88125,Monitor,Schedule,Hydraulic group
21,2023-06-07,48.79133,64.4437,71.58597,0.0008217632,8.003194e-05,0,72.9,64.1963,65.41666666666667,0,0,432,7.54375,0.4578099593495935,1003.5013888888889,Monitor,Schedule,Hydraulic group
21,2023-06-08,57.951244,66.174965,75.60805,0.0019873665,0.0004958867,0,67.8,63.234955,64.41666666666667,0,0,432,11.31388888888889,0.833239837398374,1631.7159722222223,Monitor,Schedule,Hydraulic group
21,2023-06-09,59.520035,64.87116,74.00059,0.0029203421,0.00071238365,0,66.9,63.95972,63.416666666666664,0,0,432,3.7173611111111113,0.07000609756097563,712.3034722222221,Monitor,Schedule,Hydraulic group
21,2023-06-10,56.026047,62.15958,67.93398,0.001501055,0.00035973053,0,68.9,65.46852,62.416666666666664,0,0,432,7.83611111111111,0.4918614498644986,1356.6534722222223,Monitor,Schedule,Hydraulic group
21,2023-06-11,52.770397,61.593628,70.02823,0.001691779,0.00038896143,0,70.7,65.78102,61.416666666666664,0,0,432,11.919444444444444,0.8883875338753389,1638.6840277777778,Monitor,Schedule,Hydraulic group
21,2023-06-12,53.766785,61.36978,69.27311,0.00053867087,4.6395882e-05,0,70.1,65.90926,60.416666666666664,0,0,432,9.866666666666665,0.5688482384823849,1373.098611111111,Monitor,Schedule,Hydraulic group
21,2023-06-13,55.57839,60.773685,69.03013,5.836906e-06,1.5147896e-06,0,69.1,66.24028,59.416666666666664,0,0,432,7.252777777777777,0.38505962059620596,1321.2694444444444,Monitor,Schedule,Hydraulic group
21,2023-06-14,54.044197,59.011135,66.22928,1.8376792e-05,2.8319278e-06,0,70.0,67.218056,58.416666666666664,0,0,432,3.0493055555555553,0.03600271002710028,556.0812500000001,Monitor,Schedule,Hydraulic group
21,2023-06-15,48.025326,57.989407,68.2369,1.3183187e-05,4.444004e-06,0,73.3,67.78495,57.416666666666664,0,0,432,2.957638888888889,0.022558604336043384,443.08125,Monitor,Schedule,Hydraulic group
21,2023-06-16,47.02203,59.553135,71.95086,1.0947671e-05,2.8364025e-06,0,73.9,66.91435,56.416666666666664,0,0,432,9.708333333333334,0.38090616531165317,1067.5090277777779,Monitor,Schedule,Hydraulic group
21,2023-06-17,51.84333,60.078053,72.74699,4.8295186e-07,8.5648615e-08,0,71.2,66.62523,55.416666666666664,0,0,432,10.706944444444444,0.5038655149051491,1161.0041666666666,Monitor,Schedule,Hydraulic group
21,2023-06-18,44.303055,54.518345,63.3942,3.1882843e-07,9.0184614e-08,0,75.4,69.71412,54.416666666666664,0,0,432,10.154166666666667,0.7273878726287263,1616.4125,Monitor,Schedule,Hydraulic group
21,2023-06-19,45.23688,53.830257,60.816013,2.4519934e-06,2.282735e-07,0,74.9,70.095604,53.416666666666664,0,0,432,11.091666666666667,0.519945460704607,1335.1631944444443,Monitor,Schedule,Hydraulic group
21,2023-06-20,44.843533,51.72046,60.033726,8.366539e-07,2.0933554e-07,0,75.1,71.26482,52.416666666666664,0,0,432,10.819444444444445,0.5501568428184282,1325.8784722222222,Monitor,Schedule,Hydraulic group
21,2023-06-21,51.369408,55.95883,62.922523,3.3699355e-06,9.779168e-07,0,71.5,68.90972,51.416666666666664,0,0,432,4.866666666666667,0.14074525745257452,1016.5388888888889,Monitor,Schedule,Hydraulic group
21,2023-06-22,41.546444,49.557068,57.923603,1.5431762e-05,1.7599932e-06,0,76.9,72.468765,50.416666666666664,0,0,381,3.074015748031496,0.030117918187055896,593.4968503937008,Monitor,Schedule,Hydraulic group
21,2023-06-23,44.637585,52.357056,62.324116,1.2973778e-05,4.047751e-06,0,75.2,70.9125,49.416666666666664,0,0,432,3.161805555555556,0.03707079945799459,588.8048611111111,Monitor,Schedule,Hydraulic group
21,2023-06-24,41.733097,47.96094,53.457077,1.9876292e-05,4.371558e-06,0,76.8,73.35371,48.416666666666664,0,0,432,4.416666666666667,0.10285738482384822,922.6097222222223,Monitor,Schedule,Hydraulic group
21,2023-06-25,42.956215,50.389698,58.15903,3.230862e-05,4.2858755e-06,0,76.1,72.0037,47.416666666666664,0,0,432,4.575,0.11082215447154471,938.6381944444445,Monitor,Schedule,Hydraulic group
21,2023-06-26,40.49848,47.954075,54.446793,1.5533138e-05,2.7600402e-06,0,77.5,73.35949,46.416666666666664,0,0,432,3.5659722222222223,0.04414227642276423,746.4708333333334,Monitor,Schedule,Hydraulic group
21,2023-06-27,36.305412,43.31569,50.942905,0.000282249,5.7193352e-05,0,79.8,75.933334,45.416666666666664,0,0,432,5.9423611111111105,0.22533807588075877,1268.5965277777777,Monitor,Schedule,Hydraulic group
21,2023-06-28,32.769047,42.22625,52.077667,1.7946906e-05,4.012706e-06,0,81.8,76.541664,44.416666666666664,0,0,432,6.043055555555555,0.26607012195121954,1152.1784722222221,Monitor,Schedule,Hydraulic group
21,2023-06-29,34.161358,43.906857,52.569065,4.1754083e-05,5.8399723e-06,0,81.0,75.60834,43.416666666666664,0,0,432,7.6298611111111105,0.4059468157181572,1470.1236111111111,Monitor,Schedule,Hydraulic group
21,2023-06-30,40.945667,48.035233,56.34912,5.4662207e-05,1.2248893e-05,0,77.3,73.31389,42.416666666666664,0,0,432,6.698611111111112,0.3023614498644986,1389.4958333333332,Monitor,Schedule,Hydraulic group
21,2023-07-01,34.346485,42.365204,51.555428,7.726589e-05,1.3863036e-05,0,80.9,76.46597,41.416666666666664,0,0,432,4.4534722222222225,0.135204945799458,882.4416666666666,Monitor,Schedule,Hydraulic group
21,2023-07-02,32.614506,40.91823,47.40288,0.0024605715,0.0003554506,0,81.9,77.26828,40.416666666666664,0,0,432,12.670833333333334,0.8518130081300813,1623.036111111111,Monitor,Schedule,Hydraulic group
21,2023-07-03,34.03345,40.23929,52.34074,0.0007278114,9.528581e-05,0,81.1,77.64422,39.416666666666664,0,0,432,13.178472222222224,0.8352320460704606,1630.521527777778,Monitor,Schedule,Hydraulic group
21,2023-07-04,30.142097,38.152054,44.55411,9.546597e-05,1.1099196e-05,0,83.3,78.80162,38.416666666666664,0,0,432,10.866666666666665,0.8161524390243903,1636.9791666666667,Monitor,Schedule,Hydraulic group
21,2023-07-05,31.701918,37.58374,41.841507,1.8578181e-05,5.2013183e-06,0,82.4,79.12037,37.416666666666664,0,0,216,5.436111111111111,0.1795941734417344,1102.588888888889,Monitor,Schedule,Hydraulic group
21,2023-07-06,29.93158,36.144176,46.446873,4.682379e-05,1.7602502e-05,0,83.4,79.91972,36.416666666666664,0,0,213,3.5971830985915494,0.03284163517691514,770.6070422535211,Warning,Plan Soon,Hydraulic group
21,2023-07-07,25.621183,34.309177,43.12125,0.00018685362,2.2985469e-05,0,85.8,80.941895,35.416666666666664,0,0,432,3.95,0.094489837398374,760.5118055555555,Warning,Plan Soon,Hydraulic group
21,2023-07-08,27.593063,35.120724,41.169777,3.0089148e-05,1.3460002e-05,0,84.7,80.48843,34.416666666666664,0,0,432,4.485416666666667,0.07515616531165309,1092.84375,Warning,Plan Soon,Hydraulic group
21,2023-07-09,18.418121,28.01489,32.988567,5.4697295e-05,1.6242479e-05,0,89.8,84.43774,33.416666666666664,0,0,432,3.8104166666666663,0.03509180216802167,855.5902777777778,Warning,Plan Soon,Hydraulic group
21,2023-07-10,22.604837,29.686869,36.43864,6.157909e-05,2.4911993e-05,0,87.4,83.50764,32.416666666666664,0,0,432,3.3763888888888887,0.05371849593495936,629.93125,Warning,Plan Soon,Hydraulic group
21,2023-07-11,21.73999,28.69978,34.361813,0.00010899966,4.983629e-05,0,87.9,84.05625,31.416666666666668,0,0,432,3.954861111111111,0.08887669376693766,744.4006944444444,Warning,Plan Soon,Hydraulic group
21,2023-07-12,21.746586,30.968472,41.61091,1.742013e-05,2.3281684e-06,0,87.9,82.79352,30.416666666666668,0,0,432,5.61875,0.18571375338753385,1197.7826388888889,Warning,Plan Soon,Hydraulic group
21,2023-07-13,19.075697,29.499783,34.997753,1.071827e-05,3.2538617e-06,0,89.4,83.61319,29.416666666666668,0,0,432,4.090972222222222,0.06989634146341463,890.0715277777779,Warning,Plan Soon,Hydraulic group
21,2023-07-14,22.617151,29.896578,40.701546,8.641844e-05,1.9212779e-05,0,87.4,83.39166,28.416666666666668,0,0,432,3.4958333333333336,0.03185264227642276,749.6854166666666,Warning,Plan Soon,Hydraulic group
21,2023-07-15,16.71628,26.173096,33.828384,0.0004912789,8.877581e-05,0,90.7,85.45648,27.416666666666668,0,0,432,6.4527777777777775,0.251105352303523,1380.2625,Warning,Plan Soon,Hydraulic group
21,2023-07-16,12.262875,23.968565,31.937744,1.32922605e-05,1.8437966e-06,0,93.2,86.683105,26.416666666666668,0,0,432,10.931944444444445,0.6394915311653117,1363.7680555555557,Warning,Urgent,Hydraulic group
21,2023-07-17,20.40822,27.239412,34.102898,1.5917436e-05,2.3315529e-06,0,88.7,84.86806,25.416666666666668,0,0,432,13.031944444444445,0.9137110433604336,1639.8381944444443,Warning,Plan Soon,Hydraulic group
21,2023-07-18,22.344091,27.36346,35.97772,1.3363475e-05,3.92792e-06,0,87.6,84.79815,24.416666666666668,0,0,432,8.028472222222222,0.44053082655826553,1378.4958333333332,Warning,Plan Soon,Hydraulic group
21,2023-07-19,20.955925,26.502758,32.23912,1.1942162e-05,2.2086076e-06,0,88.4,85.27824,23.416666666666668,0,0,432,4.5465277777777775,0.0014400406504065427,209.39583333333334,Warning,Plan Soon,Hydraulic group
21,2023-07-20,15.30315,21.673088,29.396101,1.5690643e-05,4.8979937e-06,0,91.5,87.95694,22.416666666666668,0,0,432,4.615277777777778,0.04652472899729,487.7791666666667,Warning,Plan Soon,Hydraulic group
21,2023-07-21,20.027885,23.935036,29.30913,9.512975e-06,4.107734e-06,0,88.9,86.70301,21.416666666666668,0,0,432,4.715277777777778,0.09306165311653114,1039.2805555555556,Warning,Plan Soon,Hydraulic group
21,2023-07-22,13.157575,19.943226,25.801363,9.097897e-06,3.460969e-06,0,92.7,88.92199,20.416666666666668,0,0,432,4.169444444444444,0.07216531165311653,838.4041666666666,Warning,Urgent,Hydraulic group
21,2023-07-23,7.0454383,17.2304,23.15746,0.00012049317,2.1637596e-05,0,96.1,90.43009,19.416666666666668,0,0,432,3.5270833333333336,0.06677743902439025,632.2,Warning,Urgent,Hydraulic group
21,2023-07-24,7.4957523,17.83954,26.97966,0.0001165699,2.9457897e-05,0,95.8,90.08866,18.416666666666668,0,0,432,3.4298611111111112,0.07314058265582657,559.0576388888888,Warning,Urgent,Hydraulic group
21,2023-07-25,9.856554,18.144321,28.300953,0.00019817286,6.3259664e-05,0,94.5,89.91944,17.416666666666668,0,0,432,3.232638888888889,0.01978929539295394,599.7680555555555,Warning,Urgent,Hydraulic group
21,2023-07-26,10.203125,15.491586,23.705826,0.0003574053,0.00013273071,0,94.3,91.39259,16.416666666666668,0,0,432,3.18125,0.019598238482384844,596.3930555555555,Warning,Urgent,Hydraulic group
21,2023-07-27,8.402628,16.136362,24.31166,0.00067801116,0.00017106593,0,95.3,91.03634,15.416666666666666,0,0,432,3.772222222222222,0.04310365853658537,772.7576388888889,Warning,Urgent,Hydraulic group
21,2023-07-28,9.388038,16.442226,25.342628,0.00041564408,0.00016014675,0,94.8,90.864815,14.416666666666666,0,0,432,2.9965277777777777,0.03069410569105692,567.3791666666666,Warning,Urgent,Hydraulic group
21,2023-07-29,7.331626,15.833478,22.294954,0.00068293134,0.00018493972,0,95.9,91.203705,13.416666666666666,0,0,432,2.9215277777777775,0.01570494579945801,567.0500000000001,Warning,Urgent,Hydraulic group
21,2023-07-30,6.601713,13.396307,18.574007,0.00045041068,0.0001400971,0,96.3,92.55671,12.416666666666666,0,0,432,3.0805555555555553,0.018922425474254757,597.0777777777778,Critical,Urgent,Hydraulic group
21,2023-07-31,10.246603,14.964265,18.511086,0.00064311654,0.00012457692,0,94.3,91.684265,11.416666666666666,0,0,432,4.248611111111111,0.06942140921409212,957.6194444444444,Warning,Urgent,Hydraulic group
21,2023-08-01,1.4268985,10.3798,19.40604,0.0002654152,0.00011208368,0,99.2,94.23449,10.416666666666666,0,0,432,3.4305555555555554,0.031830962059620604,637.5895833333334,Critical,Urgent,Hydraulic group
21,2023-08-02,1.9137753,11.9401045,18.157728,0.00013433967,4.3245753e-05,0,98.9,93.3669,9.416666666666666,0,0,432,3.479861111111111,0.0743499322493225,574.2243055555556,Critical,Urgent,Hydraulic group
21,2023-08-03,2.228201,9.400896,19.645645,0.00017621726,5.473842e-05,0,98.8,94.77778,8.416666666666666,0,0,432,2.8736111111111113,0.03082926829268294,500.775,Critical,Urgent,Hydraulic group
21,2023-08-04,0.0,8.379121,14.165763,0.00045667446,7.128691e-05,0,100.0,95.341896,7.416666666666667,0,0,432,2.525,0.009318428184281866,451.33402777777775,Critical,Urgent,Hydraulic group
21,2023-08-05,0.0,8.365385,27.497766,0.99998426,0.63190055,272,100.0,95.351616,6.416666666666667,270,0,432,2.818055555555556,0.015238821138211407,446.52222222222224,Critical,Immediate,Hydraulic group
21,2023-08-06,0.0,3.6525161,12.622911,0.9999896,0.99996513,432,100.0,97.97176,5.416666666666667,432,0,432,2.7152777777777777,0.019060298102981058,432.02708333333334,Critical,Immediate,Hydraulic group
21,2023-08-07,0.0,5.807282,20.72662,0.9999863,0.9999504,432,100.0,96.773384,4.416666666666667,432,0,432,4.501388888888889,0.0907970867208672,953.7659722222223,Critical,Immediate,Hydraulic group
21,2023-08-08,0.0,5.9865427,29.093481,0.99998283,0.999909,432,100.0,96.675,3.4166666666666665,432,0,432,4.729166666666667,0.12609857723577236,1043.7819444444444,Critical,Immediate,Hydraulic group
21,2023-08-09,0.0,7.9155827,34.965946,0.9999566,0.9998212,432,100.0,95.601616,2.4166666666666665,432,0,432,3.9138888888888888,0.07117378048780489,772.629861111111,Critical,Immediate,Hydraulic group
21,2023-08-10,0.0,18.013914,45.587276,0.9999448,0.99978054,432,100.0,89.992134,1.4166666666666667,432,0,432,6.545833333333333,0.3641510840108402,1042.0347222222222,Critical,Immediate,Hydraulic group
21,2023-08-11,0.0,7.644032,34.840107,0.99994457,0.99980056,432,100.0,95.75509,0.4166666666666667,432,0,432,12.509027777777776,0.8837723577235772,1639.142361111111,Critical,Immediate,Hydraulic group
21,2023-08-12,0.0,81.089325,172.65025,0.99996936,0.3847857,162,100.0,54.94977,0.041666666666666664,162,255,432,13.233333333333334,0.8955914634146341,1640.0604166666667,Critical,Immediate,Hydraulic group
21,2023-08-13,147.47197,169.47354,179.06186,0.0004129703,0.00011238113,0,18.1,5.8469906,53.041666666666664,0,432,432,13.422916666666666,0.9509668021680218,1651.7902777777779,Healthy,No Action,Gearbox bearings damaged
21,2023-08-14,152.27759,169.58177,179.65356,0.00025368188,8.6124564e-05,0,15.4,5.788657,52.041666666666664,0,432,432,11.529166666666667,0.8663905826558266,1641.2173611111111,Healthy,No Action,Gearbox bearings damaged
21,2023-08-15,110.36365,140.46765,178.62088,0.00012948555,3.9235427e-05,0,38.7,21.962036,51.041666666666664,0,432,432,5.6409722222222225,0.18506605691056907,1216.5965277777777,Healthy,No Action,Gearbox bearings damaged
21,2023-08-16,68.731285,99.77668,123.30969,0.00020088155,2.969112e-05,0,61.8,44.568287,50.041666666666664,0,432,432,2.9444444444444446,0.037215108401084024,514.6750000000001,Monitor,Schedule,Gearbox bearings damaged
21,2023-08-17,42.460632,70.15702,98.44216,0.00051290775,0.00011644601,0,76.4,61.025238,49.041666666666664,0,420,420,5.548571428571429,0.20447108013937282,1127.4378571428572,Monitor,Schedule,Gearbox bearings damaged
21,2023-08-18,55.685078,70.58295,90.95265,4.6328554e-05,1.28209895e-05,0,69.1,60.786575,48.041666666666664,0,432,432,6.535416666666667,0.29345494579945797,1301.6305555555557,Monitor,Schedule,Gearbox bearings damaged
21,2023-08-19,38.74282,59.69347,79.78751,0.005755363,0.00050093856,0,78.5,66.83613,47.041666666666664,0,180,429,5.2027972027972025,0.23050179089203482,842.6419580419581,Monitor,Schedule,Gearbox bearings damaged
21,2023-08-20,32.384304,49.933796,77.745476,0.0038144796,0.00082013535,0,82.0,72.260925,46.041666666666664,0,0,348,10.61264367816092,0.7439663582842725,1613.0393678160917,Monitor,Schedule,Gearbox bearings damaged
21,2023-08-21,24.812847,50.26939,73.0622,0.0015726883,0.00021008385,0,86.2,72.075,45.041666666666664,0,0,288,9.938194444444443,0.6985287940379403,1623.5534722222224,Warning,Plan Soon,Gearbox bearings damaged
21,2023-08-22,33.99555,49.335594,79.356606,0.00409299,0.001072391,0,81.1,72.59097,44.041666666666664,0,0,288,8.947222222222223,0.5728939701897019,1580.2506944444444,Monitor,Schedule,Gearbox bearings damaged
21,2023-08-23,36.90417,45.40999,65.079926,0.0015724218,0.00042042535,0,79.5,74.77152,43.041666666666664,0,0,288,5.879861111111111,0.18708638211382111,1238.3666666666666,Monitor,Schedule,Gearbox bearings damaged
21,2023-08-24,32.667892,49.621574,73.43507,0.0027752342,0.00063735695,0,81.9,72.431946,42.041666666666664,0,0,288,4.047222222222222,0.04943597560975608,965.8381944444445,Monitor,Schedule,Gearbox bearings damaged
21,2023-08-25,33.661514,47.97203,71.18821,0.0013840788,0.00040438026,0,81.3,73.350006,41.041666666666664,0,0,288,4.934722222222223,0.12482350948509484,1096.8229166666667,Monitor,Schedule,Gearbox bearings damaged
21,2023-08-26,20.548223,35.10763,46.60083,0.0059728767,0.00205624,0,88.6,80.49479,40.041666666666664,0,0,288,6.6819444444444445,0.2881517615176151,1339.7770833333334,Warning,Plan Soon,Gearbox bearings damaged
21,2023-08-27,29.416754,42.993362,58.43885,0.0017143453,0.0007121336,0,83.7,76.11701,39.041666666666664,0,0,288,6.345833333333333,0.2622442411924119,1334.1,Warning,Plan Soon,Gearbox bearings damaged
21,2023-08-28,24.093143,38.879436,53.95853,0.0065173907,0.0015484596,0,86.6,78.39895,38.041666666666664,0,0,284,3.7718309859154933,0.0521391274476125,660.243661971831,Warning,Plan Soon,Gearbox bearings damaged
21,2023-08-29,32.176113,45.814,72.215965,0.0043817936,0.0014736784,0,82.1,74.5461,37.041666666666664,0,0,282,3.6475177304964537,0.05058259816640721,552.3553191489362,Monitor,Schedule,Gearbox bearings damaged
21,2023-08-30,30.122332,47.430614,72.64773,0.0030240703,0.00047982458,0,83.3,73.65035,36.041666666666664,0,0,288,2.459027777777778,0.01810806233062333,372.08402777777775,Monitor,Schedule,Gearbox bearings damaged
21,2023-08-31,25.123657,49.303802,74.83041,0.0005585167,0.00019021425,0,86.0,72.609375,35.041666666666664,0,0,288,3.9756944444444446,0.06516531165311652,781.6909722222222,Warning,Plan Soon,Gearbox bearings damaged
21,2023-09-01,26.796122,48.321793,79.46697,0.0011470923,0.00010974182,0,85.1,73.15248,34.041666666666664,0,0,282,8.474468085106384,0.4021024044282996,1195.7106382978725,Warning,Plan Soon,Gearbox bearings damaged
21,2023-09-02,23.420433,38.874596,61.274208,0.006756301,0.00045775456,0,87.0,78.402084,33.041666666666664,0,0,288,10.352083333333333,0.7249119241192412,1610.9270833333333,Warning,Plan Soon,Gearbox bearings damaged
21,2023-09-03,22.965153,40.2509,66.70364,0.0047409097,0.0013001771,0,87.2,77.638885,32.041666666666664,0,0,288,6.433333333333334,0.2909129403794038,1307.7972222222222,Warning,Plan Soon,Gearbox bearings damaged
21,2023-09-04,23.947363,38.561836,65.73405,0.00029371792,0.00010268482,0,86.7,78.575,31.041666666666668,0,0,288,3.761111111111111,0.06588075880758808,760.6270833333333,Warning,Plan Soon,Gearbox bearings damaged
21,2023-09-05,22.73729,37.418266,59.024597,0.00027929293,7.73782e-05,0,87.4,79.21146,30.041666666666668,0,0,288,4.564583333333333,0.12343766937669377,958.5194444444444,Warning,Plan Soon,Gearbox bearings damaged
21,2023-09-06,7.3179336,32.019917,49.880547,8.530126e-05,1.9117155e-05,0,95.9,82.21285,29.041666666666668,0,0,288,6.859722222222222,0.30814058265582656,1410.74375,Warning,Urgent,Gearbox bearings damaged
21,2023-09-07,8.822925,24.36098,44.537556,1.3271956e-05,3.852709e-06,0,95.1,86.467705,28.041666666666668,0,0,288,5.949999999999999,0.19762703252032518,1284.3541666666667,Warning,Urgent,Gearbox bearings damaged
21,2023-09-08,11.548759,27.248798,39.74193,1.2954072e-05,4.242138e-06,0,93.6,84.86215,27.041666666666668,0,0,288,4.520138888888889,0.08192344173441732,1046.4340277777778,Warning,Urgent,Gearbox bearings damaged
21,2023-09-09,14.300656,27.436932,43.4749,1.2040899e-05,4.879031e-06,0,92.1,84.75799,26.041666666666668,0,0,288,5.334722222222222,0.24874661246612467,955.5263888888888,Warning,Plan Soon,Gearbox bearings damaged
21,2023-09-10,21.269033,37.83708,60.158356,1.3640253e-05,3.0194105e-06,0,88.2,78.97708,25.041666666666668,0,0,288,5.423611111111111,0.17888245257452573,1114.2020833333333,Warning,Plan Soon,Gearbox bearings damaged
21,2023-09-11,9.36352,28.34154,51.37599,1.4897026e-05,2.2227073e-06,0,94.8,84.253815,24.041666666666668,0,0,288,3.0493055555555557,0.02233943089430895,550.8187499999999,Warning,Urgent,Gearbox bearings damaged
21,2023-09-12,12.99945,31.67728,52.49798,7.885599e-06,1.4892655e-06,0,92.8,82.40035,23.041666666666668,0,0,288,3.5618055555555554,0.06987466124661249,662.2868055555556,Warning,Urgent,Gearbox bearings damaged
21,2023-09-13,7.8838787,22.372738,43.974667,0.0018397649,0.0002868581,0,95.6,87.571526,22.041666666666668,0,0,288,10.189583333333333,0.7173065718157181,1580.2173611111111,Warning,Urgent,Gearbox bearings damaged
21,2023-09-14,4.231841,26.272491,48.23306,1.1518167e-05,2.9292598e-06,0,97.6,85.402435,21.041666666666668,0,0,288,3.6027777777777774,0.05550271002710027,730.8368055555555,Critical,Urgent,Gearbox bearings damaged
21,2023-09-15,8.879492,26.760569,50.903694,1.4114189e-05,4.3233977e-06,0,95.1,85.13194,20.041666666666668,0,0,288,4.4430555555555555,0.12903353658536584,916.7722222222224,Warning,Urgent,Gearbox bearings damaged
21,2023-09-16,10.215815,25.773521,46.733677,7.125657e-05,1.3673202e-05,0,94.3,85.681244,19.041666666666668,0,0,288,4.0,0.07118766937669375,832.9319444444444,Warning,Urgent,Gearbox bearings damaged
21,2023-09-17,16.511276,40.725132,64.37967,1.3497887e-06,2.9607386e-07,0,90.8,77.375,18.041666666666668,0,0,288,3.3069444444444445,0.026142276422764232,643.3944444444445,Warning,Plan Soon,Gearbox bearings damaged
21,2023-09-18,8.435387,25.623482,47.29833,6.4436733e-07,2.4442502e-07,0,95.3,85.76597,17.041666666666668,0,0,288,3.7902777777777774,0.10484112466124662,686.9861111111111,Warning,Urgent,Gearbox bearings damaged
21,2023-09-19,5.5092025,22.971092,49.539616,4.352605e-07,2.2516734e-07,0,96.9,87.23854,16.041666666666668,0,0,288,2.6631944444444446,0.029044715447154486,469.2076388888888,Critical,Urgent,Gearbox bearings damaged
21,2023-09-20,0.0,28.466532,64.06339,6.9784295e-07,3.2301884e-07,0,100.0,84.188194,15.041666666666666,0,0,288,4.717361111111111,0.13012974254742546,959.0048611111112,Critical,Urgent,Gearbox bearings damaged
21,2023-09-21,0.0,16.583689,33.481113,4.455692e-07,1.5087284e-07,0,100.0,90.78403,14.041666666666666,0,0,288,4.676388888888889,0.08730284552845526,1103.507638888889,Critical,Urgent,Gearbox bearings damaged
21,2023-09-22,2.9182723,28.271088,56.495132,5.214006e-06,1.470957e-06,0,98.4,84.295135,13.041666666666666,0,0,288,5.459027777777778,0.2192232384823848,1059.1430555555555,Critical,Urgent,Gearbox bearings damaged
21,2023-09-23,6.0150824,27.029793,53.701355,3.007747e-05,1.2410458e-05,0,96.7,84.98333,12.041666666666666,0,0,288,8.3875,0.5055558943089431,1565.798611111111,Critical,Urgent,Gearbox bearings damaged
21,2023-09-24,0.0,17.051765,33.062084,3.8903127e-05,1.2531641e-05,0,100.0,90.527435,11.041666666666666,0,0,288,6.050000000000001,0.2161812330623306,1293.9499999999998,Critical,Urgent,Gearbox bearings damaged
21,2023-09-25,0.8694909,19.087751,40.232925,6.1124165e-06,1.2525835e-06,0,99.5,89.395485,10.041666666666666,0,0,288,3.529166666666667,0.05577201897018971,639.1180555555555,Critical,Urgent,Gearbox bearings damaged
21,2023-09-26,0.0,15.829662,42.195457,1.5862164e-06,5.589786e-07,0,100.0,91.20382,9.041666666666666,0,0,288,2.5,0.012293021680216827,378.1479166666667,Critical,Urgent,Gearbox bearings damaged
21,2023-09-27,0.0,14.545629,34.69273,4.4961766e-05,8.599583e-06,0,100.0,91.9184,8.041666666666666,0,0,288,7.4743055555555555,0.4556493902439025,1250.4791666666667,Critical,Urgent,Gearbox bearings damaged
21,2023-09-28,0.0,13.653237,44.170246,0.038891267,0.0031958327,0,100.0,92.41354,7.041666666666667,0,0,288,8.818055555555555,0.5681839430894309,1575.134722222222,Critical,Urgent,Gearbox bearings damaged
21,2023-09-29,0.0,13.159111,43.745216,0.99992394,0.97564656,280,100.0,92.69097,6.041666666666667,280,0,288,9.213888888888889,0.6278672086720867,1606.475,Critical,Immediate,Gearbox bearings damaged
21,2023-09-30,0.0,26.855223,68.66365,0.99994683,0.9997527,288,100.0,85.0816,5.041666666666667,288,0,288,5.001388888888889,0.14542953929539293,1047.7506944444444,Critical,Immediate,Gearbox bearings damaged
21,2023-10-01,0.0,15.269943,43.79459,0.9999757,0.99989486,288,100.0,91.51701,4.041666666666667,288,0,288,5.866666666666666,0.24020867208672086,1162.5541666666666,Critical,Immediate,Gearbox bearings damaged
21,2023-10-02,0.0,18.378557,47.92805,0.99998283,0.99989915,288,100.0,89.78854,3.0416666666666665,288,0,288,10.846527777777778,0.7345382791327913,1629.3131944444444,Critical,Immediate,Gearbox bearings damaged
21,2023-10-03,0.0,11.235471,35.59192,0.9999875,0.99986106,288,100.0,93.75868,2.0416666666666665,288,0,288,11.31388888888889,0.7745890921409214,1629.929861111111,Critical,Immediate,Gearbox bearings damaged
21,2023-10-04,0.0,17.918665,57.65081,0.99997115,0.99984264,288,100.0,90.046875,1.0416666666666667,288,0,288,10.72013888888889,0.691854674796748,1611.9569444444444,Critical,Immediate,Gearbox bearings damaged
21,2023-10-05,0.0,4.926725,28.552097,0.9999434,0.9998151,288,100.0,97.26458,0.041666666666666664,288,0,288,11.461111111111112,0.8183966802168022,1620.4388888888889,Critical,Immediate,Gearbox bearings damaged
21,2023-10-06,2.383467,67.11314,110.38516,0.9995627,0.94012654,288,98.7,62.71597,0.041666666666666664,288,270,288,4.578472222222222,0.11783096205962058,915.0444444444444,Critical,Immediate,Gearbox bearings damaged
21,2023-10-07,27.212917,68.20651,96.13824,0.99872226,0.9719264,288,84.9,62.1118,2.3333333333333335,288,288,288,5.840277777777778,0.2951178861788618,1051.0618055555556,Warning,Immediate,Gearbox failure
21,2023-10-08,14.847179,39.43162,67.79688,0.99976474,0.9958064,288,91.8,78.09375,1.3333333333333333,288,288,288,8.502777777777778,0.5161476964769647,1526.5027777777777,Warning,Immediate,Gearbox failure
21,2023-10-09,34.9711,85.0085,111.25074,0.9518548,0.2858525,88,80.6,52.771873,0.3333333333333333,288,288,288,3.7319444444444443,0.04162635501355013,813.0416666666666,Monitor,Immediate,Gearbox failure
21,2023-10-10,78.924774,96.054474,113.43024,0.19037294,0.07414487,0,56.2,46.638195,0.041666666666666664,94,288,288,5.676388888888889,0.1758011517615176,1224.8368055555557,Monitor,Schedule,Gearbox failure
21,2023-10-11,64.56396,89.41389,107.10648,0.23892535,0.028474191,0,64.1,50.32639,180.0,0,288,288,7.438194444444444,0.3740531842818428,1487.3743055555556,Monitor,Schedule,Healthy
21,2023-10-12,64.8449,96.998955,123.81994,0.007928713,0.0010849962,0,64.0,46.111805,180.0,0,288,288,6.426388888888889,0.3138861788617886,1231.7236111111113,Monitor,Schedule,Healthy
21,2023-10-13,67.96386,86.32897,105.090515,0.005086664,0.0017039698,0,62.2,52.03785,180.0,0,288,288,5.9118055555555555,0.18483807588075876,1323.7798611111111,Monitor,Schedule,Healthy
21,2023-10-14,49.297264,77.672714,90.57505,0.00012038291,2.0416344e-05,0,72.6,56.846527,180.0,0,288,288,6.286111111111111,0.23718462059620593,1357.4319444444445,Monitor,Schedule,Healthy
21,2023-10-15,22.553751,56.860874,80.484886,0.03714874,0.004518276,0,87.5,68.408676,180.0,0,288,288,10.874305555555557,0.6831409214092141,1604.3034722222224,Warning,Plan Soon,Healthy
21,2023-10-16,17.38825,66.2603,96.81625,0.09112743,0.02243187,0,90.3,63.18889,180.0,0,288,288,10.440972222222221,0.754070460704607,1639.6354166666667,Warning,Plan Soon,Healthy
21,2023-10-17,72.928154,133.17671,174.53354,0.5229339,0.032071184,2,59.5,26.011112,180.0,0,196,288,6.872916666666667,0.1919739159891599,1111.763888888889,Monitor,Immediate,Healthy
21,2023-10-18,144.7273,169.50476,180.0,0.010875252,0.003568007,0,19.6,5.827778,180.0,0,0,288,6.000694444444445,0.19081165311653114,1170.5715277777776,Healthy,No Action,Healthy
21,2023-10-19,163.24979,178.28539,180.0,0.0033886186,0.0007872292,0,9.3,0.95173615,180.0,0,0,288,5.93125,0.2290362466124661,1299.6541666666667,Healthy,No Action,Healthy
21,2023-10-20,175.17416,179.45853,180.0,0.00020730413,5.2061052e-05,0,2.7,0.30082646,180.0,0,0,242,3.0818181818181816,0.021317476315259026,633.6152892561984,Healthy,No Action,Healthy
21,2023-10-21,178.68483,179.75545,180.0,7.587082e-05,3.621933e-05,0,0.7,0.13773586,180.0,0,0,53,2.1018867924528304,-0.002121491026230972,197.19622641509434,Healthy,No Action,Healthy
